"Time (s)","Gravity X (m/s^2)","Gravity Y (m/s^2)","Gravity Z (m/s^2)"
1.173099992E-2,7.280690975E0,-5.153182145E0,-4.083182903E0
2.175299986E-2,7.263260425E0,-5.158701916E0,-4.107184262E0
3.177499981E-2,7.251364850E0,-5.166096305E0,-4.118888926E0
4.179699998E-2,7.244634120E0,-5.175080552E0,-4.119452890E0
5.181999994E-2,7.241089538E0,-5.184833123E0,-4.113421487E0
6.184199988E-2,7.238921975E0,-5.196277294E0,-4.102783355E0
7.186399982E-2,7.238108042E0,-5.208837698E0,-4.088264134E0
8.188600000E-2,7.238767024E0,-5.221250167E0,-4.071223593E0
9.190799994E-2,7.240695435E0,-5.232930565E0,-4.052761594E0
1.019299999E-1,7.242828500E0,-5.243872460E0,-4.034762987E0
1.119529998E-1,7.245218257E0,-5.252358524E0,-4.019406153E0
1.219749998E-1,7.249162204E0,-5.255619516E0,-4.008023963E0
1.319970000E-1,7.255460240E0,-5.252360862E0,-4.000887436E0
1.420189999E-1,7.264097162E0,-5.243469586E0,-3.996878000E0
1.520409998E-1,7.273704722E0,-5.231955834E0,-3.994489997E0
1.620629998E-1,7.282253936E0,-5.221539019E0,-3.992549014E0
1.720860000E-1,7.288789369E0,-5.214887227E0,-3.989312873E0
1.821079999E-1,7.294438949E0,-5.213707843E0,-3.980517491E0
1.921299999E-1,7.300700147E0,-5.217848842E0,-3.963573137E0
2.021519998E-1,7.308593304E0,-5.225789945E0,-3.938485073E0
2.121740000E-1,7.318718927E0,-5.235330847E0,-3.906883504E0
2.221959999E-1,7.330512761E0,-5.245269944E0,-3.871280685E0
2.322189999E-1,7.343787110E0,-5.254213845E0,-3.833810558E0
2.422409998E-1,7.359143652E0,-5.260087373E0,-3.796126715E0
2.522630000E-1,7.376788210E0,-5.261749152E0,-3.759397722E0
2.622849999E-1,7.395163670E0,-5.259485110E0,-3.726321777E0
2.723069999E-1,7.412311215E0,-5.254019133E0,-3.699866342E0
2.823289998E-1,7.427043275E0,-5.245803795E0,-3.681941410E0
2.923510000E-1,7.438866929E0,-5.235360083E0,-3.672927343E0
3.023740000E-1,7.447238973E0,-5.224206519E0,-3.671842684E0
3.123959999E-1,7.451775243E0,-5.212805618E0,-3.678827768E0
3.224179999E-1,7.453343466E0,-5.201235148E0,-3.692003591E0
3.324399998E-1,7.450923303E0,-5.191629342E0,-3.710372035E0
3.424620000E-1,7.442223231E0,-5.185778618E0,-3.735919982E0
3.524839999E-1,7.427553152E0,-5.183411665E0,-3.768261516E0
3.625069999E-1,7.404402271E0,-5.186589627E0,-3.809230325E0
3.725289998E-1,7.372488753E0,-5.194455886E0,-3.860074789E0
3.825510000E-1,7.332792006E0,-5.205603603E0,-3.920198784E0
3.925729999E-1,7.288321592E0,-5.216303422E0,-3.988316215E0
4.025949999E-1,7.241920427E0,-5.224104778E0,-4.061944647E0
4.126169998E-1,7.199769604E0,-5.225428002E0,-4.134522626E0
4.226400000E-1,7.169575751E0,-5.216805698E0,-4.197404460E0
4.326619999E-1,7.153704654E0,-5.200173293E0,-4.244856662E0
4.426839999E-1,7.149662474E0,-5.181592596E0,-4.274289207E0
4.527059998E-1,7.153072570E0,-5.166970464E0,-4.286266643E0
4.627279998E-1,7.159526727E0,-5.158496094E0,-4.285700633E0
4.727500000E-1,7.165532402E0,-5.153335927E0,-4.281870414E0
4.827719999E-1,7.171245716E0,-5.148049459E0,-4.278659708E0
4.927949999E-1,7.179839954E0,-5.142453673E0,-4.270967111E0
5.028169998E-1,7.191784061E0,-5.134488012E0,-4.260443585E0
5.128390000E-1,7.204443868E0,-5.122072034E0,-4.253994983E0
5.228609999E-1,7.215608541E0,-5.104216391E0,-4.256535306E0
5.328829999E-1,7.224217397E0,-5.080419978E0,-4.270376250E0
5.429059998E-1,7.231481978E0,-5.052076769E0,-4.291652513E0
5.529280000E-1,7.238827835E0,-5.016950791E0,-4.320376668E0
5.629499999E-1,7.248588007E0,-4.972493826E0,-4.355272851E0
5.729719999E-1,7.263636401E0,-4.921068149E0,-4.388481528E0
5.829939998E-1,7.286800146E0,-4.865340383E0,-4.412152518E0
5.930160000E-1,7.319187289E0,-4.810856904E0,-4.418283032E0
6.030379999E-1,7.357985319E0,-4.766888182E0,-4.401467901E0
6.130609999E-1,7.399066102E0,-4.737888623E0,-4.363747805E0
6.230829998E-1,7.441101735E0,-4.723844196E0,-4.307131263E0
6.331049998E-1,7.484938311E0,-4.720379428E0,-4.234363249E0
6.431270000E-1,7.529432698E0,-4.722351402E0,-4.152485857E0
6.531489999E-1,7.570834494E0,-4.727183541E0,-4.070906674E0
6.631709998E-1,7.602549207E0,-4.736386766E0,-4.000496842E0
6.731939998E-1,7.620605409E0,-4.749481898E0,-3.950305805E0
6.832160000E-1,7.626095944E0,-4.762389334E0,-3.924081042E0
6.932379999E-1,7.622406351E0,-4.773358126E0,-3.917918954E0
7.032599999E-1,7.613730252E0,-4.782101760E0,-3.924121096E0
7.132825833E-1,7.604828451E0,-4.788597724E0,-3.933449744E0
7.233045832E-1,7.599349025E0,-4.791736217E0,-3.940213803E0
7.333275832E-1,7.598742085E0,-4.792798071E0,-3.940090134E0
7.433495831E-1,7.601460455E0,-4.794116911E0,-3.933231058E0
7.533715833E-1,7.604895694E0,-4.798233058E0,-3.921562647E0
7.633935832E-1,7.608467174E0,-4.805192707E0,-3.906078635E0
7.734155832E-1,7.614489221E0,-4.813142581E0,-3.884495100E0
7.834375831E-1,7.625356856E0,-4.820995684E0,-3.853314530E0
7.934605833E-1,7.642880377E0,-4.827245480E0,-3.810535716E0
8.034825833E-1,7.667085510E0,-4.830142776E0,-3.757875984E0
8.135045832E-1,7.695103029E0,-4.828838847E0,-3.701865798E0
8.235265831E-1,7.723029331E0,-4.824938754E0,-3.648406751E0
8.335485833E-1,7.748575231E0,-4.819647901E0,-3.600925314E0
8.435705833E-1,7.771258920E0,-4.814779801E0,-3.558308467E0
8.535925832E-1,7.792312405E0,-4.809032865E0,-3.519829695E0
8.636155832E-1,7.812790523E0,-4.804236394E0,-3.480770587E0
8.736375833E-1,7.831948341E0,-4.802865222E0,-3.439354466E0
8.836595833E-1,7.849812169E0,-4.804743933E0,-3.395731606E0
8.936815832E-1,7.866740443E0,-4.807686836E0,-3.352113716E0
9.037035832E-1,7.882884606E0,-4.809750319E0,-3.310977092E0
9.137265831E-1,7.897999658E0,-4.811003377E0,-3.272916981E0
9.237485833E-1,7.910557138E0,-4.812925649E0,-3.239593991E0
9.337705832E-1,7.919663592E0,-4.815640512E0,-3.213198490E0
9.437925832E-1,7.927294208E0,-4.817288842E0,-3.191840951E0
9.538145831E-1,7.934245378E0,-4.817556059E0,-3.174113947E0
9.638365833E-1,7.939830054E0,-4.817748725E0,-3.159830661E0
9.738585833E-1,7.944452863E0,-4.818233167E0,-3.147446843E0
9.838815832E-1,7.948818979E0,-4.818500385E0,-3.135989516E0
9.939035831E-1,7.954029433E0,-4.817053784E0,-3.124978624E0
1.003925583E0,7.960426871E0,-4.814526909E0,-3.112560892E0
1.013947583E0,7.967273376E0,-4.811681947E0,-3.099416936E0
1.023969583E0,7.974365464E0,-4.807409678E0,-3.087784193E0
1.033991583E0,7.981570403E0,-4.801944871E0,-3.077658862E0
1.044014583E0,7.988219272E0,-4.794632927E0,-3.071797906E0
1.054036583E0,7.993380609E0,-4.786061494E0,-3.071738556E0
1.064058583E0,7.996135817E0,-4.778435263E0,-3.076439718E0
1.074080583E0,7.995041803E0,-4.771515668E0,-3.089991225E0
1.084102583E0,7.988662491E0,-4.766247619E0,-3.114524095E0
1.094124583E0,7.977130027E0,-4.764821776E0,-3.146099937E0
1.104147583E0,7.961108072E0,-4.768873896E0,-3.180360235E0
1.114169583E0,7.941838573E0,-4.776216245E0,-3.217307621E0
1.124191583E0,7.923482409E0,-4.783855047E0,-3.251039331E0
1.134213583E0,7.909902835E0,-4.786911679E0,-3.279484281E0
1.144235583E0,7.904296525E0,-4.781793904E0,-3.300406496E0
1.154257583E0,7.907525942E0,-4.767976348E0,-3.312637409E0
1.164279583E0,7.916954577E0,-4.746371179E0,-3.321129028E0
1.174302583E0,7.928335598E0,-4.721842402E0,-3.328935061E0
1.184324583E0,7.938513846E0,-4.699638185E0,-3.336087960E0
1.194346583E0,7.946373673E0,-4.682540926E0,-3.341415066E0
1.204368583E0,7.951985831E0,-4.672672873E0,-3.341881089E0
1.214390583E0,7.956273009E0,-4.672335196E0,-3.332129980E0
1.224412583E0,7.957585709E0,-4.680207887E0,-3.317917153E0
1.234435583E0,7.954815883E0,-4.693961416E0,-3.305108242E0
1.244457583E0,7.949200217E0,-4.713063684E0,-3.291406169E0
1.254479583E0,7.943281081E0,-4.737053056E0,-3.271193222E0
1.264501583E0,7.938175877E0,-4.761479507E0,-3.248036786E0
1.274523583E0,7.934682165E0,-4.782630056E0,-3.225421218E0
1.284545583E0,7.932251478E0,-4.800844717E0,-3.204274762E0
1.294568583E0,7.927112945E0,-4.819831503E0,-3.188454828E0
1.304590583E0,7.914657206E0,-4.844505292E0,-3.181993070E0
1.314612583E0,7.893228915E0,-4.876258011E0,-3.186712942E0
1.324634583E0,7.864620827E0,-4.914040380E0,-3.199377427E0
1.334656583E0,7.832749994E0,-4.955335171E0,-3.213842854E0
1.344678583E0,7.801262738E0,-4.996289654E0,-3.226993534E0
1.354701583E0,7.772040693E0,-5.033562146E0,-3.239560370E0
1.364723583E0,7.744394472E0,-5.064896790E0,-3.256878946E0
1.374745583E0,7.714145656E0,-5.092189838E0,-3.285979661E0
1.384767583E0,7.681868441E0,-5.117560322E0,-3.321980090E0
1.394789583E0,7.653802391E0,-5.136888294E0,-3.356748512E0
1.404811583E0,7.631896382E0,-5.148775098E0,-3.388267343E0
1.414834583E0,7.612063211E0,-5.158314246E0,-3.418240755E0
1.424856583E0,7.593570222E0,-5.167093840E0,-3.445998657E0
1.434878583E0,7.581548932E0,-5.172068651E0,-3.464956208E0
1.444900583E0,7.582585058E0,-5.170427338E0,-3.465141272E0
1.454922583E0,7.597810038E0,-5.164681279E0,-3.440266924E0
1.464944583E0,7.621462026E0,-5.160183016E0,-3.394396102E0
1.474966583E0,7.648574395E0,-5.159139288E0,-3.334474713E0
1.484989583E0,7.676401294E0,-5.162960443E0,-3.263867538E0
1.495011583E0,7.703037116E0,-5.173600622E0,-3.183268640E0
1.505033583E0,7.726566896E0,-5.190410197E0,-3.097728553E0
1.515055583E0,7.744242445E0,-5.210473748E0,-3.018905455E0
1.525077583E0,7.755248074E0,-5.231555300E0,-2.953480082E0
1.535099583E0,7.760613479E0,-5.250718964E0,-2.904984444E0
1.545122583E0,7.760559100E0,-5.266766648E0,-2.875938108E0
1.555144583E0,7.755335782E0,-5.281236752E0,-2.863461320E0
1.565166583E0,7.746658514E0,-5.292670982E0,-2.865838797E0
1.575188583E0,7.736866767E0,-5.297386762E0,-2.883517854E0
1.585210583E0,7.724961836E0,-5.295572371E0,-2.918555247E0
1.595232583E0,7.707742370E0,-5.290645507E0,-2.972520955E0
1.605255583E0,7.683622606E0,-5.285140353E0,-3.043901132E0
1.615277583E0,7.652568043E0,-5.279008378E0,-3.131514350E0
1.625299583E0,7.615300230E0,-5.272047268E0,-3.232462435E0
1.635321583E0,7.572993870E0,-5.263670547E0,-3.343597247E0
1.645343583E0,7.529718043E0,-5.252267892E0,-3.457334654E0
1.655365583E0,7.491460295E0,-5.236156474E0,-3.563249949E0
1.665387583E0,7.462095578E0,-5.215691804E0,-3.653740874E0
1.675410583E0,7.441579453E0,-5.193586990E0,-3.726348967E0
1.685432583E0,7.426639232E0,-5.173001867E0,-3.784335512E0
1.695454583E0,7.413402890E0,-5.156112769E0,-3.833019429E0
1.705476583E0,7.400967616E0,-5.143713164E0,-3.873502335E0
1.715498833E0,7.389819315E0,-5.135956247E0,-3.904947491E0
1.725520833E0,7.380607612E0,-5.132138016E0,-3.927322739E0
1.735543833E0,7.377620269E0,-5.128709793E0,-3.937405093E0
1.745565833E0,7.384276155E0,-5.119240812E0,-3.937247803E0
1.755587833E0,7.397524776E0,-5.102620686E0,-3.933949388E0
1.765609833E0,7.412534578E0,-5.081606963E0,-3.932902444E0
1.775631833E0,7.429728901E0,-5.055352964E0,-3.934287942E0
1.785653833E0,7.453141152E0,-5.020992971E0,-3.934005814E0
1.795676833E0,7.483854822E0,-4.976881576E0,-3.931755513E0
1.805698833E0,7.520378870E0,-4.927764965E0,-3.923920829E0
1.815720833E0,7.564178023E0,-4.884137135E0,-3.894168441E0
1.825742833E0,7.616137551E0,-4.851923654E0,-3.832678244E0
1.835764833E0,7.672084880E0,-4.834784296E0,-3.741665456E0
1.845786833E0,7.727077943E0,-4.834515908E0,-3.627102421E0
1.855808833E0,7.779246801E0,-4.847466029E0,-3.495925693E0
1.865831833E0,7.829724060E0,-4.873418311E0,-3.343840783E0
1.875853833E0,7.878047204E0,-4.913412389E0,-3.167152252E0
1.885875833E0,7.922456222E0,-4.963525951E0,-2.972238826E0
1.895897833E0,7.960150298E0,-5.017344893E0,-2.774596505E0
1.905919833E0,7.988701667E0,-5.068964698E0,-2.592741959E0
1.915941833E0,8.006045678E0,-5.118465471E0,-2.437342701E0
1.925964833E0,8.011427456E0,-5.168464428E0,-2.310860118E0
1.935986833E0,8.009127746E0,-5.215110590E0,-2.211920697E0
1.946008833E0,8.006316989E0,-5.253520365E0,-2.129670838E0
1.956030833E0,8.003195161E0,-5.288602490E0,-2.053208553E0
1.966052833E0,7.994499182E0,-5.331553212E0,-1.974489390E0
1.976074833E0,7.973895932E0,-5.391035183E0,-1.894685421E0
1.986096833E0,7.939332456E0,-5.465562040E0,-1.825031049E0
1.996119833E0,7.896512711E0,-5.544104764E0,-1.773161568E0
2.006141833E0,7.852920549E0,-5.613570271E0,-1.748029066E0
2.016163833E0,7.808962936E0,-5.668693727E0,-1.766951387E0
2.026185833E0,7.756357291E0,-5.717261869E0,-1.840639460E0
2.036207833E0,7.688305641E0,-5.771360893E0,-1.953830153E0
2.046229833E0,7.605382767E0,-5.831986579E0,-2.093369716E0
2.056252833E0,7.513214276E0,-5.896071478E0,-2.241432326E0
2.066274833E0,7.422711657E0,-5.964578626E0,-2.358651019E0
2.076296833E0,7.346499633E0,-6.034837600E0,-2.417808323E0
2.086318833E0,7.290216089E0,-6.105304150E0,-2.411246432E0
2.096340833E0,7.255262019E0,-6.174641018E0,-2.339027617E0
2.106362833E0,7.237316329E0,-6.239372034E0,-2.219817070E0
2.116385833E0,7.226168613E0,-6.300522800E0,-2.078943465E0
2.126407833E0,7.211817791E0,-6.363931176E0,-1.930328878E0
2.136429833E0,7.187160668E0,-6.433193200E0,-1.787412987E0
2.146451833E0,7.149021619E0,-6.507972071E0,-1.665496348E0
2.156473833E0,7.097389535E0,-6.587599454E0,-1.570575719E0
2.166495833E0,7.036496047E0,-6.668830143E0,-1.500165010E0
2.176517833E0,6.974768745E0,-6.744471479E0,-1.449409278E0
2.186540833E0,6.919213180E0,-6.809283772E0,-1.412178740E0
2.196562833E0,6.874100157E0,-6.862287027E0,-1.375463488E0
2.206584833E0,6.839703911E0,-6.905865741E0,-1.327991552E0
2.216606833E0,6.810803463E0,-6.945585877E0,-1.268019146E0
2.226628833E0,6.779214465E0,-6.988180504E0,-1.201528265E0
2.236650833E0,6.738300912E0,-7.038979359E0,-1.133221384E0
2.246673833E0,6.687127250E0,-7.098119268E0,-1.065429496E0
2.256695833E0,6.630215716E0,-7.160960464E0,-9.984821662E-1
2.266717833E0,6.574610449E0,-7.221425936E0,-9.282204149E-1
2.276739833E0,6.526465645E0,-7.274742018E0,-8.482180063E-1
2.286761833E0,6.487204515E0,-7.319783120E0,-7.570145253E-1
2.296783833E0,6.453609923E0,-7.359063545E0,-6.566744775E-1
2.306805833E0,6.421419831E0,-7.395875276E0,-5.500131875E-1
2.316828833E0,6.386174569E0,-7.433530176E0,-4.421463844E-1
2.326850833E0,6.347032723E0,-7.472356272E0,-3.393756124E-1
2.336872833E0,6.306703892E0,-7.510052102E0,-2.463807638E-1
2.346894833E0,6.267005975E0,-7.545413139E0,-1.657763844E-1
2.356916833E0,6.226999910E0,-7.579620520E0,-9.965585967E-2
2.366938833E0,6.184087195E0,-7.615192641E0,-4.466409381E-2
2.376961833E0,6.138326300E0,-7.652256972E0,4.026714752E-3
2.386983833E0,6.091798251E0,-7.689186816E0,4.970216902E-2
2.397005833E0,6.046626756E0,-7.724331506E0,9.551450523E-2
2.407027833E0,6.004699296E0,-7.756100013E0,1.503386296E-1
2.417049833E0,5.967675896E0,-7.782977325E0,2.195736737E-1
2.427071833E0,5.936024333E0,-7.804404446E0,3.016426710E-1
2.437093833E0,5.908354139E0,-7.821481825E0,3.897226608E-1
2.447116833E0,5.882587799E0,-7.836049578E0,4.770483781E-1
2.457138833E0,5.854244006E0,-7.851804900E0,5.595331855E-1
2.467160833E0,5.818929162E0,-7.872473638E0,6.327047671E-1
2.477182833E0,5.778399771E0,-7.896583462E0,7.001208246E-1
2.487204833E0,5.738704779E0,-7.918815161E0,7.718287385E-1
2.497226833E0,5.705959786E0,-7.934426642E0,8.502940603E-1
2.507249833E0,5.676814924E0,-7.945601841E0,9.366337542E-1
2.517271833E0,5.642109945E0,-7.958842860E0,1.029315265E0
2.527293833E0,5.597882776E0,-7.977026532E0,1.125555319E0
2.537315833E0,5.545497571E0,-7.999294483E0,1.222641391E0
2.547337833E0,5.489541471E0,-8.022699718E0,1.318078329E0
2.557359833E0,5.434326214E0,-8.045678691E0,1.404014711E0
2.567381833E0,5.381115966E0,-8.068908509E0,1.473908527E0
2.577404833E0,5.328541896E0,-8.093578497E0,1.528640219E0
2.587426833E0,5.274008424E0,-8.121197820E0,1.570694125E0
2.597448833E0,5.219985999E0,-8.150632703E0,1.598448080E0
2.607470833E0,5.172980232E0,-8.177384300E0,1.614544880E0
2.617492833E0,5.134901994E0,-8.198672258E0,1.628083524E0
2.627514833E0,5.102142384E0,-8.215146788E0,1.647909239E0
2.637537833E0,5.068285251E0,-8.230486958E0,1.675611593E0
2.647559833E0,5.028220714E0,-8.248083569E0,1.709447822E0
2.657581833E0,4.979913942E0,-8.267278808E0,1.757462818E0
2.667603833E0,4.921701987E0,-8.286838329E0,1.827909780E0
2.677625833E0,4.855782524E0,-8.306319498E0,1.913772341E0
2.687647833E0,4.791714875E0,-8.321890633E0,2.005422184E0
2.697669833E0,4.737929554E0,-8.330295421E0,2.096261164E0
2.707692833E0,4.697872326E0,-8.332922575E0,2.174508750E0
2.717714583E0,4.671323920E0,-8.332184656E0,2.233725111E0
2.727736583E0,4.653399281E0,-8.331409900E0,2.273671534E0
2.737758583E0,4.637303942E0,-8.336530307E0,2.287746221E0
2.747780583E0,4.628124983E0,-8.345725638E0,2.272758491E0
2.757802583E0,4.636849906E0,-8.352459292E0,2.229833935E0
2.767825583E0,4.666284790E0,-8.347075176E0,2.188196058E0
2.777847583E0,4.704053417E0,-8.332141387E0,2.164122048E0
2.787869583E0,4.752318674E0,-8.314479872E0,2.126264104E0
2.797891583E0,4.821245068E0,-8.290895128E0,2.062215166E0
2.807913583E0,4.899492215E0,-8.261369027E0,1.995208267E0
2.817935583E0,4.896573870E0,-8.267582864E0,1.976547609E0
2.827957583E0,4.832676374E0,-8.287904277E0,2.047435159E0
2.837980583E0,4.801601054E0,-8.269017186E0,2.191819139E0
2.848002583E0,4.786940331E0,-8.231121966E0,2.360072916E0
2.858024583E0,4.757113099E0,-8.204667993E0,2.507868162E0
2.868046583E0,4.702560623E0,-8.199954552E0,2.623504161E0
2.878068583E0,4.639383505E0,-8.206047351E0,2.715327081E0
2.888090583E0,4.596681581E0,-8.206888180E0,2.784531802E0
2.898113583E0,4.593841004E0,-8.193492794E0,2.828321600E0
2.908135583E0,4.626178153E0,-8.169941964E0,2.843699192E0
2.918157583E0,4.677655870E0,-8.145449147E0,2.829716746E0
2.928179583E0,4.710999617E0,-8.142439000E0,2.782672972E0
2.938201583E0,4.719353242E0,-8.161046594E0,2.713137591E0
2.948223583E0,4.765083731E0,-8.159809908E0,2.635824244E0
2.958245583E0,4.828595018E0,-8.145264375E0,2.564257540E0
2.968268583E0,4.887084716E0,-8.128998005E0,2.504377959E0
2.978290583E0,4.932870169E0,-8.114284072E0,2.461966350E0
2.988312583E0,4.971438988E0,-8.097529460E0,2.439451354E0
2.998334583E0,5.009388002E0,-8.077461816E0,2.428318547E0
3.008356583E0,5.048145102E0,-8.055014940E0,2.422615758E0
3.018378583E0,5.084550451E0,-8.033434036E0,2.418139860E0
3.028400583E0,5.115217343E0,-8.015421104E0,2.413230538E0
3.038423583E0,5.141386557E0,-8.001085485E0,2.405177022E0
3.048445583E0,5.167096764E0,-7.986890200E0,2.397248051E0
3.058467583E0,5.197532691E0,-7.969370772E0,2.389750751E0
3.068489583E0,5.239448456E0,-7.945539275E0,2.377539719E0
3.078511583E0,5.293786047E0,-7.913094830E0,2.365341111E0
3.088533583E0,5.354287772E0,-7.873944798E0,2.359808914E0
3.098556583E0,5.405074348E0,-7.841200390E0,2.353049971E0
3.108578583E0,5.441259842E0,-7.819345252E0,2.342357899E0
3.118600583E0,5.471755995E0,-7.801180876E0,2.331856300E0
3.128622583E0,5.500485120E0,-7.783728107E0,2.322575891E0
3.138644583E0,5.521683615E0,-7.771521460E0,2.313127814E0
3.148666583E0,5.529861531E0,-7.768819461E0,2.302642002E0
3.158688583E0,5.532887465E0,-7.773479108E0,2.279539800E0
3.168711583E0,5.549285397E0,-7.776849443E0,2.227591674E0
3.178733583E0,5.590924589E0,-7.776330795E0,2.122813955E0
3.188755583E0,5.645494899E0,-7.773824093E0,1.982965221E0
3.198777583E0,5.691366305E0,-7.782088548E0,1.812053008E0
3.208799583E0,5.724758000E0,-7.803886968E0,1.600809625E0
3.218821583E0,5.757431656E0,-7.823051217E0,1.374025219E0
3.228844583E0,5.802563390E0,-7.820082586E0,1.188549858E0
3.238866583E0,5.868745100E0,-7.783806460E0,1.098316941E0
3.248888583E0,5.945288077E0,-7.723197731E0,1.114387648E0
3.258910583E0,6.008612838E0,-7.663852585E0,1.182380899E0
3.268932583E0,6.045232780E0,-7.621999969E0,1.263471474E0
3.278954583E0,6.052588577E0,-7.601964485E0,1.346254161E0
3.288976583E0,6.038037196E0,-7.599950704E0,1.420894746E0
3.298999583E0,6.013031579E0,-7.608808066E0,1.478369514E0
3.309021583E0,5.984649779E0,-7.625730493E0,1.506092771E0
3.319043583E0,5.960542293E0,-7.646985122E0,1.493878961E0
3.329065583E0,5.947727535E0,-7.666139431E0,1.446011461E0
3.339087583E0,5.949398670E0,-7.677680081E0,1.376226988E0
3.349109583E0,5.967453117E0,-7.678777603E0,1.289174373E0
3.359131583E0,6.003136336E0,-7.668697003E0,1.178793048E0
3.369154583E0,6.058720552E0,-7.645746682E0,1.034677089E0
3.379176583E0,6.131541776E0,-7.610548782E0,8.484380078E-1
3.389198583E0,6.213054301E0,-7.566459607E0,6.186615823E-1
3.399220583E0,6.291928563E0,-7.518701888E0,3.418377288E-1
3.409242583E0,6.355602987E0,-7.472742773E0,2.299007337E-2
3.419264583E0,6.393946688E0,-7.433203901E0,-3.178463106E-1
3.429287583E0,6.405984351E0,-7.400834300E0,-6.535691674E-1
3.439309583E0,6.400499663E0,-7.371856084E0,-9.620082582E-1
3.449331583E0,6.391351109E0,-7.339441459E0,-1.232618933E0
3.459353583E0,6.393509316E0,-7.296319998E0,-1.457002764E0
3.469375583E0,6.418183982E0,-7.237306389E0,-1.632315738E0
3.479397583E0,6.468157795E0,-7.160957540E0,-1.766268432E0
3.489419583E0,6.535092042E0,-7.071415034E0,-1.877165262E0
3.499442583E0,6.605496027E0,-6.971280296E0,-2.001194062E0
3.509464583E0,6.669313123E0,-6.859396749E0,-2.169111185E0
3.519486583E0,6.724620767E0,-6.733380480E0,-2.382681175E0
3.529508583E0,6.771658108E0,-6.595846952E0,-2.622128896E0
3.539530583E0,6.809793064E0,-6.446587417E0,-2.881720712E0
3.549552583E0,6.839011016E0,-6.282695809E0,-3.160977300E0
3.559574583E0,6.860549235E0,-6.107763489E0,-3.444441836E0
3.569597583E0,6.877988555E0,-5.925144419E0,-3.717803261E0
3.579619583E0,6.898905800E0,-5.731752439E0,-3.973441483E0
3.589641583E0,6.930728686E0,-5.523848255E0,-4.205734404E0
3.599663583E0,6.975607236E0,-5.302353387E0,-4.411577737E0
3.609685583E0,7.027964959E0,-5.069719573E0,-4.598017378E0
3.619707583E0,7.080649542E0,-4.826814833E0,-4.775181288E0
3.629730583E0,7.128694943E0,-4.574054026E0,-4.949327157E0
3.639752583E0,7.176583055E0,-4.308464720E0,-5.115653545E0
3.649774583E0,7.215384008E0,-4.040322812E0,-5.277326134E0
3.659796583E0,7.235251093E0,-3.801030774E0,-5.425810329E0
3.669818583E0,7.244490863E0,-3.605027720E0,-5.545922078E0
3.679840583E0,7.272584395E0,-3.430592998E0,-5.619308728E0
3.689862583E0,7.341915416E0,-3.244952380E0,-5.639383973E0
3.699885583E0,7.429083368E0,-3.035745436E0,-5.641728122E0
3.709907583E0,7.516519707E0,-2.815336981E0,-5.640200245E0
3.719933708E0,7.605102686E0,-2.595333445E0,-5.626967411E0
3.729955708E0,7.687601051E0,-2.382358848E0,-5.609034585E0
3.739977708E0,7.747490573E0,-2.184338504E0,-5.607239490E0
3.749999708E0,7.798616288E0,-2.015988395E0,-5.599415916E0
3.760022708E0,7.850096928E0,-1.873523032E0,-5.576914660E0
3.770044708E0,7.889231173E0,-1.735221764E0,-5.566429433E0
3.780066708E0,7.919261888E0,-1.585080176E0,-5.568561328E0
3.790088708E0,7.947247247E0,-1.423167705E0,-5.572427507E0
3.800110708E0,7.976829481E0,-1.265607170E0,-5.568167810E0
3.810132708E0,8.015614062E0,-1.094767170E0,-5.548648050E0
3.820154708E0,8.054298071E0,-9.131766254E-1,-5.525439282E0
3.830177708E0,8.069064045E0,-7.316273037E-1,-5.530914615E0
3.840199708E0,8.047144588E0,-5.668071583E-1,-5.581961977E0
3.850221708E0,8.009196158E0,-4.431321153E-1,-5.647342034E0
3.860243708E0,7.996764978E0,-3.599348247E-1,-5.670833223E0
3.870265708E0,8.036721926E0,-3.069558349E-1,-5.617208408E0
3.880287708E0,8.116682600E0,-2.700826352E-1,-5.502962000E0
3.890309708E0,8.194974478E0,-2.286579080E-1,-5.387597020E0
3.900332708E0,8.250902511E0,-1.759359399E-1,-5.303559667E0
3.910354708E0,8.323494524E0,-1.556640452E-1,-5.189540132E0
3.920376708E0,8.421807854E0,-1.287775700E-1,-5.029183751E0
3.930398708E0,8.492888362E0,-3.208420219E-2,-4.909781853E0
3.940420708E0,8.517641380E0,8.291033853E-2,-4.866106660E0
3.950442708E0,8.517801594E0,1.588084950E-1,-4.863942313E0
3.960465708E0,8.481250064E0,1.996825973E-1,-4.925916660E0
3.970487708E0,8.406918504E0,2.193358200E-1,-5.050911419E0
3.980509708E0,8.336300511E0,2.419494149E-1,-5.165623266E0
3.990531708E0,8.303773620E0,2.853886175E-1,-5.215553809E0
4.000553708E0,8.306401359E0,3.412829376E-1,-5.208008562E0
4.010575708E0,8.317963643E0,3.901655143E-1,-5.186074487E0
4.020597708E0,8.330241042E0,4.315089469E-1,-5.163042305E0
4.030620708E0,8.343035919E0,4.677133348E-1,-5.139167538E0
4.040642708E0,8.344991228E0,4.910038180E-1,-5.133826692E0
4.050664708E0,8.332496313E0,4.818179884E-1,-5.154943326E0
4.060686708E0,8.308140321E0,4.362104372E-1,-5.198139632E0
4.070708708E0,8.278359867E0,3.618242793E-1,-5.251092601E0
4.080730708E0,8.254089244E0,2.602987085E-1,-5.295126228E0
4.090753708E0,8.241566262E0,1.417584802E-1,-5.319074669E0
4.100775708E0,8.244238440E0,1.704572084E-2,-5.316800103E0
4.110797708E0,8.267145492E0,-1.147719537E-1,-5.279893062E0
4.120819708E0,8.306007841E0,-2.516439522E-1,-5.213729478E0
4.130841708E0,8.352456368E0,-3.945306070E-1,-5.130002028E0
4.140863708E0,8.394008437E0,-5.347210740E-1,-5.048839166E0
4.150885708E0,8.426821842E0,-6.686356149E-1,-4.977721236E0
4.160908708E0,8.447215760E0,-8.034350587E-1,-4.922923470E0
4.170930708E0,8.446719332E0,-9.489410468E-1,-4.897807925E0
4.180952708E0,8.423842685E0,-1.113776541E0,-4.902495345E0
4.190974708E0,8.389381535E0,-1.285856516E0,-4.919450809E0
4.200996708E0,8.365888007E0,-1.457359737E0,-4.911633666E0
4.211018708E0,8.359855435E0,-1.621253099E0,-4.870366942E0
4.221040708E0,8.361097968E0,-1.780077070E0,-4.812430098E0
4.231063708E0,8.350452527E0,-1.936355749E0,-4.770385109E0
4.241085708E0,8.322298184E0,-2.082324910E0,-4.758087830E0
4.251107708E0,8.290285848E0,-2.220336741E0,-4.751567892E0
4.261129708E0,8.263664060E0,-2.357010729E0,-4.732064796E0
4.271151708E0,8.232165109E0,-2.507401262E0,-4.709619382E0
4.281173708E0,8.177993580E0,-2.672807883E0,-4.713026847E0
4.291196708E0,8.098292522E0,-2.839402658E0,-4.753057762E0
4.301218708E0,8.013980350E0,-3.007483504E0,-4.792415956E0
4.311240708E0,7.939968048E0,-3.170564687E0,-4.810463387E0
4.321262708E0,7.884037092E0,-3.319028416E0,-4.802304474E0
4.331284708E0,7.844863086E0,-3.452125370E0,-4.772533668E0
4.341306708E0,7.820128194E0,-3.567203836E0,-4.728292758E0
4.351328708E0,7.806135807E0,-3.668964392E0,-4.673230112E0
4.361351708E0,7.792815850E0,-3.768867872E0,-4.615596447E0
4.371373708E0,7.757600409E0,-3.871630349E0,-4.589798239E0
4.381395708E0,7.683524373E0,-3.981958829E0,-4.619911399E0
4.391417708E0,7.583346366E0,-4.113122694E0,-4.670247155E0
4.401439708E0,7.479860589E0,-4.254494920E0,-4.710314616E0
4.411461708E0,7.388482642E0,-4.383640618E0,-4.736045581E0
4.421483708E0,7.315318186E0,-4.498391640E0,-4.742015588E0
4.431506708E0,7.260012882E0,-4.604947498E0,-4.724699644E0
4.441528708E0,7.217033508E0,-4.709156575E0,-4.687682091E0
4.451550708E0,7.175049915E0,-4.817230662E0,-4.642092812E0
4.461572708E0,7.133128302E0,-4.930392703E0,-4.587571912E0
4.471594708E0,7.103665937E0,-5.043562054E0,-4.509602507E0
4.481616708E0,7.099123235E0,-5.143123180E0,-4.403051620E0
4.491639708E0,7.123075769E0,-5.214692515E0,-4.278419680E0
4.501661708E0,7.166117123E0,-5.262426260E0,-4.146046319E0
4.511683708E0,7.212011334E0,-5.301778021E0,-4.014245400E0
4.521705708E0,7.246981192E0,-5.343152334E0,-3.894623939E0
4.531727708E0,7.261174724E0,-5.392942545E0,-3.798370876E0
4.541749708E0,7.244662187E0,-5.455484948E0,-3.740139917E0
4.551771708E0,7.188554644E0,-5.531356664E0,-3.736961078E0
4.561794708E0,7.088739749E0,-5.622803609E0,-3.790772712E0
4.571816708E0,6.953800045E0,-5.723596743E0,-3.888599553E0
4.581838708E0,6.810098289E0,-5.823875322E0,-3.992639646E0
4.591860708E0,6.693363891E0,-5.915485404E0,-4.054871854E0
4.601882708E0,6.631439538E0,-5.997455181E0,-4.036162811E0
4.611904708E0,6.633069742E0,-6.071563377E0,-3.921044583E0
4.621926708E0,6.684385491E0,-6.142419936E0,-3.718305244E0
4.631949708E0,6.761093359E0,-6.213263631E0,-3.452402528E0
4.641971708E0,6.840345935E0,-6.286266704E0,-3.150975345E0
4.651993708E0,6.902817003E0,-6.362928379E0,-2.846111754E0
4.662015708E0,6.934525868E0,-6.447021865E0,-2.565997964E0
4.672037708E0,6.930681324E0,-6.538623760E0,-2.334135544E0
4.682059708E0,6.897213616E0,-6.633784271E0,-2.158118127E0
4.692082708E0,6.847176068E0,-6.727662488E0,-2.022586831E0
4.702104708E0,6.797079463E0,-6.812879224E0,-1.902765981E0
4.712126708E0,6.761635981E0,-6.881689258E0,-1.777285464E0
4.722144333E0,6.753174475E0,-6.922098196E0,-1.647806474E0
4.732166333E0,6.783788742E0,-6.919282762E0,-1.529662605E0
4.742188333E0,6.860766166E0,-6.865102462E0,-1.427011518E0
4.752210333E0,6.978826128E0,-6.763422890E0,-1.337220651E0
4.762233333E0,7.118526050E0,-6.627862796E0,-1.278318724E0
4.772255333E0,7.254318278E0,-6.476474290E0,-1.290840829E0
4.782277333E0,7.362985858E0,-6.330913119E0,-1.393595850E0
4.792299333E0,7.437071834E0,-6.199430873E0,-1.578958287E0
4.802321333E0,7.486884264E0,-6.068292444E0,-1.832609041E0
4.812343333E0,7.527256365E0,-5.916658355E0,-2.137686640E0
4.822365333E0,7.567346045E0,-5.729109498E0,-2.479659732E0
4.832388333E0,7.606675002E0,-5.498644416E0,-2.852980185E0
4.842410333E0,7.636868269E0,-5.226685154E0,-3.255167758E0
4.852432333E0,7.651685699E0,-4.922966740E0,-3.667729460E0
4.862454333E0,7.656471060E0,-4.604006973E0,-4.051871063E0
4.872476333E0,7.667528145E0,-4.291329455E0,-4.362289510E0
4.882498333E0,7.700421072E0,-4.000390715E0,-4.575639206E0
4.892521333E0,7.772041862E0,-3.734322230E0,-4.678278306E0
4.902543333E0,7.893325394E0,-3.493137740E0,-4.661487442E0
4.912565333E0,8.055168722E0,-3.280675944E0,-4.537350176E0
4.922587333E0,8.223266816E0,-3.100791617E0,-4.358796383E0
4.932609333E0,8.363086022E0,-2.968483452E0,-4.181269653E0
4.942631333E0,8.448305681E0,-2.901390453E0,-4.055144627E0
4.952653333E0,8.469236374E0,-2.893053493E0,-4.017264610E0
4.962676333E0,8.439112104E0,-2.929853237E0,-4.053819356E0
4.972698333E0,8.381257414E0,-3.001256511E0,-4.121052395E0
4.982720333E0,8.312523394E0,-3.092761051E0,-4.192003387E0
4.992742333E0,8.243099402E0,-3.176673858E0,-4.265697016E0
5.002764333E0,8.186586063E0,-3.240981243E0,-4.325730086E0
5.012786333E0,8.144872026E0,-3.282302932E0,-4.373056573E0
5.022808333E0,8.108085439E0,-3.308758951E0,-4.421213071E0
5.032831333E0,8.069874469E0,-3.342175204E0,-4.465767978E0
5.042853333E0,8.029025236E0,-3.402442748E0,-4.493805669E0
5.052875333E0,7.981976200E0,-3.490211209E0,-4.510273475E0
5.062897333E0,7.934141883E0,-3.591135028E0,-4.515444168E0
5.072919333E0,7.898042927E0,-3.682969643E0,-4.504748441E0
5.082941333E0,7.883854074E0,-3.753500513E0,-4.471262898E0
5.092963333E0,7.893203772E0,-3.808358213E0,-4.407926736E0
5.102986333E0,7.909268997E0,-3.865843067E0,-4.328369812E0
5.113008333E0,7.906755279E0,-3.948593155E0,-4.257691593E0
5.123030333E0,7.870306660E0,-4.066661011E0,-4.213865249E0
5.133052333E0,7.806961434E0,-4.212337664E0,-4.188515523E0
5.143074333E0,7.740192663E0,-4.365128918E0,-4.155855900E0
5.153096333E0,7.690829299E0,-4.502641104E0,-4.100424588E0
5.163118333E0,7.671774977E0,-4.611939598E0,-4.013725875E0
5.173141333E0,7.680862135E0,-4.690458349E0,-3.903856693E0
5.183163333E0,7.714754351E0,-4.745978246E0,-3.767539093E0
5.193185333E0,7.766305743E0,-4.779359415E0,-3.616395000E0
5.203207333E0,7.814103223E0,-4.798164938E0,-3.486184524E0
5.213229333E0,7.842013738E0,-4.805805202E0,-3.412202043E0
5.223251333E0,7.856506062E0,-4.801064280E0,-3.385440507E0
5.233273333E0,7.875924665E0,-4.791525425E0,-3.353689541E0
5.243296333E0,7.907122484E0,-4.780146451E0,-3.296015529E0
5.253318333E0,7.935637016E0,-4.765574605E0,-3.248240561E0
5.263340333E0,7.934647082E0,-4.753239611E0,-3.268667517E0
5.273362333E0,7.888763981E0,-4.754987051E0,-3.375440014E0
5.283384333E0,7.810204300E0,-4.769433182E0,-3.534019426E0
5.293406333E0,7.730761104E0,-4.779186338E0,-3.691995113E0
5.303428333E0,7.681586021E0,-4.766154648E0,-3.809609224E0
5.313451333E0,7.673851324E0,-4.718691045E0,-3.883565978E0
5.323473333E0,7.697981613E0,-4.638708151E0,-3.931867195E0
5.333495333E0,7.734176463E0,-4.541670976E0,-3.973894057E0
5.343517333E0,7.760756151E0,-4.441852281E0,-4.034444899E0
5.353539333E0,7.758946438E0,-4.355356759E0,-4.131071599E0
5.363561333E0,7.726274536E0,-4.291244670E0,-4.257465013E0
5.373584333E0,7.676053385E0,-4.249158458E0,-4.388504916E0
5.383606333E0,7.622924414E0,-4.220805310E0,-4.506871565E0
5.393628333E0,7.581344279E0,-4.191792887E0,-4.603062063E0
5.403650333E0,7.556156228E0,-4.153469944E0,-4.678601657E0
5.413672333E0,7.538642063E0,-4.100807288E0,-4.752720086E0
5.423694333E0,7.512786845E0,-4.033685930E0,-4.850101662E0
5.433716333E0,7.465462405E0,-3.964225101E0,-4.978742160E0
5.443739333E0,7.396306216E0,-3.904943398E0,-5.126612982E0
5.453761333E0,7.307910349E0,-3.848458125E0,-5.293386682E0
5.463783333E0,7.191674134E0,-3.799495880E0,-5.484502341E0
5.473805333E0,7.070537952E0,-3.762528614E0,-5.664539280E0
5.483827333E0,6.995004789E0,-3.742404251E0,-5.770651041E0
5.493849333E0,6.993122571E0,-3.739613375E0,-5.774741169E0
5.503871333E0,7.045801306E0,-3.750473701E0,-5.703220950E0
5.513893333E0,7.117468874E0,-3.773004485E0,-5.598410779E0
5.523916333E0,7.192432517E0,-3.800931664E0,-5.482513703E0
5.533938333E0,7.275562967E0,-3.820525099E0,-5.357791423E0
5.543960333E0,7.372655398E0,-3.815234538E0,-5.227241224E0
5.553982333E0,7.481889573E0,-3.772690490E0,-5.101392186E0
5.564004333E0,7.589757838E0,-3.686932301E0,-5.003823792E0
5.574026333E0,7.673119837E0,-3.565459904E0,-4.964556815E0
5.584049333E0,7.700918085E0,-3.438541119E0,-5.010829926E0
5.594071333E0,7.639167395E0,-3.346657387E0,-5.165182385E0
5.604093333E0,7.486817606E0,-3.311901245E0,-5.405087212E0
5.614115333E0,7.309956290E0,-3.331812476E0,-5.630244191E0
5.624137333E0,7.176373140E0,-3.399802145E0,-5.759956484E0
5.634159333E0,7.120072639E0,-3.482329162E0,-5.780488982E0
5.644181333E0,7.155579856E0,-3.552229702E0,-5.693454931E0
5.654204333E0,7.278884186E0,-3.590008562E0,-5.510516018E0
5.664226333E0,7.464146197E0,-3.589834023E0,-5.256968468E0
5.674248333E0,7.668363712E0,-3.556771819E0,-4.978115923E0
5.684270333E0,7.857527570E0,-3.502594442E0,-4.714570220E0
5.694292333E0,8.012408618E0,-3.444887394E0,-4.491122382E0
5.704314333E0,8.119300398E0,-3.399018326E0,-4.331255120E0
5.714336333E0,8.164035106E0,-3.372887119E0,-4.267117012E0
5.724359333E0,8.149400695E0,-3.363851125E0,-4.302079561E0
5.734381333E0,8.090945495E0,-3.359662179E0,-4.414225649E0
5.744403333E0,8.007373581E0,-3.353646564E0,-4.568495078E0
5.754425333E0,7.919232652E0,-3.348018034E0,-4.723626679E0
5.764447333E0,7.839614625E0,-3.328931553E0,-4.867728386E0
5.774469333E0,7.775729116E0,-3.286677526E0,-4.997183109E0
5.784491333E0,7.732492465E0,-3.223959706E0,-5.103994782E0
5.794514333E0,7.716535998E0,-3.146973218E0,-5.175688663E0
5.804536333E0,7.730714911E0,-3.059005952E0,-5.207170656E0
5.814558333E0,7.762027336E0,-2.962395039E0,-5.216438493E0
5.824580333E0,7.791430060E0,-2.867065543E0,-5.225862451E0
5.834602333E0,7.797063852E0,-2.776437794E0,-5.266239229E0
5.844624333E0,7.765450296E0,-2.696362514E0,-5.353831104E0
5.854646333E0,7.704638668E0,-2.639947993E0,-5.468573940E0
5.864669333E0,7.645150266E0,-2.609331387E0,-5.565890320E0
5.874691333E0,7.617822134E0,-2.596463712E0,-5.609209417E0
5.884713333E0,7.628497980E0,-2.576102830E0,-5.604088426E0
5.894735333E0,7.666172175E0,-2.518018344E0,-5.579020243E0
5.904757333E0,7.719813362E0,-2.415992178E0,-5.550096406E0
5.914779333E0,7.777311957E0,-2.285471361E0,-5.525048103E0
5.924801333E0,7.836399826E0,-2.159210387E0,-5.492244639E0
5.934824333E0,7.897164676E0,-2.048591153E0,-5.447396495E0
5.944846333E0,7.956261899E0,-1.939220008E0,-5.401245591E0
5.954868333E0,8.021405729E0,-1.824903141E0,-5.344427612E0
5.964890333E0,8.104215167E0,-1.711699438E0,-5.256223533E0
5.974912333E0,8.199316621E0,-1.597992875E0,-5.143319061E0
5.984934333E0,8.280156131E0,-1.463362781E0,-5.053086584E0
5.994956333E0,8.327931976E0,-1.300659620E0,-5.018961648E0
6.004979333E0,8.348308938E0,-1.137759042E0,-5.024672624E0
6.015001333E0,8.360141364E0,-9.972902112E-1,-5.034833915E0
6.025023333E0,8.391216976E0,-8.786866777E-1,-5.005148771E0
6.035045333E0,8.450677897E0,-7.717661002E-1,-4.922042295E0
6.045067333E0,8.531777608E0,-6.599857557E-1,-4.796799613E0
6.055089333E0,8.621978511E0,-5.299126528E-1,-4.649388675E0
6.065111333E0,8.697593535E0,-3.840851409E-1,-4.521111581E0
6.075134333E0,8.735569446E0,-2.490214395E-1,-4.456897167E0
6.085156333E0,8.736892671E0,-1.555245708E-1,-4.458542866E0
6.095178333E0,8.718724203E0,-1.134375734E-1,-4.495227419E0
6.105200333E0,8.691613587E0,-1.096403184E-1,-4.547522870E0
6.115222333E0,8.658573895E0,-1.349661991E-1,-4.609443422E0
6.125244333E0,8.621190307E0,-1.847874184E-1,-4.677288665E0
6.135266333E0,8.585700046E0,-2.365285161E-1,-4.739820543E0
6.145289333E0,8.550157161E0,-2.706793070E-1,-4.801836112E0
6.155311333E0,8.499571729E0,-2.958622781E-1,-4.889356359E0
6.165333333E0,8.421742365E0,-3.234230194E-1,-5.020534549E0
6.175355333E0,8.334455130E0,-3.521387320E-1,-5.162261701E0
6.185377333E0,8.270580146E0,-3.663171702E-1,-5.263020337E0
6.195399333E0,8.252585340E0,-3.331536268E-1,-5.293386682E0
6.205421333E0,8.290123880E0,-2.427341295E-1,-5.239375366E0
6.215444333E0,8.329664506E0,-1.128069877E-1,-5.180741242E0
6.225466333E0,8.325803590E0,2.434591705E-2,-5.188112242E0
6.235488333E0,8.297503066E0,1.427432700E-1,-5.231364681E0
6.245510333E0,8.279869033E0,2.485799199E-1,-5.255289148E0
6.255532333E0,8.250789075E0,3.436418872E-1,-5.295518577E0
6.265554333E0,8.216315646E0,3.877234612E-1,-5.345833867E0
6.275576333E0,8.216705071E0,4.017866727E-1,-5.344198986E0
6.285599333E0,8.260308927E0,4.103129729E-1,-5.275892982E0
6.295621333E0,8.335887698E0,4.187912529E-1,-5.154970808E0
6.305643333E0,8.380467455E0,4.133328405E-1,-5.082620285E0
6.315665333E0,8.382242085E0,3.681832725E-1,-5.083162322E0
6.325687333E0,8.372275506E0,2.688779260E-1,-5.105762980E0
6.335709333E0,8.386747949E0,1.362838052E-1,-5.087236077E0
6.345732333E0,8.448016829E0,2.767304443E-3,-4.986696128E0
6.355754333E0,8.544765444E0,-1.055417857E-1,-4.817878241E0
6.365776333E0,8.629425525E0,-1.777138406E-1,-4.662356338E0
6.375798333E0,8.682838671E0,-2.336117787E-1,-4.559588307E0
6.385820333E0,8.699131937E0,-2.904458743E-1,-4.525132712E0
6.395842333E0,8.683812232E0,-3.429046994E-1,-4.550815437E0
6.405864333E0,8.650385454E0,-3.940221550E-1,-4.609950668E0
6.415887333E0,8.611883878E0,-4.532326687E-1,-4.676123607E0
6.425909333E0,8.590890620E0,-5.320784615E-1,-4.706338217E0
6.435931333E0,8.592667589E0,-6.294066451E-1,-4.691057981E0
6.445953333E0,8.611875692E0,-7.300052129E-1,-4.640991781E0
6.455975333E0,8.644497893E0,-8.324823450E-1,-4.562425668E0
6.465997333E0,8.670223888E0,-9.425422195E-1,-4.491655648E0
6.476019333E0,8.682273830E0,-1.062396326E0,-4.441344450E0
6.486042333E0,8.688140341E0,-1.196244209E0,-4.395599636E0
6.496064333E0,8.692860214E0,-1.339121874E0,-4.344766866E0
6.506086333E0,8.706974807E0,-1.486005977E0,-4.268078294E0
6.516108333E0,8.722656455E0,-1.622569014E0,-4.185530519E0
6.526130333E0,8.729490096E0,-1.736479207E0,-4.125141353E0
6.536152333E0,8.729530442E0,-1.830518661E0,-4.084189501E0
6.546174333E0,8.709952210E0,-1.909024109E0,-4.090042857E0
6.556197333E0,8.660422785E0,-1.977726700E0,-4.161941974E0
6.566219333E0,8.610547205E0,-2.057172673E0,-4.226417175E0
6.576241333E0,8.578285192E0,-2.147716808E0,-4.246931254E0
6.586263333E0,8.561111335E0,-2.238395867E0,-4.234744195E0
6.596285333E0,8.561144080E0,-2.327913815E0,-4.186133367E0
6.606307333E0,8.581567819E0,-2.416267436E0,-4.093216433E0
6.616329333E0,8.608505357E0,-2.496653202E0,-3.987038598E0
6.626352333E0,8.627704690E0,-2.566392066E0,-3.900316204E0
6.636374333E0,8.636105969E0,-2.633655512E0,-3.836357605E0
6.646396333E0,8.633551905E0,-2.705425991E0,-3.791900932E0
6.656418333E0,8.632478941E0,-2.787365947E0,-3.734570444E0
6.666440333E0,8.637210508E0,-2.874443560E0,-3.656817386E0
6.676462333E0,8.642213970E0,-2.957791526E0,-3.577663921E0
6.686484333E0,8.642820327E0,-3.029296834E0,-3.515834877E0
6.696507333E0,8.636079072E0,-3.082805289E0,-3.485765863E0
6.706529333E0,8.631435213E0,-3.124484535E0,-3.460059457E0
6.716551083E0,8.632222833E0,-3.158250158E0,-3.427289029E0
6.726573083E0,8.636027032E0,-3.185910704E0,-3.391924484E0
6.736595083E0,8.641545634E0,-3.213798415E0,-3.351313232E0
6.746617083E0,8.642563049E0,-3.246059258E0,-3.317429202E0
6.756639083E0,8.639690312E0,-3.294543493E0,-3.276860928E0
6.766662083E0,8.631936319E0,-3.356885921E0,-3.233747945E0
6.776684083E0,8.617686655E0,-3.419634439E0,-3.205887424E0
6.786706083E0,8.602162297E0,-3.476854414E0,-3.185965668E0
6.796728083E0,8.593102621E0,-3.525948806E0,-3.156321162E0
6.806750083E0,8.600269554E0,-3.572582982E0,-3.083521281E0
6.816772083E0,8.621432966E0,-3.618656703E0,-2.968558881E0
6.826794083E0,8.642615674E0,-3.661646017E0,-2.851958969E0
6.836817083E0,8.654871438E0,-3.706109999E0,-2.755723448E0
6.846839083E0,8.653354670E0,-3.748041552E0,-2.703279186E0
6.856861083E0,8.641170242E0,-3.777610922E0,-2.701091742E0
6.866883083E0,8.629652982E0,-3.787479852E0,-2.723999671E0
6.876905083E0,8.626658623E0,-3.775411199E0,-2.750108951E0
6.886927083E0,8.629981011E0,-3.746001166E0,-2.779747318E0
6.896949083E0,8.630765707E0,-3.710336074E0,-2.824784619E0
6.906972083E0,8.625111449E0,-3.681779150E0,-2.878902647E0
6.916994083E0,8.612352240E0,-3.662940298E0,-2.940468273E0
6.927016083E0,8.592579296E0,-3.645424087E0,-3.019028538E0
6.937038083E0,8.574855216E0,-3.629159179E0,-3.088229459E0
6.947060083E0,8.562911693E0,-3.616606961E0,-3.135735455E0
6.957082083E0,8.560309097E0,-3.613768138E0,-3.146095259E0
6.967104083E0,8.571713507E0,-3.620369937E0,-3.107207766E0
6.977127083E0,8.588904905E0,-3.631882520E0,-3.045686872E0
6.987149083E0,8.606699737E0,-3.652726090E0,-2.969579805E0
6.997171083E0,8.627222294E0,-3.680124096E0,-2.874681542E0
7.007193083E0,8.649569183E0,-3.694719623E0,-2.787489031E0
7.017215083E0,8.669583617E0,-3.684227379E0,-2.738782017E0
7.027237083E0,8.683981217E0,-3.650545371E0,-2.738268047E0
7.037259083E0,8.699010900E0,-3.608114465E0,-2.746785686E0
7.047282083E0,8.708551217E0,-3.559646895E0,-2.779598214E0
7.057304083E0,8.701770785E0,-3.505513080E0,-2.868213644E0
7.067326083E0,8.678687147E0,-3.448749772E0,-3.003768767E0
7.077348083E0,8.649810088E0,-3.390308898E0,-3.150028973E0
7.087370083E0,8.637040354E0,-3.339277324E0,-3.238340933E0
7.097392083E0,8.645338722E0,-3.307204761E0,-3.249098640E0
7.107414083E0,8.667693797E0,-3.300391586E0,-3.196026972E0
7.117437083E0,8.693625029E0,-3.311202210E0,-3.113346466E0
7.127459083E0,8.717201588E0,-3.322111360E0,-3.034809296E0
7.137481083E0,8.737270986E0,-3.308681476E0,-2.991463594E0
7.147503083E0,8.755696732E0,-3.264470386E0,-2.986154907E0
7.157525083E0,8.778072857E0,-3.199830878E0,-2.990425714E0
7.167547083E0,8.800563002E0,-3.123270653E0,-3.005231156E0
7.177569083E0,8.817325215E0,-3.045058296E0,-3.036202103E0
7.187592083E0,8.827317522E0,-2.973308575E0,-3.077986599E0
7.197614083E0,8.831792981E0,-2.908826650E0,-3.126381079E0
7.207636083E0,8.835550987E0,-2.845334951E0,-3.173833281E0
7.217658083E0,8.847300382E0,-2.776607071E0,-3.201854015E0
7.227680083E0,8.869582951E0,-2.700830664E0,-3.205014143E0
7.237702083E0,8.898499187E0,-2.624461350E0,-3.188260993E0
7.247724083E0,8.929104098E0,-2.555600153E0,-3.158497788E0
7.257747083E0,8.957438536E0,-2.493011849E0,-3.128140799E0
7.267769083E0,8.983328837E0,-2.433358993E0,-3.100756241E0
7.277791083E0,9.010357592E0,-2.368367191E0,-3.072523837E0
7.287813083E0,9.040303522E0,-2.287801623E0,-3.045486312E0
7.297835083E0,9.069621461E0,-2.179844334E0,-3.037491999E0
7.307857083E0,9.092292286E0,-2.043668236E0,-3.064266107E0
7.317879083E0,9.106217430E0,-1.887935687E0,-3.122271656E0
7.327902083E0,9.113443419E0,-1.716293303E0,-3.199315446E0
7.337924083E0,9.111775208E0,-1.540544712E0,-3.292173032E0
7.347946083E0,9.095342193E0,-1.369062980E0,-3.411232575E0
7.357968083E0,9.069347227E0,-1.201167930E0,-3.541219980E0
7.367990083E0,9.053082027E0,-1.037722903E0,-3.633305732E0
7.378012083E0,9.062493120E0,-8.864232749E-1,-3.649874403E0
7.388034083E0,9.089364000E0,-7.566225426E-1,-3.612078878E0
7.398057083E0,9.118423492E0,-6.458968896E-1,-3.559957090E0
7.408079083E0,9.141894801E0,-5.216814177E-1,-3.519900447E0
7.418101083E0,9.156265503E0,-3.491126518E-1,-3.503860072E0
7.428123083E0,9.153728980E0,-1.339082642E-1,-3.525256788E0
7.438145083E0,9.127594265E0,9.613124030E-2,-3.593592905E0
7.448167083E0,9.075147080E0,3.262557030E-1,-3.710978976E0
7.458189083E0,9.007187816E0,5.523118011E-1,-3.847286928E0
7.468212083E0,8.943570694E0,7.682973126E-1,-3.957064016E0
7.478234083E0,8.878339157E0,9.825399520E-1,-4.055342263E0
7.488256083E0,8.807505401E0,1.201286848E0,-4.149804909E0
7.498278083E0,8.733429950E0,1.421515135E0,-4.235871538E0
7.508300083E0,8.645624651E0,1.638065452E0,-4.336591289E0
7.518322083E0,8.543821118E0,1.847126069E0,-4.452795053E0
7.528344083E0,8.438379448E0,2.042996684E0,-4.566838854E0
7.538367083E0,8.325293713E0,2.229434132E0,-4.685639074E0
7.548389083E0,8.217968654E0,2.403888880E0,-4.787739353E0
7.558411083E0,8.126404765E0,2.554844693E0,-4.865228409E0
7.568433083E0,8.044009311E0,2.676812933E0,-4.936061579E0
7.578455083E0,7.977901860E0,2.765469294E0,-4.994130862E0
7.588477083E0,7.921941082E0,2.821490006E0,-5.051545842E0
7.598499083E0,7.868423856E0,2.855986239E0,-5.115401530E0
7.608522083E0,7.819590835E0,2.882757716E0,-5.174922093E0
7.618544083E0,7.781396238E0,2.916478901E0,-5.213455828E0
7.628566083E0,7.753770483E0,2.960379796E0,-5.229844989E0
7.638588083E0,7.722501912E0,3.011159356E0,-5.247091352E0
7.648610083E0,7.670969231E0,3.054120018E0,-5.297608371E0
7.658632083E0,7.599971169E0,3.072992199E0,-5.388253078E0
7.668654083E0,7.536435324E0,3.069994624E0,-5.478444625E0
7.678677083E0,7.503316110E0,3.050426917E0,-5.534550998E0
7.688699083E0,7.509822307E0,3.017475518E0,-5.543779659E0
7.698721083E0,7.547390667E0,2.981870068E0,-5.511939815E0
7.708743083E0,7.593983620E0,2.955042750E0,-5.462163053E0
7.718765708E0,7.630594792E0,2.938011857E0,-5.420167181E0
7.728787708E0,7.646736615E0,2.924762651E0,-5.404561547E0
7.738809708E0,7.642111468E0,2.902159070E0,-5.423256850E0
7.748832708E0,7.619167578E0,2.871803542E0,-5.471483515E0
7.758854708E0,7.566325706E0,2.869424310E0,-5.545561305E0
7.768876708E0,7.512538338E0,2.883199181E0,-5.611153032E0
7.778898708E0,7.488187024E0,2.870102295E0,-5.650279675E0
7.788920708E0,7.491179629E0,2.825609954E0,-5.668705421E0
7.798942708E0,7.515621575E0,2.783590108E0,-5.657132027E0
7.808964708E0,7.543987588E0,2.758417844E0,-5.631649861E0
7.818987708E0,7.561040407E0,2.739310606E0,-5.618086075E0
7.829009708E0,7.567930766E0,2.724420963E0,-5.616055337E0
7.839031708E0,7.555933449E0,2.718546266E0,-5.635025459E0
7.849053708E0,7.543369537E0,2.709135757E0,-5.656349670E0
7.859075708E0,7.533350333E0,2.703210481E0,-5.672510789E0
7.869097708E0,7.513844606E0,2.714487421E0,-5.692960256E0
7.879119708E0,7.486330533E0,2.737220518E0,-5.718268175E0
7.889142708E0,7.441027476E0,2.782080941E0,-5.755628375E0
7.899164708E0,7.397202010E0,2.835947246E0,-5.785751476E0
7.909186708E0,7.371864270E0,2.883519608E0,-5.794572001E0
7.919208708E0,7.354105691E0,2.929852068E0,-5.793894308E0
7.929230708E0,7.320704641E0,2.989276736E0,-5.805827891E0
7.939252708E0,7.272618309E0,3.070327331E0,-5.823937887E0
7.949274708E0,7.232782983E0,3.158831664E0,-5.826213623E0
7.959297708E0,7.200094124E0,3.250226568E0,-5.816426554E0
7.969319708E0,7.172451997E0,3.349241856E0,-5.794359747E0
7.979341708E0,7.136692765E0,3.468407234E0,-5.768348408E0
7.989363708E0,7.088085446E0,3.605271257E0,-5.744314597E0
7.999385708E0,7.030892660E0,3.741643236E0,-5.727367027E0
8.009407708E0,6.957887834E0,3.885911880E0,-5.720451525E0
8.019429708E0,6.874241075E0,4.056519600E0,-5.703120963E0
8.029452708E0,6.777092510E0,4.245869400E0,-5.681525441E0
8.039474708E0,6.656484917E0,4.444679410E0,-5.672050028E0
8.049496708E0,6.520874537E0,4.647180182E0,-5.667275777E0
8.059518708E0,6.372012613E0,4.856884139E0,-5.660764902E0
8.069540708E0,6.218660612E0,5.070688457E0,-5.643802130E0
8.079562708E0,6.076598414E0,5.285439731E0,-5.601358361E0
8.089585708E0,5.942271498E0,5.503015795E0,-5.535554965E0
8.099607708E0,5.800885239E0,5.727589222E0,-5.457155498E0
8.109629708E0,5.639784508E0,5.950755808E0,-5.386784842E0
8.119651708E0,5.473066941E0,6.158558836E0,-5.324826576E0
8.129673708E0,5.322724501E0,6.348999141E0,-5.253089426E0
8.139695708E0,5.197643203E0,6.528906857E0,-5.156939566E0
8.149717708E0,5.098255155E0,6.695033855E0,-5.041868700E0
8.159739708E0,5.016942605E0,6.847506436E0,-4.917121278E0
8.169762708E0,4.945244046E0,6.991965991E0,-4.784671026E0
8.179784708E0,4.865990301E0,7.131970553E0,-4.657599920E0
8.189806708E0,4.763563747E0,7.277483777E0,-4.536831821E0
8.199828708E0,4.633642416E0,7.434014325E0,-4.415980398E0
8.209850708E0,4.483132454E0,7.591815473E0,-4.301388712E0
8.219872708E0,4.332906082E0,7.738284717E0,-4.192964962E0
8.229894708E0,4.194527338E0,7.871021774E0,-4.085222704E0
8.239917708E0,4.061285373E0,7.997502896E0,-3.972657664E0
8.249939708E0,3.928436926E0,8.115087479E0,-3.866369024E0
8.259961708E0,3.799469568E0,8.218594306E0,-3.775555918E0
8.269983708E0,3.683873038E0,8.308695222E0,-3.691986634E0
8.280005708E0,3.580299261E0,8.392634341E0,-3.602949035E0
8.290027708E0,3.475827351E0,8.472799668E0,-3.516586537E0
8.300050708E0,3.360426118E0,8.551867472E0,-3.436447523E0
8.310072708E0,3.234699579E0,8.631179690E0,-3.357911523E0
8.320094708E0,3.098253340E0,8.709526532E0,-3.283458634E0
8.330116708E0,2.951584122E0,8.782738350E0,-3.223007195E0
8.340138708E0,2.804083137E0,8.846317465E0,-3.180551147E0
8.350160708E0,2.667313547E0,8.899808378E0,-3.148798427E0
8.360182708E0,2.546623215E0,8.944909707E0,-3.120797865E0
8.370205708E0,2.446855683E0,8.981554207E0,-3.095269799E0
8.380227708E0,2.365688143E0,9.014806738E0,-3.061523471E0
8.390249708E0,2.300735518E0,9.046705053E0,-3.016597851E0
8.400271708E0,2.249493297E0,9.079308543E0,-2.956692834E0
8.410293708E0,2.200407968E0,9.118537513E0,-2.871686598E0
8.420315708E0,2.144770980E0,9.158875700E0,-2.784068118E0
8.430337708E0,2.085328479E0,9.197784242E0,-2.699683733E0
8.440360708E0,2.025102450E0,9.235429786E0,-2.615699005E0
8.450382708E0,1.958454278E0,9.271979561E0,-2.535933043E0
8.460404708E0,1.879199070E0,9.308271475E0,-2.461865778E0
8.470426708E0,1.788970832E0,9.342982301E0,-2.396738905E0
8.480448708E0,1.694530697E0,9.372811287E0,-2.348415176E0
8.490470708E0,1.602514088E0,9.398616219E0,-2.309566275E0
8.500492708E0,1.528250941E0,9.421299908E0,-2.267083184E0
8.510515708E0,1.483148151E0,9.443327538E0,-2.204522215E0
8.520537708E0,1.463035191E0,9.465676766E0,-2.120520384E0
8.530559708E0,1.453238035E0,9.489274374E0,-2.019371009E0
8.540581708E0,1.437774196E0,9.513322803E0,-1.914570778E0
8.550603708E0,1.412842399E0,9.535094326E0,-1.822614395E0
8.560625708E0,1.379996396E0,9.553890200E0,-1.747818420E0
8.570647708E0,1.339583365E0,9.570740706E0,-1.685987915E0
8.580670708E0,1.295033429E0,9.584329051E0,-1.643058097E0
8.590692708E0,1.257093916E0,9.594544721E0,-1.612617053E0
8.600714708E0,1.235156040E0,9.601120500E0,-1.590279666E0
8.610736708E0,1.228600142E0,9.603733621E0,-1.579540670E0
8.620758708E0,1.229985348E0,9.604095563E0,-1.576258920E0
8.630780708E0,1.236361590E0,9.605486031E0,-1.562737965E0
8.640802708E0,1.255189332E0,9.609850978E0,-1.520316708E0
8.650825708E0,1.293617964E0,9.615123412E0,-1.453298699E0
8.660847708E0,1.347601213E0,9.620357839E0,-1.367046714E0
8.670869708E0,1.410345492E0,9.624942641E0,-1.267878082E0
8.680891708E0,1.480780321E0,9.627285621E0,-1.165656474E0
8.690913708E0,1.561879594E0,9.625454857E0,-1.071091282E0
8.700935708E0,1.661205661E0,9.617439494E0,-9.906463856E-1
8.710957708E0,1.775595618E0,9.603668717E0,-9.235318981E-1
8.720980708E0,1.886142493E0,9.588368892E0,-8.612727924E-1
8.731002708E0,1.974162969E0,9.575932449E0,-8.001861995E-1
8.741024708E0,2.033841260E0,9.568497130E0,-7.371864709E-1
8.751046708E0,2.073074907E0,9.565064814E0,-6.693377193E-1
8.761068708E0,2.109271950E0,9.561564086E0,-6.029576422E-1
8.771090708E0,2.165273219E0,9.552519613E0,-5.450087383E-1
8.781112708E0,2.253531677E0,9.535073860E0,-4.899547179E-1
8.791135708E0,2.359175076E0,9.512302464E0,-4.318452349E-1
8.801157708E0,2.454565821E0,9.490687646E0,-3.715688835E-1
8.811179708E0,2.525770582E0,9.473995600E0,-3.162200172E-1
8.821201708E0,2.581836025E0,9.460469236E0,-2.641055200E-1
8.831223708E0,2.641129715E0,9.445348921E0,-2.143110335E-1
8.841245708E0,2.711381088E0,9.426336114E0,-1.695078216E-1
8.851267708E0,2.787298120E0,9.404800234E0,-1.296487230E-1
8.861290708E0,2.860160566E0,9.383301777E0,-9.603217567E-2
8.871312708E0,2.924235817E0,9.363797219E0,-6.520721706E-2
8.881334708E0,2.979515979E0,9.346495893E0,-4.007621309E-2
8.891356708E0,3.026567938E0,9.331429372E0,-2.101087081E-2
8.901378708E0,3.067394952E0,9.318105907E0,-8.756434417E-3
8.911400708E0,3.112378167E0,9.303182058E0,-2.967705482E-3
8.921422708E0,3.169680588E0,9.283815495E0,4.316391754E-3
8.931445708E0,3.234228294E0,9.261518308E0,1.263000979E-2
8.941467708E0,3.299922639E0,9.238300184E0,2.045591066E-2
8.951489708E0,3.368786759E0,9.213386368E0,2.984758282E-2
8.961511708E0,3.441034664E0,9.186602612E0,4.123674378E-2
8.971533708E0,3.509736524E0,9.160563791E0,4.355900659E-2
8.981555708E0,3.567398841E0,9.138328584E0,2.711709071E-2
8.991577708E0,3.610680808E0,9.121351778E0,-3.181294449E-3
9.001600708E0,3.639788540E0,9.109715234E0,-3.371078795E-2
9.011622708E0,3.661980478E0,9.100692980E0,-5.817762588E-2
9.021644708E0,3.684867649E0,9.091268438E0,-8.172594845E-2
9.031666708E0,3.708544195E0,9.081325833E0,-1.109617800E-1
9.041688708E0,3.739368962E0,9.068215206E0,-1.437834897E-1
9.051710708E0,3.788515979E0,9.047185695E0,-1.780362232E-1
9.061732708E0,3.857027805E0,9.017225146E0,-2.215959515E-1
9.071755708E0,3.938205577E0,8.980521589E0,-2.772559628E-1
9.081777708E0,4.022785843E0,8.940711991E0,-3.419833610E-1
9.091799708E0,4.099832557E0,8.903336003E0,-3.976257575E-1
9.101821708E0,4.165114966E0,8.871185673E0,-4.358767805E-1
9.111843708E0,4.228079831E0,8.839716543E0,-4.678219834E-1
9.121865708E0,4.310357756E0,8.798093723E0,-5.004647957E-1
9.131887708E0,4.428429997E0,8.737678537E0,-5.273394028E-1
9.141910708E0,4.569266911E0,8.664502387E0,-5.331751068E-1
9.151932708E0,4.691652058E0,8.599834521E0,-5.170792570E-1
9.161954708E0,4.755509208E0,8.566010717E0,-4.946562447E-1
9.171976708E0,4.755298415E0,8.566190811E0,-4.935586493E-1
9.181998708E0,4.718249288E0,8.584175093E0,-5.349255804E-1
9.192020708E0,4.696415784E0,8.590030494E0,-6.254472761E-1
9.202042708E0,4.739604489E0,8.555940642E0,-7.537495863E-1
9.212065708E0,4.862167976E0,8.473649268E0,-8.903327233E-1
9.222087708E0,5.035888753E0,8.357587885E0,-1.013251648E0
9.232109708E0,5.223159868E0,8.228636314E0,-1.115471722E0
9.242131708E0,5.401031583E0,8.102470942E0,-1.189516403E0
9.252153708E0,5.560051290E0,7.984568270E0,-1.252439533E0
9.262175708E0,5.696681424E0,7.874880352E0,-1.330476473E0
9.272197708E0,5.806796774E0,7.773338774E0,-1.446511982E0
9.282220708E0,5.908773969E0,7.672202994E0,-1.568364156E0
9.292242708E0,6.027713352E0,7.563281645E0,-1.643027106E0
9.302264708E0,6.164982002E0,7.440691261E0,-1.692698911E0
9.312286708E0,6.298918909E0,7.308846488E0,-1.772149123E0
9.322308708E0,6.424966752E0,7.166117123E0,-1.898071397E0
9.332330708E0,6.538643056E0,7.017278588E0,-2.059142162E0
9.342352708E0,6.634950791E0,6.869810640E0,-2.240366817E0
9.352374708E0,6.722355555E0,6.722995825E0,-2.418138399E0
9.362397708E0,6.815333301E0,6.573032286E0,-2.565658533E0
9.372419708E0,6.926602306E0,6.415735753E0,-2.663947012E0
9.382441708E0,7.045749850E0,6.256302062E0,-2.729863844E0
9.392463708E0,7.150171766E0,6.091891807E0,-2.828425680E0
9.402485708E0,7.235322429E0,5.912039639E0,-2.988974435E0
9.412507708E0,7.312144902E0,5.707461936E0,-3.192732651E0
9.422529708E0,7.389669626E0,5.473092669E0,-3.416740944E0
9.432552708E0,7.475701464E0,5.206626281E0,-3.638828135E0
9.442574708E0,7.587967420E0,4.895566979E0,-3.833049250E0
9.452596708E0,7.731781443E0,4.530961801E0,-3.990745148E0
9.462618708E0,7.890739755E0,4.127002230E0,-4.115845158E0
9.472640708E0,8.060913026E0,3.697777717E0,-4.193353217E0
9.482662708E0,8.222267527E0,3.263115293E0,-4.240576208E0
9.492684708E0,8.318501002E0,2.836752993E0,-4.357919886E0
9.502707708E0,8.326197692E0,2.425800590E0,-4.585413119E0
9.512729708E0,8.261553800E0,2.041400248E0,-4.880115420E0
9.522751708E0,8.147819023E0,1.675856883E0,-5.200060442E0
9.532773708E0,7.984874080E0,1.330419462E0,-5.541468839E0
9.542795708E0,7.770433878E0,1.014546806E0,-5.901453840E0
9.552817708E0,7.530838954E0,7.205876143E-1,-6.245267197E0
9.562839708E0,7.320620441E0,4.527505658E-1,-6.514571239E0
9.572862708E0,7.199043379E0,2.449094764E-1,-6.659569908E0
9.582884708E0,7.170452834E0,1.308865602E-1,-6.693543985E0
9.592906708E0,7.199444498E0,1.048799723E-1,-6.662815112E0
9.602928708E0,7.235742259E0,1.423043177E-1,-6.622678070E0
9.612950708E0,7.278402960E0,1.963882211E-1,-6.574373637E0
9.622972708E0,7.346918879E0,2.305804359E-1,-6.496595144E0
9.632994708E0,7.425884356E0,2.417841397E-1,-6.405770343E0
9.643017708E0,7.475671644E0,2.420561448E-1,-6.347583531E0
9.653039708E0,7.469567150E0,2.420182658E-1,-6.354769174E0
9.663061708E0,7.410323161E0,2.451165958E-1,-6.423638265E0
9.673083708E0,7.332468070E0,2.581563983E-1,-6.511863393E0
9.683105708E0,7.281429479E0,3.012085153E-1,-6.567054677E0
9.693127708E0,7.264592421E0,3.981362925E-1,-6.580521399E0
9.703149708E0,7.259406525E0,5.600149595E-1,-6.574454913E0
9.713172708E0,7.245549794E0,7.781241433E-1,-6.567542335E0
9.723194583E0,7.214504002E0,1.027694563E0,-6.567410772E0
9.733216583E0,7.162602362E0,1.281453709E0,-6.579597539E0
9.743238583E0,7.081311446E0,1.512548828E0,-6.618406679E0
9.753260583E0,6.970765157E0,1.698141499E0,-6.690354913E0
9.763282583E0,6.858572291E0,1.816066975E0,-6.774804495E0
9.773304583E0,6.791626350E0,1.856686559E0,-6.831003839E0
9.783326583E0,6.799695507E0,1.834614197E0,-6.828940941E0
9.793349583E0,6.878769159E0,1.776976292E0,-6.764688227E0
9.803371583E0,7.005063170E0,1.708042590E0,-6.651904793E0
9.813393583E0,7.153242724E0,1.644051392E0,-6.508786004E0
9.823415583E0,7.306647935E0,1.589157147E0,-6.350084385E0
9.833437583E0,7.454929816E0,1.538079379E0,-6.188251582E0
9.843459583E0,7.594271888E0,1.480978834E0,-6.030742210E0
9.853481583E0,7.725153040E0,1.407126453E0,-5.880316740E0
9.863504583E0,7.842468066E0,1.317540093E0,-5.744206424E0
9.873526583E0,7.935615966E0,1.225877752E0,-5.635543522E0
9.883548583E0,7.994015032E0,1.146428270E0,-5.569338423E0
9.893570583E0,8.009891392E0,1.086775707E0,-5.558473127E0
9.903592583E0,7.983052672E0,1.040778439E0,-5.605690563E0
9.913614583E0,7.914028046E0,9.986749050E-1,-5.710247549E0
9.923636583E0,7.808407450E0,9.594232041E-1,-5.860405802E0
9.933659583E0,7.673499906E0,9.192095632E-1,-6.042231989E0
9.943681583E0,7.515392364E0,8.740583872E-1,-6.244277848E0
9.953703583E0,7.349419733E0,8.191467465E-1,-6.446020237E0
9.963725583E0,7.201003951E0,7.529752687E-1,-6.619266220E0
9.973747583E0,7.078252768E0,6.862660664E-1,-6.757479195E0
9.983769583E0,6.983905020E0,6.309467286E-1,-6.860254535E0
9.993791583E0,6.919427188E0,5.896898348E-1,-6.928917219E0
1.000381458E1,6.880640268E0,5.575772187E-1,-6.970077524E0
1.001383658E1,6.859520125E0,5.313945565E-1,-6.992903300E0
1.002385858E1,6.846300740E0,5.173682556E-1,-7.006894518E0
1.003388058E1,6.830385788E0,5.274622309E-1,-7.021662245E0
1.004390258E1,6.810989989E0,5.657877693E-1,-7.037501768E0
1.005392458E1,6.786940976E0,6.258030061E-1,-7.055632814E0
1.006394658E1,6.750392954E0,6.916869470E-1,-7.084480053E0
1.007396858E1,6.694518716E0,7.495246075E-1,-7.131460091E0
1.008399158E1,6.620183063E0,7.932996413E-1,-7.195832089E0
1.009401358E1,6.530897834E0,8.235064305E-1,-7.273604735E0
1.010403558E1,6.429605348E0,8.447471722E-1,-7.360886123E0
1.011405758E1,6.322311280E0,8.622843607E-1,-7.451239638E0
1.012407958E1,6.216673143E0,8.830344480E-1,-7.537194293E0
1.013410158E1,6.120180051E0,9.126907948E-1,-7.612257923E0
1.014412358E1,6.039043502E0,9.545043071E-1,-7.671698379E0
1.015414658E1,5.977912032E0,1.008222823E0,-7.712594390E0
1.016416858E1,5.942173850E0,1.071321224E0,-7.731684964E0
1.017419058E1,5.931327850E0,1.141435772E0,-7.729977577E0
1.018421258E1,5.942670863E0,1.217041659E0,-7.709702942E0
1.019423458E1,5.972652462E0,1.292042432E0,-7.674254197E0
1.020425658E1,6.012357979E0,1.358755654E0,-7.631607530E0
1.021427858E1,6.058308324E0,1.411891788E0,-7.585485277E0
1.022430158E1,6.107313253E0,1.446795719E0,-7.539468275E0
1.023432358E1,6.155881981E0,1.461941030E0,-7.496928611E0
1.024434558E1,6.200313218E0,1.458915681E0,-7.460815038E0
1.025436758E1,6.238102019E0,1.447394766E0,-7.431500022E0
1.026438958E1,6.264113942E0,1.433437462E0,-7.412304198E0
1.027441158E1,6.279911950E0,1.411642112E0,-7.403112375E0
1.028443358E1,6.289414845E0,1.380397369E0,-7.400938380E0
1.029445658E1,6.294950404E0,1.344230147E0,-7.402889596E0
1.030447858E1,6.301349012E0,1.303693155E0,-7.404694632E0
1.031450058E1,6.313548642E0,1.261056867E0,-7.401684485E0
1.032452258E1,6.337275474E0,1.222775292E0,-7.387819567E0
1.033454458E1,6.379406417E0,1.193026048E0,-7.356356869E0
1.034456658E1,6.445776992E0,1.171813738E0,-7.301705868E0
1.035458858E1,6.534942938E0,1.157574891E0,-7.224308614E0
1.036461058E1,6.638726923E0,1.148344768E0,-7.130547341E0
1.037463358E1,6.748479161E0,1.142510782E0,-7.027717037E0
1.038465558E1,6.859261678E0,1.140163929E0,-6.920015418E0
1.039467758E1,6.967397161E0,1.143724518E0,-6.810534491E0
1.040469958E1,7.068206082E0,1.154477474E0,-6.704012255E0
1.041472158E1,7.156724156E0,1.170813425E0,-6.606557297E0
1.042474358E1,7.229948838E0,1.189584376E0,-6.522943282E0
1.043476558E1,7.288723295E0,1.207865769E0,-6.453810482E0
1.044478858E1,7.336344189E0,1.224806834E0,-6.396401349E0
1.045481058E1,7.375505331E0,1.241876245E0,-6.347896941E0
1.046483258E1,7.406912481E0,1.260135053E0,-6.307601439E0
1.047485458E1,7.432097023E0,1.279367715E0,-6.274017372E0
1.048487658E1,7.453389074E0,1.298727846E0,-6.244708788E0
1.049489858E1,7.473552028E0,1.317913291E0,-6.216524624E0
1.050492058E1,7.493446010E0,1.336820263E0,-6.188478454E0
1.051494358E1,7.513411912E0,1.353466263E0,-6.160590743E0
1.052496558E1,7.533388340E0,1.365524391E0,-6.133472527E0
1.053498758E1,7.553642510E0,1.372133499E0,-6.107032587E0
1.054500958E1,7.574579051E0,1.375402677E0,-6.080302625E0
1.055503158E1,7.594560741E0,1.378019452E0,-6.054733921E0
1.056505358E1,7.610275717E0,1.383016044E0,-6.033829540E0
1.057507558E1,7.621155632E0,1.392430500E0,-6.017911665E0
1.058509858E1,7.626669556E0,1.406225397E0,-6.007711197E0
1.059512058E1,7.625560924E0,1.421308144E0,-6.005566438E0
1.060514258E1,7.617013464E0,1.433276956E0,-6.013557828E0
1.061516458E1,7.603501133E0,1.440012071E0,-6.029035993E0
1.062518658E1,7.590153109E0,1.444004696E0,-6.044876685E0
1.063520858E1,7.582789126E0,1.446924796E0,-6.053415374E0
1.064523058E1,7.584750867E0,1.448100817E0,-6.050671860E0
1.065525358E1,7.594934378E0,1.447811965E0,-6.037957674E0
1.066527558E1,7.609217956E0,1.446832848E0,-6.020178046E0
1.067529758E1,7.622992242E0,1.440225202E0,-6.004317473E0
1.068531958E1,7.633904316E0,1.421345712E0,-5.994947895E0
1.069534158E1,7.643965035E0,1.390004929E0,-5.989470223E0
1.070536358E1,7.657490230E0,1.352211889E0,-5.980838563E0
1.071538558E1,7.676469122E0,1.315986926E0,-5.964569855E0
1.072540708E1,7.700864291E0,1.287259556E0,-5.939339705E0
1.073543008E1,7.729425600E0,1.268158018E0,-5.906256158E0
1.074545208E1,7.760017063E0,1.257918812E0,-5.868208911E0
1.075547408E1,7.790436033E0,1.253214289E0,-5.828777043E0
1.076549608E1,7.818636569E0,1.250309831E0,-5.791520923E0
1.077551808E1,7.841664074E0,1.246112845E0,-5.761214805E0
1.078554008E1,7.856454606E0,1.238961993E0,-5.742573881E0
1.079556208E1,7.862323456E0,1.230290572E0,-5.736406823E0
1.080558508E1,7.861020112E0,1.223166252E0,-5.739716347E0
1.081560708E1,7.854491111E0,1.220038064E0,-5.749311043E0
1.082562908E1,7.844549090E0,1.221771618E0,-5.762502362E0
1.083565108E1,7.832290403E0,1.229060172E0,-5.777605720E0
1.084567308E1,7.818198028E0,1.241421478E0,-5.794031133E0
1.085569508E1,7.801857984E0,1.256957676E0,-5.812673226E0
1.086571708E1,7.782194967E0,1.273847066E0,-5.835307213E0
1.087574008E1,7.758648815E0,1.290463684E0,-5.862950510E0
1.088576208E1,7.731868567E0,1.304479313E0,-5.895137678E0
1.089578408E1,7.703162246E0,1.314915424E0,-5.930293477E0
1.090580608E1,7.673975285E0,1.323210284E0,-5.966181348E0
1.091582808E1,7.647242984E0,1.330435981E0,-5.998806472E0
1.092585008E1,7.624782075E0,1.339467298E0,-6.025329443E0
1.093587208E1,7.606132380E0,1.351625852E0,-6.046150793E0
1.094589408E1,7.589901679E0,1.362922380E0,-6.063990648E0
1.095591708E1,7.575766035E0,1.368770911E0,-6.080323675E0
1.096593908E1,7.563596810E0,1.368022906E0,-6.095624669E0
1.097596108E1,7.554800259E0,1.365025039E0,-6.107193970E0
1.098598308E1,7.550349943E0,1.363459008E0,-6.113044694E0
1.099600508E1,7.550226567E0,1.363188867E0,-6.113258702E0
1.100602708E1,7.555660384E0,1.363737190E0,-6.106416875E0
1.101604908E1,7.567263599E0,1.366114521E0,-6.091501213E0
1.102607208E1,7.585561291E0,1.369744327E0,-6.067881385E0
1.103609408E1,7.609149544E0,1.371874321E0,-6.037789274E0
1.104611608E1,7.634218896E0,1.369798267E0,-6.006535907E0
1.105613808E1,7.656276348E0,1.363581946E0,-5.979817055E0
1.106616008E1,7.672373732E0,1.355009489E0,-5.961099533E0
1.107618208E1,7.681343946E0,1.346620343E0,-5.951439933E0
1.108620408E1,7.682163725E0,1.340410892E0,-5.951791350E0
1.109622708E1,7.675175133E0,1.337091136E0,-5.961543921E0
1.110624908E1,7.663235704E0,1.337639166E0,-5.976761300E0
1.111627108E1,7.648875527E0,1.343128532E0,-5.993894811E0
1.112629308E1,7.633936476E0,1.354323903E0,-6.010402086E0
1.113631508E1,7.620957411E0,1.370214150E0,-6.023258359E0
1.114633708E1,7.611276176E0,1.386621291E0,-6.031734483E0
1.115635908E1,7.605244773E0,1.398135190E0,-6.036685320E0
1.116638108E1,7.604099888E0,1.400441770E0,-6.037592223E0
1.117640408E1,7.608902791E0,1.391962284E0,-6.033499172E0
1.118642608E1,7.619114369E0,1.374234842E0,-6.024672216E0
1.119644808E1,7.632805039E0,1.352585380E0,-6.012232264E0
1.120647008E1,7.648404241E0,1.331889160E0,-5.997006115E0
1.121649208E1,7.665182827E0,1.314281586E0,-5.979444587E0
1.122651408E1,7.684949339E0,1.308327074E0,-5.955324823E0
1.123653608E1,7.709697095E0,1.322263035E0,-5.920159083E0
1.124655908E1,7.737967798E0,1.346551053E0,-5.877649240E0
1.125658108E1,7.772734172E0,1.365797602E0,-5.827116433E0
1.126660308E1,7.813311510E0,1.373324431E0,-5.770807162E0
1.127662508E1,7.852095507E0,1.366026228E0,-5.719672676E0
1.128664708E1,7.880317093E0,1.340260911E0,-5.686862195E0
1.129666908E1,7.895310524E0,1.298216799E0,-5.675807449E0
1.130669108E1,7.898861538E0,1.250014546E0,-5.681682147E0
1.131671408E1,7.892190449E0,1.205043464E0,-5.700640574E0
1.132673608E1,7.878457094E0,1.169818668E0,-5.726913283E0
1.133675808E1,7.860958132E0,1.147692219E0,-5.755367004E0
1.134678008E1,7.841970468E0,1.139450349E0,-5.782841901E0
1.135680208E1,7.822644251E0,1.140142660E0,-5.808820496E0
1.136682408E1,7.802028138E0,1.143127371E0,-5.835896612E0
1.137684608E1,7.777492052E0,1.146802785E0,-5.867839952E0
1.138686808E1,7.745403702E0,1.146720266E0,-5.910148650E0
1.139689108E1,7.706990418E0,1.132156094E0,-5.962934974E0
1.140691308E1,7.663963097E0,1.098757748E0,-6.024328399E0
1.141693508E1,7.616662631E0,1.052708513E0,-6.092154347E0
1.142695708E1,7.564611887E0,1.004277780E0,-6.164753961E0
1.143697908E1,7.510712253E0,9.598412801E-1,-6.237311475E0
1.144700108E1,7.458103684E0,9.203925280E-1,-6.306006319E0
1.145702308E1,7.405329055E0,8.826257276E-1,-6.373239359E0
1.146704608E1,7.348743795E0,8.442344445E-1,-6.443550957E0
1.147706808E1,7.286639932E0,8.060940070E-1,-6.518526295E0
1.148709008E1,7.220634808E0,7.703498315E-1,-6.595842859E0
1.149711208E1,7.155665225E0,7.414979153E-1,-6.669538241E0
1.150713408E1,7.098859525E0,7.234273877E-1,-6.731934464E0
1.151715608E1,7.055469677E0,7.110369185E-1,-6.778705173E0
1.152717808E1,7.023601767E0,6.971075352E-1,-6.813161060E0
1.153720008E1,6.995953792E0,6.811272410E-1,-6.843157277E0
1.154722308E1,6.966327705E0,6.665730096E-1,-6.874742181E0
1.155724508E1,6.931026310E0,6.566709691E-1,-6.911276169E0
1.156726708E1,6.888398353E0,6.525394727E-1,-6.954154971E0
1.157728908E1,6.837214167E0,6.510723332E-1,-7.004620535E0
1.158731108E1,6.776747525E0,6.489918208E-1,-7.063330089E0
1.159733308E1,6.709985771E0,6.455852330E-1,-7.127091052E0
1.160735508E1,6.640894486E0,6.398133002E-1,-7.192027890E0
1.161737808E1,6.568110099E0,6.300378520E-1,-7.259415296E0
1.162740008E1,6.492060628E0,6.156980672E-1,-7.328724098E0
1.163742208E1,6.416111729E0,6.004146881E-1,-7.396559401E0
1.164744408E1,6.342423947E0,5.897035757E-1,-7.460699263E0
1.165746608E1,6.274641269E0,5.844539090E-1,-7.518205460E0
1.166748808E1,6.214605567E0,5.797900236E-1,-7.568266981E0
1.167751008E1,6.162239658E0,5.736092608E-1,-7.611433466E0
1.168753308E1,6.114051000E0,5.691381143E-1,-7.650528535E0
1.169755508E1,6.065265341E0,5.714749905E-1,-7.689086829E0
1.170757708E1,6.012934515E0,5.815627897E-1,-7.729326198E0
1.171759908E1,5.955965677E0,5.925547512E-1,-7.772483912E0
1.172762258E1,5.893864154E0,5.953398896E-1,-7.819463366E0
1.173764458E1,5.828167178E0,5.880885382E-1,-7.869100964E0
1.174766658E1,5.762118784E0,5.735986627E-1,-7.918652024E0
1.175768858E1,5.699569364E0,5.538733000E-1,-7.965191767E0
1.176771158E1,5.642255541E0,5.307989080E-1,-8.007453103E0
1.177773358E1,5.591586494E0,5.073941117E-1,-8.044425048E0
1.178775558E1,5.549688855E0,4.843374440E-1,-8.074804257E0
1.179777758E1,5.519313739E0,4.595481367E-1,-8.097040633E0
1.180779958E1,5.504312707E0,4.318980426E-1,-8.108764300E0
1.181782158E1,5.502393066E0,3.985414315E-1,-8.111779709E0
1.182784358E1,5.510827090E0,3.573180860E-1,-8.107974926E0
1.183786658E1,5.529736986E0,3.114568022E-1,-8.096980407E0
1.184788858E1,5.560053629E0,2.661962467E-1,-8.077808556E0
1.185791058E1,5.601132658E0,2.243163138E-1,-8.050658180E0
1.186793258E1,5.650679040E0,1.876194807E-1,-8.016902204E0
1.187795458E1,5.705500195E0,1.568270198E-1,-7.978647380E0
1.188797658E1,5.764582801E0,1.304548713E-1,-7.936541580E0
1.189799858E1,5.825174573E0,1.077354874E-1,-7.892519063E0
1.190802158E1,5.887437479E0,8.607866147E-2,-7.846445342E0
1.191804358E1,5.954103339E0,6.275655305E-2,-7.796208404E0
1.192806558E1,6.024094511E0,3.879185390E-2,-7.742407004E0
1.193808758E1,6.103368722E0,1.264667778E-2,-7.680161639E0
1.194810958E1,6.194652529E0,-1.495001937E-2,-7.606718856E0
1.195813158E1,6.291376001E0,-4.258375954E-2,-7.526807883E0
1.196815358E1,6.388396511E0,-6.941097225E-2,-7.444438741E0
1.197817558E1,6.482912659E0,-9.312498573E-2,-7.362015805E0
1.198819858E1,6.571620183E0,-1.131818856E-1,-7.282659148E0
1.199822058E1,6.652998807E0,-1.298230979E-1,-7.208109487E0
1.200824258E1,6.726333416E0,-1.430253251E-1,-7.139471946E0
1.201826458E1,6.791051568E0,-1.552225987E-1,-7.077686757E0
1.202828658E1,6.847953748E0,-1.670199958E-1,-7.022374436E0
1.203830858E1,6.898240387E0,-1.769903208E-1,-6.972736253E0
1.204833058E1,6.944190146E0,-1.842484878E-1,-6.926790002E0
1.205835358E1,6.988274644E0,-1.894726096E-1,-6.882172238E0
1.206837558E1,7.033653131E0,-1.948695713E-1,-6.835633079E0
1.207839758E1,7.079815144E0,-1.998607363E-1,-6.787661353E0
1.208841958E1,7.126442596E0,-2.079040748E-1,-6.738450601E0
1.209844158E1,7.174283345E0,-2.204898959E-1,-6.687090413E0
1.210846358E1,7.222695951E0,-2.373602642E-1,-6.634187729E0
1.211848558E1,7.271277543E0,-2.591201108E-1,-6.580082858E0
1.212850858E1,7.318465742E0,-2.836204195E-1,-6.526542243E0
1.213853058E1,7.359210311E0,-3.075127091E-1,-6.479470403E0
1.214855258E1,7.390017536E0,-3.314746719E-1,-6.443127034E0
1.215857458E1,7.411318358E0,-3.559845554E-1,-6.417299298E0
1.216859658E1,7.424573411E0,-3.801204364E-1,-6.400572753E0
1.217861858E1,7.432868856E0,-4.026575789E-1,-6.389558938E0
1.218864058E1,7.439654549E0,-4.230601223E-1,-6.380334955E0
1.219866258E1,7.449174986E0,-4.425059151E-1,-6.367892080E0
1.220868558E1,7.464050887E0,-4.618589198E-1,-6.349074571E0
1.221870758E1,7.483801612E0,-4.841016916E-1,-6.324118654E0
1.222872958E1,7.507478158E0,-5.098207793E-1,-6.293963978E0
1.223875158E1,7.533557324E0,-5.377642209E-1,-6.260385758E0
1.224877358E1,7.562249612E0,-5.668723547E-1,-6.223112097E0
1.225879558E1,7.594157867E0,-5.933886737E-1,-6.181643643E0
1.226881758E1,7.628591536E0,-6.156477812E-1,-6.136907766E0
1.227884058E1,7.665260594E0,-6.333380205E-1,-6.089236001E0
1.228886258E1,7.701738449E0,-6.458057461E-1,-6.041709833E0
1.229888458E1,7.734344278E0,-6.545004096E-1,-5.998970779E0
1.230890658E1,7.760436308E0,-6.579589646E-1,-5.964800236E0
1.231892858E1,7.778935729E0,-6.554354525E-1,-5.940931317E0
1.232895058E1,7.793223985E0,-6.468330288E-1,-5.923121867E0
1.233897258E1,7.807194738E0,-6.324877623E-1,-5.906249142E0
1.234899558E1,7.824542257E0,-6.150917110E-1,-5.885088653E0
1.235901758E1,7.848280783E0,-5.980217516E-1,-5.855165527E0
1.236903958E1,7.878567021E0,-5.805778628E-1,-5.816120160E0
1.237906158E1,7.913745625E0,-5.624396902E-1,-5.769954053E0
1.238908358E1,7.951850760E0,-5.439622695E-1,-5.719118360E0
1.239910558E1,7.989617341E0,-5.267382360E-1,-5.667861668E0
1.240912758E1,8.025468959E0,-5.105928675E-1,-5.618473746E0
1.241915058E1,8.058502219E0,-4.952765978E-1,-5.572370789E0
1.242917258E1,8.088552230E0,-4.801657480E-1,-5.529997771E0
1.243919458E1,8.116170968E0,-4.651840486E-1,-5.490668814E0
1.244921658E1,8.141263710E0,-4.507186583E-1,-5.454607281E0
1.245923858E1,8.163132881E0,-4.363186107E-1,-5.423001911E0
1.246926058E1,8.182153289E0,-4.242381170E-1,-5.395231730E0
1.247928258E1,8.199717740E0,-4.170142475E-1,-5.369064270E0
1.248930458E1,8.215350856E0,-4.159208547E-1,-5.345198275E0
1.249932758E1,8.228246890E0,-4.198688582E-1,-5.325013102E0
1.250934958E1,8.237848603E0,-4.259688197E-1,-5.309662991E0
1.251937158E1,8.243838490E0,-4.327742844E-1,-5.299808094E0
1.252939358E1,8.246383198E0,-4.404282532E-1,-5.295214521E0
1.253941558E1,8.244999163E0,-4.477067576E-1,-5.296757601E0
1.254943758E1,8.238339769E0,-4.541105551E-1,-5.306565136E0
1.255945958E1,8.227153460E0,-4.581197716E-1,-5.323546035E0
1.256948258E1,8.209812958E0,-4.583989761E-1,-5.350230389E0
1.257950458E1,8.185728276E0,-4.573790390E-1,-5.387090067E0
1.258952658E1,8.157148256E0,-4.574690861E-1,-5.430263568E0
1.259954858E1,8.126654441E0,-4.599865317E-1,-5.475583583E0
1.260957058E1,8.096126128E0,-4.643980366E-1,-5.520252217E0
1.261959258E1,8.066164995E0,-4.697899004E-1,-5.563484775E0
1.262961458E1,8.036914884E0,-4.734035162E-1,-5.605354933E0
1.263963758E1,8.008254172E0,-4.762003491E-1,-5.645990158E0
1.264965958E1,7.981462814E0,-4.798691845E-1,-5.683488936E0
1.265968158E1,7.957508526E0,-4.863615308E-1,-5.716432734E0
1.266970358E1,7.936548012E0,-4.970018918E-1,-5.744589416E0
1.267972558E1,7.917883115E0,-5.108430918E-1,-5.769078140E0
1.268974758E1,7.902643517E0,-5.266609065E-1,-5.788520132E0
1.269976958E1,7.890641522E0,-5.420464293E-1,-5.803452752E0
1.270979158E1,7.879783827E0,-5.571860400E-1,-5.816758091E0
1.271981458E1,7.869477525E0,-5.719794225E-1,-5.829261777E0
1.272983550E1,7.859048431E0,-5.849586698E-1,-5.842028003E0
1.273985750E1,7.847811252E0,-5.936737986E-1,-5.856236737E0
1.274987950E1,7.835727396E0,-5.981374168E-1,-5.871940019E0
1.275990150E1,7.824086174E0,-5.990090540E-1,-5.887355618E0
1.276992350E1,7.814135967E0,-5.979133223E-1,-5.900666220E0
1.277994550E1,7.807544986E0,-5.961766262E-1,-5.909558666E0
1.278996850E1,7.805751645E0,-5.957521548E-1,-5.911973566E0
1.279999050E1,7.809757572E0,-5.954062920E-1,-5.906713411E0
1.281001250E1,7.819072772E0,-5.962409821E-1,-5.894295094E0
1.282003450E1,7.834569647E0,-5.999848812E-1,-5.873300081E0
1.283005650E1,7.854812123E0,-6.062970601E-1,-5.845547442E0
1.284007850E1,7.877495812E0,-6.131669538E-1,-5.814225662E0
1.285010050E1,7.901486353E0,-6.178691384E-1,-5.781078966E0
1.286012350E1,7.925469292E0,-6.182783704E-1,-5.748109440E0
1.287014550E1,7.948233672E0,-6.160170329E-1,-5.716835023E0
1.288016750E1,7.968902995E0,-6.129946802E-1,-5.688318737E0
1.289018950E1,7.985554696E0,-6.103762970E-1,-5.665199431E0
1.290021150E1,7.997066109E0,-6.092098871E-1,-5.649064624E0
1.291023350E1,8.004331275E0,-6.097283159E-1,-5.638710959E0
1.292025550E1,8.010248657E0,-6.132407749E-1,-5.629918501E0
1.293027850E1,8.018089773E0,-6.195294553E-1,-5.618052746E0
1.294030050E1,8.027572203E0,-6.266710983E-1,-5.603701340E0
1.295032250E1,8.036838870E0,-6.326436637E-1,-5.589727664E0
1.296034450E1,8.044196422E0,-6.366880365E-1,-5.578677596E0
1.297036650E1,8.049127963E0,-6.403404267E-1,-5.571140535E0
1.298038850E1,8.051879078E0,-6.434838898E-1,-5.566800731E0
1.299041050E1,8.050424876E0,-6.454799831E-1,-5.568675933E0
1.300043350E1,8.044874699E0,-6.477512609E-1,-5.576425833E0
1.301045550E1,8.036521366E0,-6.517506833E-1,-5.587993965E0
1.302047750E1,8.025941999E0,-6.570008252E-1,-5.602562887E0
1.303049950E1,8.015187800E0,-6.630494043E-1,-5.617228289E0
1.304052150E1,8.005391375E0,-6.687448116E-1,-5.630506146E0
1.305054350E1,7.995716572E0,-6.730417842E-1,-5.643728455E0
1.306056550E1,7.985623108E0,-6.764585316E-1,-5.657592203E0
1.307058850E1,7.974566608E0,-6.803787243E-1,-5.672692053E0
1.308061050E1,7.962268744E0,-6.846368129E-1,-5.689432046E0
1.309063250E1,7.948537143E0,-6.871494345E-1,-5.708302181E0
1.310065450E1,7.933058394E0,-6.851675939E-1,-5.730031604E0
1.311067650E1,7.915949441E0,-6.793111689E-1,-5.754339064E0
1.312069850E1,7.899065021E0,-6.726818881E-1,-5.778269379E0
1.313072050E1,7.884648126E0,-6.672748947E-1,-5.798553370E0
1.314074250E1,7.873708570E0,-6.635421784E-1,-5.813821619E0
1.315076550E1,7.866855633E0,-6.620405404E-1,-5.823264872E0
1.316078750E1,7.864921959E0,-6.591547932E-1,-5.826201929E0
1.317080950E1,7.865150000E0,-6.522056698E-1,-5.826675553E0
1.318083150E1,7.865901952E0,-6.447431608E-1,-5.826489612E0
1.319085350E1,7.867263769E0,-6.393722740E-1,-5.825243570E0
1.320087550E1,7.868149622E0,-6.357988212E-1,-5.824441917E0
1.321089750E1,7.867494149E0,-6.320086560E-1,-5.825738245E0
1.322092050E1,7.865638243E0,-6.259583958E-1,-5.828898080E0
1.323094250E1,7.863457816E0,-6.170432192E-1,-5.832785894E0
1.324096450E1,7.859686947E0,-6.059507588E-1,-5.839032474E0
1.325098650E1,7.857168551E0,-5.934006605E-1,-5.843704399E0
1.326100850E1,7.860717226E0,-5.808803466E-1,-5.840188469E0
1.327103050E1,7.863978803E0,-5.701228585E-1,-5.836854386E0
1.328105250E1,7.866365052E0,-5.611429605E-1,-5.834509068E0
1.329107550E1,7.875097868E0,-5.539681711E-1,-5.823406375E0
1.330109750E1,7.889669130E0,-5.476521184E-1,-5.804249727E0
1.331111950E1,7.905280026E0,-5.404918739E-1,-5.783645893E0
1.332114150E1,7.919074193E0,-5.342486190E-1,-5.765323643E0
1.333116350E1,7.928109310E0,-5.303205326E-1,-5.753256159E0
1.334118550E1,7.928513938E0,-5.240606497E-1,-5.753270193E0
1.335120750E1,7.917694250E0,-5.088310284E-1,-5.769514343E0
1.336123050E1,7.900151433E0,-4.892615670E-1,-5.795197068E0
1.337125250E1,7.878695076E0,-4.744255364E-1,-5.825563998E0
1.338127450E1,7.853803478E0,-4.690074698E-1,-5.859512932E0
1.339129650E1,7.825994706E0,-4.726139593E-1,-5.896315307E0
1.340131850E1,7.796171567E0,-4.819311686E-1,-5.934943768E0
1.341134050E1,7.768691407E0,-4.896394433E-1,-5.970240485E0
1.342136250E1,7.746347442E0,-4.928394417E-1,-5.998945051E0
1.343138550E1,7.730597382E0,-4.923009863E-1,-6.019269973E0
1.344140750E1,7.722096700E0,-4.910129178E-1,-6.030276772E0
1.345142950E1,7.738375348E0,-4.975118056E-1,-6.008837956E0
1.346145150E1,7.722725860E0,-5.177193809E-1,-6.027238559E0
1.347147350E1,7.702027302E0,-5.456865403E-1,-6.051203372E0
1.348149550E1,7.719304655E0,-5.585128098E-1,-6.027979401E0
1.349151750E1,7.768574463E0,-5.510736897E-1,-5.965037048E0
1.350154050E1,7.834136953E0,-5.322785093E-1,-5.880400355E0
1.351156250E1,7.914067807E0,-5.085554053E-1,-5.774513712E0
1.352158450E1,8.003809703E0,-4.783400645E-1,-5.652110438E0
1.353160650E1,8.102045850E0,-4.335466651E-1,-5.514072295E0
1.354162850E1,8.206620378E0,-3.776175722E-1,-5.361424883E0
1.355165050E1,8.311728172E0,-3.238925874E-1,-5.200611835E0
1.356167250E1,8.413965569E0,-2.792099926E-1,-5.036205087E0
1.357169450E1,8.512722117E0,-2.460653431E-1,-4.869199545E0
1.358171750E1,8.609238598E0,-2.223760249E-1,-4.697623819E0
1.359173950E1,8.705693098E0,-2.015913477E-1,-4.517341297E0
1.360176150E1,8.801951131E0,-1.825605246E-1,-4.327640079E0
1.361178350E1,8.896761394E0,-1.680043746E-1,-4.129829358E0
1.362180550E1,8.990976995E0,-1.562548150E-1,-3.920969154E0
1.363182750E1,9.081617024E0,-1.462442356E-1,-3.706610813E0
1.364184950E1,9.164755075E0,-1.392047361E-1,-3.496281496E0
1.365187250E1,9.237928301E0,-1.350596541E-1,-3.298262322E0
1.366189450E1,9.301239613E0,-1.369088726E-1,-3.115172551E0
1.367191650E1,9.358016077E0,-1.425301847E-1,-2.939953133E0
1.368193850E1,9.411901678E0,-1.457458518E-1,-2.762416755E0
1.369196050E1,9.462791165E0,-1.451443652E-1,-2.582757838E0
1.370198250E1,9.509078894E0,-1.462166897E-1,-2.406684873E0
1.371200450E1,9.549899476E0,-1.560287287E-1,-2.238565436E0
1.372202750E1,9.585171635E0,-1.742638189E-1,-2.080908861E0
1.373204925E1,9.615482431E0,-1.937187662E-1,-1.934188333E0
1.374207125E1,9.640510853E0,-2.153527515E-1,-1.802847298E0
1.375209325E1,9.660140541E0,-2.378181195E-1,-1.691512803E0
1.376211525E1,9.674941598E0,-2.611382773E-1,-1.601067925E0
1.377213725E1,9.685646095E0,-2.809931376E-1,-1.531463255E0
1.378215925E1,9.693304194E0,-2.885275673E-1,-1.480770527E0
1.379218225E1,9.699428567E0,-2.798975886E-1,-1.441816230E0
1.380220425E1,9.703994073E0,-2.585553977E-1,-1.414834838E0
1.381222625E1,9.706293783E0,-2.298195305E-1,-1.403971734E0
1.382224825E1,9.706125383E0,-2.036953404E-1,-1.409164062E0
1.383227025E1,9.704986346E0,-1.895109454E-1,-1.418953178E0
1.384229225E1,9.706159297E0,-1.878882334E-1,-1.411120833E0
1.385231425E1,9.710412562E0,-1.884736310E-1,-1.381477350E0
1.386233725E1,9.714869310E0,-1.974588463E-1,-1.348486920E0
1.387235925E1,9.720127711E0,-2.174686030E-1,-1.306868924E0
1.388238125E1,9.724295606E0,-2.431292551E-1,-1.270847591E0
1.389240325E1,9.727059000E0,-2.651998812E-1,-1.245027456E0
1.390242525E1,9.728948236E0,-2.786743329E-1,-1.227186724E0
1.391244725E1,9.729977930E0,-2.810470964E-1,-1.218448645E0
1.392246925E1,9.731278351E0,-2.727571333E-1,-1.209930713E0
1.393249125E1,9.733703776E0,-2.566963851E-1,-1.193835448E0
1.394251425E1,9.737703856E0,-2.339721499E-1,-1.165546985E0
1.395253625E1,9.741816788E0,-2.112560277E-1,-1.135119171E0
1.396255825E1,9.744466746E0,-1.972623433E-1,-1.114698647E0
1.397258025E1,9.744571996E0,-2.000037738E-1,-1.113283767E0
1.398260225E1,9.741767086E0,-2.214489854E-1,-1.133594363E0
1.399262425E1,9.736699305E0,-2.509797816E-1,-1.170388479E0
1.400264625E1,9.730391913E0,-2.691132582E-1,-1.217857418E0
1.401266925E1,9.724095047E0,-2.645969784E-1,-1.268103346E0
1.402269125E1,9.718751276E0,-2.419609083E-1,-1.312797855E0
1.403271325E1,9.714792126E0,-2.109373728E-1,-1.346999242E0
1.404273525E1,9.712715780E0,-1.854495059E-1,-1.365592365E0
1.405275725E1,9.712099484E0,-1.784842478E-1,-1.370905291E0
1.406277925E1,9.711817063E0,-1.852032285E-1,-1.372023864E0
1.407280125E1,9.711658019E0,-1.919834953E-1,-1.372208343E0
1.408282425E1,9.711685501E0,-1.939621931E-1,-1.371737204E0
1.409284625E1,9.712091882E0,-1.952871173E-1,-1.368657622E0
1.410286825E1,9.712208242E0,-1.990152290E-1,-1.367293466E0
1.411289025E1,9.711756252E0,-2.043746224E-1,-1.369716552E0
1.412291225E1,9.710579792E0,-2.116381250E-1,-1.376937279E0
1.413293425E1,9.708301132E0,-2.207077595E-1,-1.391511172E0
1.414295625E1,9.705218480E0,-2.315493744E-1,-1.411110892E0
1.415297925E1,9.701883228E0,-2.427167523E-1,-1.432010010E0
1.416300125E1,9.698314088E0,-2.514256318E-1,-1.454507904E0
1.417302325E1,9.694427444E0,-2.568063493E-1,-1.479269400E0
1.418304525E1,9.690389357E0,-2.576526059E-1,-1.505343158E0
1.419306725E1,9.686816708E0,-2.521520022E-1,-1.529084169E0
1.420308925E1,9.684279601E0,-2.413054902E-1,-1.546807811E0
1.421311125E1,9.682303827E0,-2.295268956E-1,-1.560901355E0
1.422313425E1,9.680371907E0,-2.217838299E-1,-1.573952925E0
1.423315625E1,9.678610141E0,-2.207001216E-1,-1.584898766E0
1.424317825E1,9.677154184E0,-2.241630802E-1,-1.593269348E0
1.425320025E1,9.676328557E0,-2.287136758E-1,-1.597641311E0
1.426322225E1,9.675891185E0,-2.345639064E-1,-1.599435529E0
1.427324425E1,9.675465508E0,-2.421979581E-1,-1.600878768E0
1.428326625E1,9.674869092E0,-2.487273063E-1,-1.603480487E0
1.429328825E1,9.674382604E0,-2.520017836E-1,-1.605900795E0
1.430331125E1,9.674115386E0,-2.546811971E-1,-1.607090411E0
1.431333325E1,9.674527030E0,-2.562266344E-1,-1.604365755E0
1.432335525E1,9.676126243E0,-2.561772254E-1,-1.594697969E0
1.433337725E1,9.678958635E0,-2.564634101E-1,-1.577368137E0
1.434339925E1,9.682970994E0,-2.570945074E-1,-1.552436487E0
1.435342125E1,9.688060411E0,-2.592185999E-1,-1.520001251E0
1.436344325E1,9.693636900E0,-2.647170291E-1,-1.483053572E0
1.437346625E1,9.698531604E0,-2.689101040E-1,-1.449917547E0
1.438348825E1,9.702947422E0,-2.670415166E-1,-1.420427700E0
1.439351025E1,9.707279624E0,-2.629230120E-1,-1.391293217E0
1.440353225E1,9.711164514E0,-2.619973064E-1,-1.364084076E0
1.441355425E1,9.714589813E0,-2.625242136E-1,-1.339375497E0
1.442357625E1,9.717688252E0,-2.615231154E-1,-1.316898507E0
1.443359825E1,9.720588471E0,-2.608005640E-1,-1.295465977E0
1.444362125E1,9.723098096E0,-2.615687420E-1,-1.276334326E0
1.445364325E1,9.724941723E0,-2.627384227E-1,-1.261971371E0
1.446366525E1,9.725925225E0,-2.646221763E-1,-1.253971503E0
1.447368725E1,9.725859151E0,-2.672763188E-1,-1.253929549E0
1.448370925E1,9.724773908E0,-2.694673436E-1,-1.261851503E0