"Time (s)","X (m/s^2)","Y (m/s^2)","Z (m/s^2)"
1.644624979E-3,9.572593689E0,2.524799652E0,-3.929328918E0
1.166762493E-2,9.524992676E0,2.150877228E0,-3.906576233E0
2.169062500E-2,9.279503174E0,1.942211151E0,-3.852239227E0
3.171262494E-2,8.919501801E0,1.996398468E0,-3.962110748E0
4.173562489E-2,8.481961670E0,2.197729797E0,-3.997287598E0
5.175862496E-2,8.220605164E0,2.501747589E0,-4.067491608E0
6.178162491E-2,8.186027069E0,2.780467987E0,-4.030817871E0
7.180462498E-2,8.353229370E0,2.882256317E0,-3.953877869E0
8.182662493E-2,8.561296692E0,2.862796783E0,-3.930376740E0
9.184962499E-2,8.677904205E0,2.765648804E0,-3.916755066E0
1.018726249E-1,8.716523895E0,2.645598450E0,-3.917204132E0
1.118956249E-1,8.670719147E0,2.533032532E0,-3.942052460E0
1.219179999E-1,8.613538055E0,2.448308716E0,-4.002975769E0
1.319410000E-1,8.600066071E0,2.486479340E0,-4.071832581E0
1.419629999E-1,8.493487701E0,2.540067902E0,-4.065994720E0
1.519859999E-1,8.362360382E0,2.521955566E0,-4.046385498E0
1.620090000E-1,8.340206451E0,2.543810120E0,-4.091441803E0
1.720319999E-1,8.405919800E0,2.642005920E0,-4.155508575E0
1.820550000E-1,8.532257080E0,2.686613159E0,-4.197571106E0
1.920769999E-1,8.664432220E0,2.667902069E0,-4.201912079E0
2.021000000E-1,8.736133118E0,2.721490631E0,-4.105662231E0
2.121229999E-1,8.777596893E0,2.721041565E0,-4.066443787E0
2.221459999E-1,8.858578491E0,2.646496582E0,-4.120631104E0
2.321690000E-1,8.850944366E0,2.533331909E0,-4.144281921E0
2.421909999E-1,8.756640472E0,2.434387665E0,-4.111500092E0
2.522140000E-1,8.569080505E0,2.401306458E0,-4.022285614E0
2.622369999E-1,8.473130035E0,2.509830780E0,-4.018693085E0
2.722600000E-1,8.594826965E0,2.574196930E0,-4.016597443E0
2.822829999E-1,8.831185455E0,2.569406891E0,-3.995790710E0
2.923049999E-1,9.106612701E0,2.530936890E0,-3.901187439E0
3.023280000E-1,9.176667023E0,2.584375763E0,-3.859274597E0
3.123509999E-1,9.099876709E0,2.594404907E0,-3.873644714E0
3.223740000E-1,8.954079895E0,2.634820862E0,-3.805686035E0
3.323969999E-1,8.778045959E0,2.646646271E0,-3.866160278E0
3.424190000E-1,8.609197083E0,2.603386230E0,-4.023483124E0
3.524419999E-1,8.521030426E0,2.618804169E0,-4.009562073E0
3.624649999E-1,8.435857544E0,2.678230591E0,-3.879033508E0
3.724880000E-1,8.347840576E0,2.708018646E0,-3.825594635E0
3.825109999E-1,8.278983765E0,2.717598724E0,-3.829636230E0
3.925330000E-1,8.274792480E0,2.670895844E0,-3.931873627E0
4.025559999E-1,8.350235596E0,2.609074402E0,-4.014202423E0
4.125790000E-1,8.460556183E0,2.541415100E0,-4.070485382E0
4.226019999E-1,8.559350739E0,2.479443970E0,-4.131109314E0
4.326249999E-1,8.601862335E0,2.467019806E0,-4.161795502E0
4.426480000E-1,8.569828949E0,2.488874359E0,-4.162094879E0
4.526699999E-1,8.519084473E0,2.538421326E0,-4.109404449E0
4.626930000E-1,8.438551941E0,2.571801910E0,-4.025429077E0
4.727159999E-1,8.384364624E0,2.610571289E0,-3.945495300E0
4.827390000E-1,8.348289642E0,2.621947632E0,-3.934717712E0
4.927620000E-1,8.384214935E0,2.610271912E0,-3.944746857E0
5.027839999E-1,8.455017700E0,2.593207397E0,-3.949387207E0
5.128070000E-1,8.615933075E0,2.572250977E0,-4.048930206E0
5.228299999E-1,8.831185455E0,2.560275879E0,-4.102668457E0
5.328530000E-1,9.012159119E0,2.632126465E0,-4.126169586E0
5.428759999E-1,9.092392273E0,2.740052032E0,-4.080215149E0
5.528980000E-1,8.987759857E0,2.824925537E0,-3.884422302E0
5.629209999E-1,8.767717438E0,2.841540985E0,-3.681145020E0
5.729439999E-1,8.619974670E0,2.791395264E0,-3.612587585E0
5.829670000E-1,8.507109375E0,2.657573547E0,-3.651506653E0
5.929899999E-1,8.506809998E0,2.517913971E0,-3.764821014E0
6.030120000E-1,8.583899689E0,2.489173737E0,-4.001628571E0
6.130349999E-1,8.701555023E0,2.568508759E0,-4.301006012E0
6.230580000E-1,8.745862885E0,2.734962616E0,-4.540807343E0
6.330809999E-1,8.709787903E0,2.808010712E0,-4.697381744E0
6.431039999E-1,8.691376190E0,2.765948181E0,-4.761897583E0
6.531270000E-1,8.755892029E0,2.570454712E0,-4.729864197E0
6.631489999E-1,8.847351837E0,2.324366455E0,-4.618046722E0
6.731720000E-1,8.787326660E0,2.173180847E0,-4.383185120E0
6.831949999E-1,8.553363190E0,2.136806488E0,-4.148323517E0
6.932180000E-1,8.255482635E0,2.180814972E0,-3.992647247E0
7.032410000E-1,7.979756012E0,2.281854858E0,-3.963158569E0
7.132629999E-1,7.780969391E0,2.426753540E0,-4.045786743E0
7.232860000E-1,7.672445068E0,2.517614594E0,-4.219425659E0
7.333089999E-1,7.656428375E0,2.570454712E0,-4.389921112E0
7.433320000E-1,7.765551453E0,2.485281830E0,-4.471501465E0
7.533549999E-1,8.022566986E0,2.345622253E0,-4.356540527E0
7.633770000E-1,8.356971588E0,2.190095673E0,-4.094734955E0
7.733999999E-1,8.716523895E0,2.083217926E0,-3.845353546E0
7.834229999E-1,9.017697601E0,2.136806488E0,-3.712280273E0
7.934460000E-1,9.235644379E0,2.278861084E0,-3.766168213E0
8.034689999E-1,9.455986176E0,2.427202606E0,-3.841910706E0
8.134910000E-1,9.670939178E0,2.476599884E0,-3.812272339E0
8.235139999E-1,9.803413696E0,2.401007080E0,-3.830384674E0
8.335370000E-1,9.702224121E0,2.310744781E0,-3.907324677E0
8.435600000E-1,9.341623993E0,2.260299683E0,-4.006268921E0
8.535829999E-1,8.897796936E0,2.225871277E0,-4.158801727E0
8.636050000E-1,8.618926849E0,2.054328003E0,-4.465214539E0
8.736279999E-1,8.580307159E0,1.687890015E0,-4.893623657E0
8.836510000E-1,8.722062378E0,1.334474945E0,-5.086422729E0
8.936739999E-1,8.917555847E0,1.221010895E0,-5.008734283E0
9.036970000E-1,9.012608185E0,1.400936737E0,-4.909490662E0
9.137200000E-1,8.969497833E0,1.743125153E0,-4.735402679E0
9.237419999E-1,8.686436462E0,2.039359131E0,-4.479285278E0
9.337650000E-1,8.219557343E0,2.048190765E0,-4.348307648E0
9.437879999E-1,7.764353943E0,1.941612396E0,-4.185146942E0
9.538110000E-1,7.589966583E0,1.933229828E0,-3.926784210E0
9.638339999E-1,7.747289429E0,1.983674927E0,-3.636537781E0
9.738560000E-1,8.032596130E0,1.992805939E0,-3.423231354E0
9.838789999E-1,8.261619873E0,1.923649750E0,-3.153641968E0
9.939019999E-1,8.467441864E0,1.786235504E0,-2.926713867E0
1.003925000E0,8.581953735E0,1.603615265E0,-2.931503906E0
1.013948000E0,8.458610229E0,1.488654327E0,-3.069516907E0
1.023970000E0,8.025560760E0,1.530567169E0,-3.304378510E0
1.033993000E0,7.388485565E0,1.767225037E0,-3.543730774E0
1.044016000E0,6.716981964E0,2.199226685E0,-3.680995331E0
1.054039000E0,6.216572571E0,2.735860748E0,-3.796704712E0
1.064062000E0,5.929020538E0,3.242706757E0,-3.830534363E0
1.074084000E0,5.896687775E0,3.487298126E0,-3.722309418E0
1.084107000E0,6.189029846E0,3.257825317E0,-3.602408752E0
1.094130000E0,6.641239471E0,2.648891602E0,-3.595822449E0
1.104153000E0,7.148534546E0,1.968107300E0,-3.808829498E0
1.114176750E0,7.569159851E0,1.463506622E0,-4.187541962E0
1.124199750E0,7.973469086E0,1.248703308E0,-4.640649719E0
1.134221750E0,8.359965363E0,1.318158875E0,-5.166955261E0
1.144244750E0,8.663234711E0,1.622925110E0,-5.653892670E0
1.154267750E0,8.892408142E0,2.153122559E0,-5.944588165E0
1.164290750E0,9.044342194E0,2.639012146E0,-6.033054199E0
1.174313750E0,9.129365387E0,2.762954407E0,-6.026318207E0
1.184335750E0,9.177864532E0,2.513872375E0,-6.000272369E0
1.194358750E0,9.270521851E0,2.065854034E0,-6.032754822E0
1.204381750E0,9.440717926E0,1.525178375E0,-6.244115295E0
1.214404750E0,9.730365601E0,1.059646454E0,-6.584806824E0
1.224427750E0,1.003513184E1,7.026388550E-1,-6.899602203E0
1.234449750E0,1.023227188E1,4.116439819E-1,-7.042704620E0
1.244472750E0,1.025667114E1,2.537223816E-1,-6.765930176E0
1.254495750E0,1.003423370E1,2.595602417E-1,-6.010600891E0
1.264518750E0,9.613758087E0,4.852908325E-1,-5.103337555E0
1.274541750E0,9.130562897E0,9.683363342E-1,-4.275259552E0
1.284563750E0,8.729696503E0,1.429377594E0,-3.776347046E0
1.294586750E0,8.449479218E0,1.708397369E0,-3.726650391E0
1.304609750E0,8.314759369E0,1.775308228E0,-3.916306000E0
1.314632750E0,8.328530731E0,1.629661102E0,-4.167932739E0
1.324655750E0,8.377179565E0,1.369502106E0,-4.505331116E0
1.334678750E0,8.236621857E0,1.148860931E0,-4.683011627E0
1.344700750E0,7.842042389E0,1.046922913E0,-4.744084625E0
1.354723750E0,7.310348053E0,1.058748322E0,-4.768483887E0
1.364746750E0,6.859036560E0,1.139131165E0,-4.685556335E0
1.374769750E0,6.806795197E0,1.167122955E0,-4.707710266E0
1.384792750E0,7.241940308E0,1.081051941E0,-4.975353699E0
1.394814750E0,7.976462860E0,8.485853577E-1,-5.301824799E0
1.404837750E0,8.791517944E0,5.828878784E-1,-5.686075745E0
1.414860750E0,9.464069366E0,4.426295471E-1,-5.932164001E0
1.424883750E0,9.788295135E0,4.108955383E-1,-5.851631470E0
1.434906750E0,9.713899841E0,4.436773682E-1,-5.630690918E0
1.444928750E0,9.305848389E0,5.734574890E-1,-5.332960052E0
1.454951750E0,8.661887512E0,7.661068726E-1,-5.093458099E0
1.464974750E0,8.058342590E0,9.213340759E-1,-4.962480469E0
1.474997750E0,7.649991760E0,8.014334106E-1,-4.822222137E0
1.485020750E0,7.434440002E0,3.379971313E-1,-4.740641785E0
1.495042750E0,7.312443695E0,-3.632945251E-1,-4.760251007E0
1.505065750E0,7.152875519E0,-9.845027161E-1,-4.952451324E0
1.515088750E0,6.918912048E0,-1.194515991E0,-5.333558807E0
1.525111750E0,6.660699005E0,-8.235873413E-1,-5.522016907E0
1.535134750E0,6.541846161E0,-7.559280396E-2,-5.466183014E0
1.545156750E0,6.594536591E0,6.879693604E-1,-5.252726898E0
1.555179750E0,6.918912048E0,1.025218048E0,-5.002147980E0
1.565202750E0,7.491770782E0,8.433462524E-1,-4.856051788E0
1.575225750E0,8.199049988E0,2.971321106E-1,-4.680616608E0
1.585248750E0,8.890911255E0,-3.652404785E-1,-4.404141541E0
1.595270750E0,9.384285278E0,-8.443940735E-1,-3.944148102E0
1.605293750E0,9.637259216E0,-9.738748169E-1,-3.374881897E0
1.615316750E0,9.787846069E0,-6.577322388E-1,-3.125201111E0
1.625339750E0,9.925859070E0,7.035369873E-2,-3.354823608E0
1.635362750E0,1.012344818E1,8.641529846E-1,-3.921545105E0
1.645384750E0,1.036564453E1,1.386566620E0,-4.641697540E0
1.655407750E0,1.057625656E1,1.429078217E0,-5.297783203E0
1.665430750E0,1.075977493E1,1.037941589E0,-5.731431427E0
1.675453750E0,1.085602478E1,3.445834351E-1,-5.831124115E0
1.685476750E0,1.080198715E1,-4.022135925E-1,-5.522765350E0
1.695498750E0,1.062625259E1,-9.273216248E-1,-5.085823975E0
1.705521750E0,1.028196854E1,-1.054706726E0,-4.654570770E0
1.715544750E0,9.844877472E0,-8.138575745E-1,-4.315825195E0
1.725567750E0,9.441466370E0,-3.064128113E-1,-4.089495850E0
1.735590750E0,9.100924530E0,2.890489197E-1,-3.839665375E0
1.745613750E0,8.781937866E0,6.973997498E-1,-3.592229919E0
1.755635750E0,8.499325562E0,8.105644226E-1,-3.523971863E0
1.765658750E0,8.253386993E0,5.971083069E-1,-3.720213776E0
1.775681750E0,8.161178741E0,1.161584473E-1,-4.157005463E0
1.785704750E0,8.247848511E0,-4.349954224E-1,-4.645439758E0
1.795727750E0,8.431815948E0,-7.054829407E-1,-4.904251556E0
1.805749750E0,8.632847900E0,-5.264552307E-1,-4.885839844E0
1.815772750E0,8.751551056E0,-6.122268677E-2,-4.918172607E0
1.825795750E0,8.772956543E0,3.282673645E-1,-5.024451599E0
1.835818750E0,8.794960785E0,3.876937866E-1,-5.180876312E0
1.845841750E0,8.808881836E0,1.181044006E-1,-5.360203400E0
1.855863750E0,8.699609070E0,-3.739224243E-1,-5.334007874E0
1.865886750E0,8.450227661E0,-8.916957092E-1,-4.929399261E0
1.875909750E0,8.112080841E0,-1.272054749E0,-4.315974884E0
1.885932750E0,7.769443359E0,-1.390907593E0,-3.792513428E0
1.895955750E0,7.549999695E0,-1.271605682E0,-3.553161163E0
1.905977750E0,7.613018646E0,-9.922865295E-1,-3.641776886E0
1.916000750E0,8.060138855E0,-6.015989685E-1,-4.002676392E0
1.926023750E0,8.762777710E0,-2.369572449E-1,-4.609364777E0
1.936046750E0,9.421258392E0,6.256988525E-2,-5.150190125E0
1.946069750E0,9.829010468E0,2.936892700E-1,-5.587131500E0
1.956091750E0,9.781259766E0,3.243754578E-1,-5.823789368E0
1.966114750E0,9.303902435E0,1.472937012E-1,-5.866151276E0
1.976137750E0,8.665030975E0,-1.191522217E-1,-5.829926605E0
1.986160750E0,8.124654694E0,-4.376898193E-1,-5.747448120E0
1.996183750E0,7.774083710E0,-7.147636414E-1,-5.576204224E0
2.006205750E0,7.619754639E0,-7.891589355E-1,-5.366190948E0
2.016228750E0,7.664661255E0,-6.327342224E-1,-5.086722107E0
2.026251750E0,7.895331573E0,-3.317102051E-1,-4.929548950E0
2.036274750E0,8.166118469E0,-8.831634521E-2,-5.150938568E0
2.046297750E0,8.409362640E0,-2.424957275E-2,-5.563031616E0
2.056319750E0,8.689280548E0,-2.092648315E-1,-5.821394348E0
2.066342750E0,8.929530945E0,-4.640350342E-1,-5.764213257E0
2.076365750E0,8.941356354E0,-5.989045715E-1,-5.460195465E0
2.086388750E0,8.642427979E0,-5.930667114E-1,-5.166057129E0
2.096411750E0,8.236023102E0,-5.384303284E-1,-5.021008759E0
2.106433750E0,8.034542084E0,-4.667294312E-1,-5.110522614E0
2.116456250E0,8.149053955E0,-4.614903259E-1,-5.309159546E0
2.126479250E0,8.507259064E0,-5.102888489E-1,-5.536836090E0
2.136502250E0,8.819659424E0,-5.417234802E-1,-5.711223450E0
2.146525250E0,8.864715729E0,-6.301895142E-1,-5.835614777E0
2.156547250E0,8.623567200E0,-7.324269104E-1,-5.846242676E0
2.166570250E0,8.271798706E0,-7.008425903E-1,-5.764362946E0
2.176593250E0,7.917635193E0,-5.269042969E-1,-5.654491425E0
2.186616250E0,7.725135498E0,-2.448907471E-1,-5.636379089E0
2.196639250E0,7.808811493E0,4.056564331E-2,-5.662873993E0
2.206661250E0,8.160130920E0,2.183958435E-1,-5.676046600E0
2.216684250E0,8.679700470E0,1.643582153E-1,-5.682034149E0
2.226707250E0,9.153465271E0,-3.487747192E-2,-5.618117065E0
2.236730250E0,9.392667847E0,-2.803669739E-1,-5.486091614E0
2.246753250E0,9.391620026E0,-5.424719238E-1,-5.529501343E0
2.256775250E0,9.171727295E0,-7.505392456E-1,-5.618865509E0
2.266798250E0,8.917555847E0,-8.273295593E-1,-5.635331268E0
2.276821250E0,8.679850159E0,-8.192463684E-1,-5.533992004E0
2.286844250E0,8.477620697E0,-7.725434875E-1,-5.345384216E0
2.296867250E0,8.315807190E0,-6.502478027E-1,-5.113965454E0
2.306889250E0,8.246201935E0,-4.052073669E-1,-4.929399261E0
2.316912250E0,8.341703339E0,-2.517764282E-1,-4.922812958E0
2.326935250E0,8.481662292E0,-3.975732422E-1,-5.110971680E0
2.336958250E0,8.521030426E0,-7.116201782E-1,-5.263953552E0
2.346981250E0,8.365503845E0,-8.843609619E-1,-5.300028534E0
2.357003250E0,8.064030762E0,-8.363108826E-1,-5.316494293E0
2.367026250E0,7.712411957E0,-6.414161682E-1,-5.471571808E0
2.377049250E0,7.493716736E0,-4.867877197E-1,-5.679639130E0
2.387072250E0,7.500901794E0,-5.499563599E-1,-5.739215240E0
2.397095250E0,7.639513550E0,-8.445437622E-1,-5.473368073E0
2.407117250E0,7.796237640E0,-1.201401672E0,-4.987927551E0
2.417140250E0,7.843239899E0,-1.425485687E0,-4.706063690E0
2.427163250E0,7.804470520E0,-1.434017944E0,-4.750970306E0
2.437186250E0,7.777526550E0,-1.283730469E0,-4.830604706E0
2.447208250E0,7.805817719E0,-1.061592407E0,-4.872517548E0
2.457231250E0,7.837102661E0,-7.188052368E-1,-4.952002258E0
2.467254250E0,7.947872314E0,-3.787124634E-1,-4.905598755E0
2.477277250E0,8.186176758E0,-3.058140564E-1,-4.744234314E0
2.487300250E0,8.373137970E0,-5.774990845E-1,-4.650080109E0
2.497322250E0,8.532706146E0,-1.012793884E0,-4.744384003E0
2.507345250E0,8.700806580E0,-1.365909576E0,-4.993016968E0
2.517368250E0,8.816066895E0,-1.411864014E0,-4.987777863E0
2.527391250E0,8.787176971E0,-9.394464111E-1,-4.830305328E0
2.537414250E0,8.565487976E0,-5.792953491E-2,-4.708309021E0
2.547436250E0,8.223598938E0,7.685018921E-1,-4.853956146E0
2.557459250E0,7.937094727E0,1.158141632E0,-5.293442230E0
2.567482250E0,7.855813751E0,9.039701843E-1,-5.775140533E0
2.577505250E0,8.041128387E0,2.121089172E-1,-6.112089844E0
2.587528250E0,8.357420654E0,-4.948709106E-1,-6.228847046E0
2.597550250E0,8.636889496E0,-8.042774963E-1,-6.262826385E0
2.607573250E0,8.768615570E0,-5.120851135E-1,-6.300847321E0
2.617596250E0,8.736133118E0,1.776805115E-1,-6.354286194E0
2.627619250E0,8.547076263E0,8.119116211E-1,-6.475983124E0
2.637642250E0,8.209977264E0,9.830058289E-1,-6.467899933E0
2.647664250E0,7.943681030E0,4.825964355E-1,-6.156697083E0
2.657687250E0,7.874824219E0,-5.117857361E-1,-5.518274689E0
2.667710250E0,7.969277802E0,-1.473685455E0,-4.688550110E0
2.677733250E0,8.222401428E0,-1.981878662E0,-3.964505768E0
2.687756250E0,8.540489960E0,-1.927990723E0,-3.466192017E0
2.697778250E0,8.775650940E0,-1.464554443E0,-3.267255707E0
2.707801250E0,8.782087555E0,-7.929011536E-1,-3.578757935E0
2.717824250E0,8.600964203E0,-3.329077148E-1,-4.263883209E0
2.727847250E0,8.390801239E0,-2.754272461E-1,-4.998106384E0
2.737870250E0,8.391250305E0,-3.902384949E-1,-5.598058777E0
2.747892250E0,8.657696228E0,-5.257067871E-1,-6.010451202E0
2.757915250E0,9.044641571E0,-6.746470642E-1,-6.379733276E0
2.767938250E0,9.395511932E0,-6.590794373E-1,-6.587501221E0
2.777961250E0,9.476044464E0,-4.141886902E-1,-6.653963013E0
2.787984250E0,9.256600800E0,3.442840576E-2,-6.510860596E0
2.798006250E0,8.908125458E0,5.358856201E-1,-6.048621826E0
2.808029250E0,8.569379883E0,8.252339172E-1,-5.479804688E0
2.818052250E0,8.230933685E0,6.394702148E-1,-5.165308685E0
2.828075250E0,8.006699982E0,-3.817062378E-2,-4.927004242E0
2.838098250E0,7.967481537E0,-8.907975769E-1,-4.504133606E0
2.848120250E0,8.159831543E0,-1.524429932E0,-4.257446594E0
2.858143250E0,8.403824158E0,-1.738484802E0,-4.318818970E0
2.868166250E0,8.474477234E0,-1.490899658E0,-4.564158783E0
2.878189250E0,8.361911316E0,-9.279203796E-1,-5.015320587E0
2.888212250E0,8.080496521E0,-2.683918762E-1,-5.461991730E0
2.898234250E0,7.649393005E0,2.716850281E-1,-5.703439636E0
2.908257250E0,7.145840149E0,5.692662048E-1,-5.813011780E0
2.918280250E0,6.714287567E0,6.015989685E-1,-5.896538086E0
2.928303250E0,6.613996124E0,3.432362366E-1,-5.882467346E0
2.938326250E0,7.054530029E0,-1.152603149E-1,-5.787115631E0
2.948348250E0,7.698490906E0,-5.809419250E-1,-5.301525421E0
2.958371250E0,8.261769562E0,-7.924520874E-1,-4.696932678E0
2.968394250E0,8.517288208E0,-6.969506836E-1,-4.613256683E0
2.978417250E0,8.477021942E0,-4.233197021E-1,-4.924908600E0
2.988439250E0,8.338110809E0,-6.346801758E-2,-5.108726349E0
2.998462250E0,8.355923767E0,1.923500061E-1,-5.188360748E0
3.008485250E0,8.542884979E0,2.097138977E-1,-5.232069855E0
3.018508250E0,8.964558105E0,3.966751099E-2,-5.295986938E0
3.028531250E0,9.566606140E0,-1.152603149E-1,-5.432053986E0
3.038553250E0,1.002195923E1,-3.137475586E-1,-5.563330994E0
3.048576250E0,1.012075378E1,-4.572990417E-1,-5.542673950E0
3.058599250E0,9.734407196E0,-3.484753418E-1,-5.509293365E0
3.068622250E0,8.951086121E0,-5.313949585E-2,-5.466332703E0
3.078645250E0,8.108787689E0,3.296145630E-1,-5.267995148E0
3.088667250E0,7.517517242E0,6.506968689E-1,-5.046605530E0
3.098690250E0,7.333849182E0,8.782237244E-1,-5.171745300E0
3.108713250E0,7.561376038E0,1.068178711E0,-5.517226868E0
3.118736792E0,8.025710449E0,1.092278595E0,-5.885161743E0
3.128759792E0,8.460556183E0,9.163943481E-1,-6.127657471E0
3.138781792E0,8.507259064E0,5.474116516E-1,-5.886508942E0
3.148804792E0,8.156388702E0,9.385482788E-2,-5.216651917E0
3.158827792E0,7.678432617E0,-1.347198486E-1,-4.678670654E0
3.168850792E0,7.405699768E0,-2.371069336E-1,-4.452640686E0
3.178873792E0,7.500303040E0,-3.597019958E-1,-4.403692474E0
3.188895792E0,7.985893250E0,-3.839515686E-1,-4.490362244E0
3.198918792E0,8.547824707E0,-2.261796570E-1,-4.770280151E0
3.208941792E0,8.801846466E0,9.295669556E-2,-5.147046661E0
3.218964792E0,8.607101440E0,4.397854614E-1,-5.823340302E0
3.228987792E0,7.976762238E0,7.533833313E-1,-6.694229279E0
3.239009792E0,7.094347229E0,1.292412415E0,-6.856342163E0
3.249032792E0,6.264472961E0,1.582060089E0,-6.326444092E0
3.259055792E0,5.728437653E0,1.124461670E0,-6.022725677E0
3.269078792E0,5.856720886E0,2.742297363E-1,-6.298751678E0
3.279101792E0,6.786437531E0,-2.234852600E-1,-6.468947754E0
3.289123792E0,8.152945862E0,-1.603166199E-1,-6.204747162E0
3.299146792E0,9.307944031E0,-6.152206421E-2,-5.625601501E0
3.309169792E0,1.001178040E1,-3.561094666E-1,-4.866979065E0
3.319192792E0,1.032238449E1,-9.885443115E-1,-3.846850433E0
3.329215792E0,1.040606049E1,-1.570084991E0,-2.747835846E0
3.339237792E0,1.039947418E1,-1.822759552E0,-2.181114349E0
3.349260792E0,1.020607635E1,-1.732347565E0,-2.738704834E0
3.359283792E0,9.647438049E0,-1.412013702E0,-4.190835114E0
3.369306792E0,8.688382416E0,-1.061592407E0,-6.290219421E0
3.379329792E0,7.402705994E0,-4.924758911E-1,-7.868686981E0
3.389351792E0,6.226002960E0,3.866459656E-1,-7.894433441E0
3.399374792E0,5.546116791E0,1.336271210E0,-7.070397034E0
3.409397792E0,5.786965942E0,1.971550140E0,-5.885760498E0
3.419420792E0,7.071893921E0,1.735341339E0,-4.210294647E0
3.429442792E0,8.932674408E0,3.755690002E-1,-3.186124420E0
3.439465792E0,1.083387085E1,-1.122066650E0,-2.583477631E0
3.449488792E0,1.221430023E1,-2.059866486E0,-1.977837067E0
3.459511792E0,1.211236221E1,-2.246228943E0,-2.301164703E0
3.469534792E0,1.038166122E1,-1.615141296E0,-3.921096039E0
3.479556792E0,8.085735626E0,-6.420149231E-1,-6.030958557E0
3.489579792E0,6.470444641E0,1.924996948E-1,-7.257807312E0
3.499602792E0,5.980812836E0,4.960684204E-1,-7.031178589E0
3.509625792E0,6.433770905E0,2.894979858E-1,-6.022725677E0
3.519648792E0,7.117099915E0,-1.496887207E-4,-4.676425323E0
3.529670792E0,7.367978210E0,-7.080276489E-2,-3.439996490E0
3.539693792E0,7.282505951E0,8.681945801E-3,-3.496279449E0
3.549716792E0,7.596552887E0,2.124082947E-1,-4.759053497E0
3.559739792E0,8.223598938E0,4.719685364E-1,-6.264622650E0
3.569762792E0,8.852291565E0,8.261320496E-1,-7.040758667E0
3.579784792E0,9.367520142E0,1.003064117E0,-6.252048798E0
3.589807792E0,9.808952179E0,5.267546082E-1,-4.602778473E0
3.599830792E0,1.028990204E1,-2.091151428E-1,-3.660637665E0
3.609853792E0,1.059691360E1,-6.364764404E-1,-2.921474762E0
3.619876792E0,1.066472260E1,-8.339158630E-1,-2.427352295E0
3.629898792E0,1.071621552E1,-6.243516541E-1,-3.223396912E0
3.639921792E0,1.055036041E1,1.407073975E-2,-5.084327087E0
3.649944792E0,9.707163849E0,8.786727905E-1,-6.866520996E0
3.659967792E0,8.500074005E0,1.863025818E0,-7.543712769E0
3.669990792E0,7.613467712E0,2.727029114E0,-7.026837616E0
3.680012792E0,7.542066193E0,3.037034454E0,-5.421126709E0
3.690035792E0,8.475974121E0,2.184257813E0,-3.344944153E0
3.700058792E0,1.008108627E1,5.538482666E-1,-2.065854034E0
3.710081792E0,1.148801056E1,-7.432044983E-1,-1.573078766E0
3.720103792E0,1.198123489E1,-1.112636261E0,-2.460283813E0
3.730126792E0,1.112621292E1,-1.194515991E-1,-5.875581665E0
3.740149792E0,8.990603943E0,1.718576202E0,-8.831933899E0
3.750172792E0,7.075336761E0,3.205434265E0,-9.156309357E0
3.760195792E0,7.120243378E0,3.779191132E0,-7.312443695E0
3.770217792E0,9.050778809E0,2.880609741E0,-4.660408630E0
3.780240792E0,1.131721573E1,1.048569489E0,-2.817141724E0
3.790263792E0,1.208931015E1,-6.185137939E-1,-2.269730072E0
3.800286792E0,1.105211700E1,-1.209933929E0,-3.807332611E0
3.810309792E0,9.036408691E0,-3.073109436E-1,-5.701942749E0
3.820331792E0,8.008645935E0,1.764979706E0,-8.342601471E0
3.830354792E0,8.468938751E0,4.174818420E0,-1.034872971E1
3.840377792E0,9.285191345E0,5.162015533E0,-8.263116760E0
3.850400792E0,1.039079224E1,3.451372833E0,-4.932991791E0
3.860423792E0,1.128144012E1,7.349716187E-2,-1.939367065E0
3.870445792E0,1.068927155E1,-3.438499603E0,-1.314416656E0
3.880468792E0,8.074658661E0,-5.671705627E0,-1.989363098E0
3.890491792E0,4.385729828E0,-5.573659515E0,-2.147584076E0
3.900514792E0,1.591041412E0,-3.385060730E0,-2.467319183E0
3.910537792E0,6.280938721E-1,-1.824705505E-1,-2.342478790E0
3.920559792E0,1.570983124E0,2.214944000E0,-2.887196045E0
3.930582792E0,3.909570007E0,3.318149872E0,-3.797752533E0
3.940605792E0,6.197262726E0,3.969744873E0,-5.433850250E0
3.950628792E0,7.448211365E0,4.690346375E0,-7.305558014E0
3.960650792E0,7.261399841E0,4.683311005E0,-6.568341064E0
3.970673792E0,6.749464417E0,3.199297028E0,-4.010909271E0
3.980696792E0,7.192243652E0,6.491999817E-1,-1.567540283E0
3.990719792E0,8.279732208E0,-1.642684021E0,4.267625427E-1
4.000742792E0,9.440867615E0,-3.426075439E0,-5.224136353E-2
4.010764792E0,9.920919342E0,-4.407135315E0,-2.102527771E0
4.020787792E0,9.702673187E0,-3.210523682E0,-2.905607758E0
4.030810792E0,9.203461304E0,2.954855347E-1,-3.866459656E0
4.040833792E0,8.399183807E0,4.099974060E0,-4.850213928E0
4.050856792E0,7.198829956E0,6.461613007E0,-4.872218170E0
4.060878792E0,5.824986877E0,5.679788818E0,-3.260819092E0
4.070901792E0,6.028114471E0,1.576521606E0,-3.286864929E0
4.080924792E0,7.267088013E0,-2.040556641E0,5.858816528E-1
4.090947792E0,6.820416870E0,-5.157674561E0,-2.737956390E0
4.100970792E0,5.581293640E0,-6.847959595E0,-7.060966644E0
4.110992792E0,6.124663696E0,-5.640270996E0,-3.124302979E0
4.121017917E0,8.310867462E0,-3.307521973E0,-3.216062164E0
4.131040917E0,1.056847275E1,-4.326004028E-1,-8.988807678E-1
4.141063917E0,1.206880280E1,1.112636261E0,-8.604107666E-1
4.151086917E0,1.336076614E1,7.679031372E-1,-1.606010284E0
4.161108917E0,1.330448318E1,-6.541397095E-2,1.794618073E0
4.171131917E0,1.190549240E1,-8.060737610E-1,2.089654541E-1
4.181154917E0,1.098221237E1,5.054988098E-1,-1.134790192E0
4.191177917E0,1.180355438E1,2.726580048E0,-1.985171814E0
4.201199917E0,1.413420776E1,3.199446716E0,-3.273243256E0
4.211222917E0,1.588736206E1,2.261048126E0,-1.258133698E0
4.221245917E0,1.556448349E1,4.197271729E-1,3.375480652E-1
4.231268917E0,1.389710083E1,-1.143771515E0,-7.851173401E-1
4.241291917E0,1.167751648E1,-2.111060028E0,-1.782792664E0
4.251313917E0,9.631870422E0,-2.715802460E0,-3.750151520E0
4.261336917E0,7.636370087E0,-2.062560883E0,-4.415966949E0
4.271359917E0,6.114035797E0,-5.559439087E-1,-4.054319000E0
4.281382917E0,6.268514557E0,4.192781067E-1,-3.328478394E0
4.291405917E0,7.723638611E0,-1.618135071E-1,-2.318827972E0
4.301427917E0,9.142687683E0,-1.527423706E0,-1.233135681E0
4.311450917E0,9.444909210E0,-2.622546387E0,-1.331930237E0
4.321473917E0,8.994944916E0,-2.608026581E0,-2.426304474E0
4.331496917E0,8.827592926E0,-2.196382599E0,-2.428699493E0
4.341519917E0,1.040561142E1,-2.216440887E0,-2.383493500E0
4.351541917E0,1.308938049E1,-2.156415710E0,-6.732998657E-1
4.361564917E0,1.421533905E1,-2.393223267E0,-3.144960022E-1
4.371587917E0,1.245844254E1,-2.362986145E0,-1.167272644E0
4.381610917E0,9.850116577E0,-1.487905884E0,-2.212099915E0
4.391632917E0,8.414002991E0,-7.970924377E-1,-4.298760681E0
4.401655917E0,7.886050873E0,-8.569679260E-1,-4.794230347E0
4.411678917E0,8.080197144E0,-1.686243439E0,-3.876339111E0
4.421701917E0,9.237290955E0,-2.979703674E0,-3.768862610E0
4.431724917E0,1.068642746E1,-3.708238678E0,-2.437830505E0
4.441746917E0,1.167721710E1,-3.457061005E0,-1.498084717E0
4.451769917E0,1.157947037E1,-2.076481934E0,-2.014660492E0
4.461792917E0,1.054856415E1,2.142045593E-1,-2.330653381E0
4.471815917E0,9.499096527E0,2.066303101E0,-2.016606445E0
4.481838917E0,9.765392761E0,2.425256653E0,-1.816322937E0
4.491860917E0,1.088461533E1,6.489006042E-1,-1.557361450E0
4.501883917E0,1.145567780E1,-2.783312073E0,-1.407223663E0
4.511906917E0,1.154698792E1,-5.695356445E0,-1.375190277E0
4.521929917E0,1.158830200E1,-7.076384583E0,-1.555565186E0
4.531952917E0,1.118369339E1,-6.731501770E0,-2.647095337E0
4.541974917E0,1.029379395E1,-4.265380096E0,-3.242407379E0
4.551997917E0,9.100924530E0,-9.018745422E-1,-2.765948181E0
4.562020917E0,7.989635468E0,1.121617584E0,-1.503024445E0
4.572043917E0,7.670349426E0,6.568341064E-1,2.234852600E-1
4.582065917E0,7.955506439E0,-2.327360229E0,1.876048737E0
4.592088917E0,8.243806915E0,-5.751789093E0,1.160536652E0
4.602111917E0,8.295599213E0,-7.656727753E0,3.182382202E-1
4.612134917E0,8.715925140E0,-7.714657288E0,-1.390308838E0
4.622157917E0,9.774374084E0,-5.784570923E0,-3.404669952E0
4.632179917E0,1.066427353E1,-2.635419617E0,-3.621269531E0
4.642202917E0,1.112561417E1,-1.993853760E-1,-2.455493774E0
4.652225917E0,1.123234222E1,5.746549988E-1,-1.787433014E0
4.662248917E0,1.053778656E1,-6.626719666E-1,-1.161434784E0
4.672271917E0,9.030570831E0,-3.183579712E0,-1.104403381E0
4.682293917E0,7.585475922E0,-4.773722992E0,-2.784210205E-1
4.692316917E0,6.994055786E0,-5.049000549E0,5.493576050E-2
4.702339917E0,7.653284912E0,-4.499193878E0,-1.387764130E0
4.712362917E0,9.164242859E0,-3.317401428E0,-1.343306580E0
4.722384917E0,1.127365631E1,-2.302661591E0,-5.788462830E-1
4.732407917E0,1.296379166E1,-2.017504578E0,5.104385376E-2
4.742430917E0,1.336899902E1,-2.548450470E0,-6.667135620E-1
4.752453917E0,1.222702377E1,-3.582649841E0,-2.254162445E0
4.762476917E0,1.023212219E1,-4.401896210E0,-3.209775238E0
4.772498917E0,8.327033844E0,-4.372856598E0,-2.471809845E0
4.782521917E0,7.332501984E0,-3.460653534E0,-1.429078217E0
4.792544917E0,7.872578888E0,-1.742975464E0,-1.196911011E0
4.802567917E0,9.242080994E0,-3.186872864E-1,-1.984123993E0
4.812590917E0,1.030008087E1,-5.289999390E-1,-2.015858002E0
4.822612917E0,1.051368668E1,-1.962269440E0,-1.383273468E0
4.832635917E0,1.024275009E1,-3.486549683E0,-1.194965057E0
4.842658917E0,9.697284393E0,-4.921016693E0,-1.363664246E0
4.852681917E0,8.992549896E0,-5.743556213E0,-8.979826355E-1
4.862704917E0,8.653654633E0,-5.084626465E0,-6.188131714E-1
4.872726917E0,9.166338501E0,-3.412753143E0,-5.948629761E-1
4.882749917E0,1.035277130E1,-1.638343048E0,-2.336790619E0
4.892772917E0,1.095152618E1,-6.611750793E-1,-2.897075500E0
4.902795917E0,1.067071014E1,-7.219487000E-1,-2.152523804E0
4.912817917E0,1.023406815E1,-1.215023346E0,-2.359842682E0
4.922840917E0,9.745035095E0,-2.160457306E0,-3.114573212E0
4.932863917E0,9.296417999E0,-3.150348816E0,-3.986809387E0
4.942886917E0,8.942553864E0,-3.270997925E0,-2.892884216E0
4.952909917E0,9.317673798E0,-2.354154510E0,-5.412744141E-1
4.962931917E0,1.070004913E1,-1.060544586E0,-1.297801208E0
4.972954917E0,1.140074203E1,-3.234773254E-1,-2.553390198E0
4.982977917E0,1.056248520E1,-2.800675964E-1,-1.249601440E0
4.993000917E0,8.840017090E0,-4.400848389E-1,-5.542973328E-1
5.003023917E0,7.101831665E0,-6.676116943E-1,-1.648521881E0
5.013045917E0,6.006708984E0,-7.637118530E-1,-2.437980194E0
5.023068917E0,6.357878723E0,-1.013841705E0,-2.003882904E0
5.033091917E0,8.275989990E0,-1.304986267E0,-1.976040802E0
5.043114917E0,1.068567902E1,-1.423988800E0,-2.714455261E0
5.053137917E0,1.249885849E1,-9.487271118E-1,-4.148024139E0
5.063159917E0,1.437820038E1,-2.799179077E-2,-2.505340118E0
5.073182917E0,1.559651688E1,3.137475586E-1,6.065386963E-1
5.083205917E0,1.356269623E1,2.839595032E-1,-1.556762695E-2
5.093228917E0,9.205257568E0,3.300636292E-1,-4.114643555E0
5.103250917E0,5.096002808E0,4.589456177E-1,-6.827452240E0
5.113273917E0,2.237247620E0,5.387297058E-1,-6.714886322E0
5.123294292E0,1.159339142E0,9.394464111E-1,-3.674109650E0
5.133317292E0,1.761836243E0,1.491348724E0,4.123924255E-1
5.143340292E0,3.514840851E0,1.333876190E0,4.501139832E-1
5.153362292E0,6.123017120E0,7.719447327E-1,-3.966002655E0
5.163385292E0,8.297694855E0,3.589535522E-1,-8.335865479E0
5.173408292E0,7.834108887E0,2.773731995E-1,-9.713600464E0
5.183431292E0,4.505031738E0,-1.616638184E-1,-7.868537292E0
5.193454292E0,2.751428375E0,-1.217118988E0,-2.621947632E0
5.203476292E0,4.491410065E0,-2.887794800E0,3.244053955E0
5.213499292E0,5.637277222E0,-4.748724976E0,4.321812744E0
5.223522292E0,5.579197998E0,-4.503983917E0,1.634900208E0
5.233545292E0,8.825497284E0,-2.230212250E0,-3.937112732E0
5.243567292E0,1.646800461E1,2.944676514E0,-7.062164154E0
5.253590292E0,2.416095703E1,6.981631622E0,-6.208639069E0
5.263613292E0,2.156146271E1,4.683760071E0,-5.281167755E0
5.273636292E0,1.469269638E1,4.228706360E-1,-4.367168427E0
5.283659292E0,1.085647385E1,-8.690927124E-1,-1.545835419E0
5.293681292E0,9.852212219E0,-1.112187195E-1,5.321434021E-1
5.303704292E0,1.126227997E1,8.131091309E-1,-9.102571106E-1
5.313727292E0,1.209275299E1,1.177900543E0,-3.789669342E0
5.323750292E0,9.876611481E0,9.425898743E-1,-4.177213440E0
5.333773292E0,6.643634491E0,3.339555359E-1,-4.682412872E0
5.343795292E0,4.353097687E0,-3.971241760E-1,-5.462291107E0
5.353818292E0,3.774550781E0,-1.623823242E0,-6.884184265E0
5.363841292E0,4.603676605E0,-2.580633545E0,-7.397915955E0
5.373864292E0,6.139482880E0,-2.531385956E0,-4.528383179E0
5.383886292E0,7.857160950E0,-2.081571350E0,-3.274590454E0
5.393909292E0,8.696166229E0,-1.764680328E0,-3.420686646E0
5.403932292E0,8.194559326E0,-1.818268890E0,-2.949316864E0
5.413955292E0,7.206314392E0,-2.115700378E0,-2.274370422E0
5.423978292E0,7.341932373E0,-1.979333954E0,-1.766326904E0
5.434000292E0,9.055269470E0,-5.903723145E-1,-1.829196167E0
5.444023292E0,1.065020279E1,6.575825500E-1,-2.197580109E0
5.454046292E0,1.141346558E1,-6.655160522E-1,-8.023315430E-1
5.464069292E0,1.252430557E1,-4.608316956E0,-1.197809143E0
5.474092292E0,1.196521820E1,-8.450676727E0,-2.641107788E0
5.484114292E0,7.731123047E0,-9.835596771E0,-1.651665344E0
5.494137292E0,3.964655457E0,-7.951764221E0,9.729766846E-2
5.504160292E0,4.063450012E0,-3.406017151E0,-1.904040527E-1
5.514183292E0,7.215595093E0,2.680775299E0,-4.999603271E-1
5.524206292E0,1.109792175E1,8.167765045E0,-1.157842255E0
5.534228292E0,1.407433228E1,9.238338776E0,-2.864443359E0
5.544251292E0,1.626502670E1,4.880301361E0,-3.980372772E0
5.554274292E0,1.627685211E1,-1.763033752E0,-5.065615997E0
5.564297292E0,1.284613632E1,-6.918762360E0,-6.740034027E0
5.574319292E0,8.979227600E0,-7.961194611E0,-6.092929688E0
5.584342292E0,7.009773102E0,-5.896687775E0,-4.954097900E0
5.594365292E0,5.998176727E0,-2.617756348E0,-1.920805664E0
5.604388292E0,5.556744690E0,-1.844165039E-1,3.366349640E0
5.614411292E0,5.935457153E0,-4.180805969E-1,-5.888754272E-1
5.624433292E0,7.191944275E0,-2.044598236E0,-2.825673981E0
5.634456292E0,9.378597107E0,-2.443668365E0,-4.658762054E0
5.644479292E0,1.196836166E1,-7.521858215E-1,-5.814808044E0
5.654502292E0,1.429632065E1,1.829645233E0,-3.161425781E0
5.664525292E0,1.583467163E1,3.896397400E0,-1.380579071E0
5.674547292E0,1.412432831E1,3.221450958E0,1.290616150E0
5.684570292E0,9.702822876E0,3.553610229E-1,2.407144318E0
5.694593292E0,7.278614044E0,-1.632505188E0,5.801934814E-1
5.704616292E0,8.146808624E0,-2.916535034E0,-2.503543854E0
5.714638292E0,1.045171555E1,-2.913391571E0,-5.989644470E0
5.724661292E0,1.138008499E1,-2.152523804E-1,-6.565197601E0
5.734684292E0,1.022059616E1,3.523672485E0,-5.286257172E0
5.744707292E0,8.947044525E0,5.960604858E0,-5.598956909E0
5.754730292E0,8.641080780E0,5.264103241E0,-3.661835175E0
5.764752292E0,8.836873627E0,1.336869965E0,-1.846410370E0
5.774775292E0,9.827363892E0,-2.861150208E0,-1.490899658E-1
5.784798292E0,1.141092087E1,-5.837261353E0,-1.501078491E0
5.794821292E0,1.267818558E1,-6.709497528E0,-5.437293091E0
5.804844292E0,1.151106262E1,-4.850812683E0,-7.454348602E0
5.814866292E0,9.673932953E0,-1.923200684E0,-5.538332977E0
5.824889292E0,9.577683105E0,-1.929487610E-1,-3.730093231E0
5.834912292E0,9.637558594E0,-6.873706055E-1,7.783813477E-2
5.844935292E0,8.426576843E0,-3.609743500E0,1.544188843E0
5.854958292E0,7.162455597E0,-6.986870728E0,-7.658074951E-1
5.864980292E0,6.309379578E0,-8.325986023E0,-1.550775146E0
5.875003292E0,5.956263885E0,-6.971901855E0,-2.904110870E0
5.885026292E0,6.661896515E0,-3.421734467E0,-4.868775330E0
5.895049292E0,8.755442963E0,8.948391724E-1,-4.256398773E0
5.905071292E0,1.182016983E1,3.929328918E0,-4.221970367E0
5.915094292E0,1.351629272E1,4.487518158E0,-3.579955444E0
5.925117292E0,1.276725037E1,1.930984497E0,-7.110214233E-1
5.935140292E0,1.192914322E1,-2.359842682E0,-2.797682190E-1
5.945163292E0,1.163739990E1,-5.566324768E0,-1.348096619E0
5.955185292E0,1.089958420E1,-6.536906433E0,-2.217039642E0
5.965208292E0,1.014021332E1,-4.631219330E0,-4.926555176E0
5.975231292E0,9.199120331E0,-9.936337280E-1,-5.877377930E0
5.985254292E0,8.127498779E0,2.120340729E0,-5.010680237E0
5.995277292E0,7.466174011E0,3.630250854E0,-3.873944092E0
6.005299292E0,7.318730621E0,2.437082062E0,-1.958078156E0
6.015322292E0,7.988437958E0,-1.599573669E0,-1.584455109E0
6.025345292E0,9.548643494E0,-5.899382172E0,-1.240320740E0
6.035368292E0,1.095407089E1,-8.826994171E0,4.293072510E-1
6.045390292E0,1.120958954E1,-9.802216187E0,3.647914124E-1
6.055413292E0,1.071187454E1,-7.842641144E0,-2.884501648E-1
6.065436292E0,9.765392761E0,-3.786376190E0,-1.860331421E0
6.075459292E0,8.083639984E0,1.335223389E-1,-4.138743439E0
6.085482292E0,6.317313080E0,2.924019470E0,-3.976929932E0
6.095504292E0,5.689069519E0,3.046015778E0,-3.022065582E0
6.105527292E0,7.533533936E0,3.067121887E-1,-3.361110535E0
6.115550292E0,1.043779449E1,-3.459456024E0,-2.561024323E0
6.125573292E0,1.182466049E1,-6.729106750E0,-2.813698883E0
6.135596292E0,1.080468155E1,-7.709717560E0,-3.956721954E0
6.145618292E0,8.100554810E0,-5.835764465E0,-3.305276642E0
6.155641292E0,6.051914978E0,-2.836301880E0,-3.007845154E0
6.165664292E0,5.612877960E0,1.213975525E-1,-1.714833984E0
6.175687292E0,6.307283936E0,1.888772278E0,2.754272461E-1
6.185709292E0,8.425229645E0,1.347348175E0,6.424639893E-1
6.195732292E0,1.148786087E1,-6.962022400E-1,2.797682190E-1
6.205755292E0,1.405562119E1,-3.148402863E0,-1.598825226E0
6.215778292E0,1.478729965E1,-4.602329407E0,-3.872297516E0
6.225801292E0,1.319057007E1,-4.140390015E0,-5.523364105E0
6.235823292E0,1.016700760E1,-2.610421600E0,-5.574557648E0
6.245846292E0,7.897576904E0,-1.016386414E0,-3.972439270E0
6.255869292E0,6.754553833E0,-5.210664368E-1,-7.110214233E-1
6.265892292E0,6.263724518E0,-1.883832550E0,5.231620789E-1
6.275915292E0,6.382577362E0,-3.612437897E0,-1.919009399E-1
6.285937292E0,6.924300842E0,-4.441114655E0,-1.469793549E0
6.295960292E0,7.752977600E0,-3.921395416E0,-3.889661407E0
6.305983292E0,8.697513428E0,-2.093247070E0,-4.874463501E0
6.316006292E0,9.489516449E0,-2.430944824E-1,-4.867128754E0
6.326028292E0,1.044602737E1,1.899549866E-1,-4.531526642E0
6.336051292E0,1.139355698E1,-8.686436462E-1,-1.778451691E0
6.346074292E0,1.151255951E1,-3.171305237E0,8.764274597E-1
6.356097292E0,1.041848465E1,-5.317841492E0,-1.778302002E-1
6.366120292E0,8.757987671E0,-5.413941650E0,-2.113904114E0
6.376142292E0,7.468868408E0,-3.493884430E0,-4.160448303E0
6.386165292E0,6.947652283E0,-1.070873108E0,-5.618266754E0
6.396188292E0,7.708070984E0,8.427474976E-1,-4.347858582E0
6.406211292E0,9.972711639E0,1.157542877E0,-2.026635590E0
6.416234292E0,1.258642639E1,-4.707710266E-1,-1.418899384E0
6.426256292E0,1.318622910E1,-2.823877716E0,-2.123633881E0
6.436279292E0,1.101125198E1,-4.760849762E0,-2.976410522E0
6.446302292E0,7.912396088E0,-5.219346313E0,-4.207899628E0
6.456325292E0,5.887856140E0,-3.681893463E0,-4.786147156E0
6.466348292E0,5.592220917E0,-1.143023071E0,-3.953578491E0
6.476370292E0,7.276518402E0,3.418890381E-1,-2.680026855E0
6.486393292E0,1.031699570E1,-7.843688965E-2,-1.626966705E0
6.496416292E0,1.234707413E1,-2.183209991E0,-2.606529694E0
6.506439292E0,1.160746216E1,-4.836741943E0,-3.695365448E0
6.516461292E0,9.425599365E0,-5.835016022E0,-3.774999847E0
6.526484292E0,8.137976990E0,-3.653302917E0,-4.855602722E0
6.536507292E0,8.138426056E0,7.376660156E-1,-5.475164337E0
6.546530292E0,9.109007721E0,4.718936920E0,-4.636608124E0
6.556553292E0,1.207434128E1,5.909561005E0,-2.526895294E0
6.566575292E0,1.608210709E1,3.869154053E0,-1.053808594E0
6.576598292E0,1.640348877E1,-5.586383057E-1,-1.319805450E0
6.586621292E0,1.284239410E1,-4.821922760E0,-2.864742737E0
6.596644292E0,9.345815277E0,-7.096293182E0,-4.661606140E0
6.606667292E0,7.318880310E0,-6.908134460E0,-5.630840607E0
6.616689292E0,6.394402771E0,-4.256398773E0,-5.099445648E0
6.626712292E0,6.366111603E0,-1.398392029E0,-4.130061493E0
6.636735292E0,6.798412628E0,-2.381547546E-1,-3.467539215E0
6.646758292E0,7.072492676E0,-7.587721252E-1,-3.604504395E0
6.656780292E0,6.703060913E0,-2.447410583E0,-4.805157623E0
6.666803292E0,6.350094910E0,-4.004173279E0,-4.391717377E0
6.676826292E0,7.094945984E0,-4.026626587E0,-2.461481323E0
6.686849292E0,8.724307709E0,-2.628533936E0,-2.557282104E0
6.696872292E0,1.022149429E1,-3.466790771E-1,-2.921923828E0
6.706894292E0,1.082114731E1,1.040186920E0,-3.232527924E0
6.716917292E0,1.096769257E1,9.940827942E-1,-3.408262482E0
6.726940292E0,1.121048767E1,2.314187622E-1,-3.682791595E0
6.736963292E0,1.117830460E1,-7.991880798E-1,-5.187761993E0
6.746986292E0,1.021326141E1,-1.446891174E0,-4.580474854E0
6.757008292E0,8.924441528E0,-1.618733826E0,-3.196602631E0
6.767031292E0,8.251590729E0,-1.248852997E0,-2.608775024E0
6.777054292E0,7.571405182E0,-1.338067474E0,-2.029479675E0
6.787077292E0,7.137307892E0,-2.463876343E0,-1.037791901E0
6.797099292E0,7.412435760E0,-3.068618774E0,-9.481283569E-1
6.807122292E0,7.520211639E0,-2.801873474E0,-2.382445679E0
6.817145292E0,7.382498016E0,-2.156715088E0,-3.950734406E0
6.827168292E0,7.431446228E0,-1.105002136E0,-5.284460907E0
6.837191292E0,7.554789734E0,-1.848655701E-1,-6.766528931E0
6.847213292E0,8.181386719E0,1.060993652E0,-8.826694794E0
6.857236292E0,8.633746033E0,2.466870117E0,-8.644373932E0
6.867259292E0,8.552764435E0,2.798131256E0,-6.006110229E0
6.877282292E0,9.236243134E0,2.284549255E0,-3.295696564E0
6.887305292E0,9.807904358E0,1.253643036E0,-1.458716583E0
6.897327292E0,9.946815491E0,3.233276367E-2,-7.875123596E-1
6.907350292E0,1.055125854E1,-8.834628296E-1,-7.060816956E-1
6.917373292E0,1.211341003E1,-1.934726715E0,-1.448088684E0
6.927396292E0,1.426892761E1,-2.806214447E0,-2.818339233E0
6.937419292E0,1.426204193E1,-3.107687531E0,-3.659889221E0
6.947441292E0,1.211191315E1,-3.928281097E0,-3.776496735E0
6.957464292E0,9.784403229E0,-4.797224121E0,-3.585194550E0
6.967487292E0,7.233108673E0,-4.872068481E0,-2.623594208E0
6.977510292E0,4.615951080E0,-4.684957581E0,-2.757266235E0
6.987532292E0,3.202739868E0,-4.063899078E0,-2.683469696E0
6.997555292E0,3.134781189E0,-3.046913910E0,-2.863844604E0
7.007578292E0,4.515959015E0,-2.049837341E0,-3.306474152E0
7.017601292E0,6.637048187E0,-1.070274353E0,-4.321213989E0
7.027624292E0,8.587192841E0,-9.913883972E-1,-3.706292725E0
7.037646292E0,1.094194611E1,-1.534608765E0,-3.008593597E0
7.047669292E0,1.281784515E1,-1.919907532E0,-2.460583191E0
7.057692292E0,1.328711929E1,-2.071841583E0,-2.217788086E0
7.067715292E0,1.309072769E1,-1.648821259E0,-1.887724457E0
7.077738292E0,1.292442352E1,-1.083596649E0,-2.688559113E0
7.087760292E0,1.283176620E1,-8.854087830E-1,-3.919150085E0
7.097783292E0,1.163799866E1,-1.021176453E0,-4.031266937E0
7.107806292E0,1.032193542E1,-1.674118652E0,-3.482957153E0
7.117829292E0,9.931098175E0,-2.241588593E0,-3.115022278E0
7.127851292E0,9.451345825E0,-2.417472839E0,-2.547851715E0
7.137874292E0,8.678502960E0,-2.309397583E0,-2.216590576E0
7.147897292E0,8.653055878E0,-1.602717133E0,-2.240840149E0
7.157920292E0,9.090745697E0,-7.396119690E-1,-1.879491577E0
7.167943292E0,9.778415680E0,-1.207987976E-1,-1.624871063E0
7.177965292E0,1.068927155E1,3.140469360E-1,-2.193388824E0
7.187988292E0,1.074495575E1,4.311035156E-2,-1.701062622E0
7.198011292E0,1.081471069E1,-1.119971008E0,-3.673361206E-1
7.208034292E0,1.180894318E1,-2.380799103E0,-6.756948853E-1
7.218057292E0,1.203527252E1,-3.254532166E0,-2.389630737E0
7.228079292E0,1.068088898E1,-3.581751709E0,-3.833827515E0
7.238102292E0,9.334738312E0,-2.818039856E0,-4.060306549E0
7.248125292E0,9.052575073E0,-8.913963318E-1,-3.781735840E0
7.258148292E0,9.445807343E0,1.426383820E0,-4.583468628E0
7.268170292E0,9.374705200E0,2.593357086E0,-6.108347626E0
7.278193292E0,8.571176147E0,1.817370758E0,-6.756050720E0
7.288216292E0,7.546706543E0,5.748046875E-2,-7.262148285E0
7.298239292E0,6.518943787E0,-1.521585846E0,-7.311545563E0
7.308262292E0,4.850662994E0,-2.502795410E0,-5.530698853E0
7.318284292E0,2.863096161E0,-2.296224976E0,-3.340303802E0
7.328307292E0,1.859732666E0,-4.803511047E-1,-1.631906433E0
7.338330292E0,2.277364197E0,2.385888519E0,-8.502319336E-2
7.348353292E0,3.312012634E0,5.164260864E0,-1.148411865E0
7.358376292E0,4.623585205E0,5.694907379E0,-4.268373871E0
7.368398292E0,7.387737122E0,2.868335266E0,-7.097191315E0
7.378421292E0,1.102637054E1,-1.167272644E0,-7.181915131E0
7.388444292E0,1.366643051E1,-4.732708282E0,-4.077670441E0
7.398467292E0,1.600307144E1,-6.491251373E0,-9.868977356E-1
7.408489292E0,1.884491180E1,-5.621559906E0,3.989204407E-1
7.418512292E0,2.036859329E1,-1.880240021E0,-6.167175293E-1
7.428535292E0,1.800725372E1,2.978955231E0,-2.620151367E0
7.438558292E0,1.278670990E1,5.556445312E0,-4.536316681E0
7.448581292E0,8.530909882E0,4.670587463E0,-7.580536194E0
7.458603292E0,6.071075134E0,1.721420288E0,-8.103398895E0
7.468626292E0,3.541934509E0,-1.391356659E0,-5.195396118E0
7.478649292E0,1.835333405E0,-3.818409576E0,-2.421215057E0
7.488672292E0,2.961741028E0,-4.327201538E0,-1.624421997E0
7.498695292E0,5.944737854E0,-2.237696686E0,-1.525477753E0
7.508717292E0,8.085286560E0,6.415658569E-1,-1.845661926E0
7.518740292E0,8.110134888E0,2.403551788E0,-3.248843994E0
7.528763292E0,7.257208557E0,2.425256653E0,-5.507796478E0
7.538786292E0,7.032825165E0,1.427132263E0,-6.475983124E0
7.548809292E0,7.509733429E0,5.915698242E-1,-5.539829865E0
7.558831292E0,8.599018250E0,1.254391479E-1,-3.350332947E0
7.568854292E0,1.037103333E1,-3.586541748E-1,-2.056124268E0
7.578877292E0,1.226115280E1,-6.741979980E-1,-2.294578400E0
7.588900292E0,1.336435867E1,-8.788224792E-1,-2.592458954E0
7.598922292E0,1.375804001E1,-1.254092102E0,-2.687810669E0
7.608945292E0,1.307740540E1,-1.345102844E0,-2.861748962E0
7.618968292E0,1.124596390E1,-1.140029297E0,-2.769391022E0
7.628991292E0,8.957822113E0,-6.447093201E-1,-2.402653656E0
7.639014292E0,6.740483093E0,1.631607056E-1,-2.031126251E0
7.649036292E0,4.877307587E0,7.170089722E-1,-1.337917786E0
7.659059292E0,3.773652649E0,9.689350891E-1,-1.092278595E0
7.669082292E0,3.916156311E0,6.315367126E-1,-1.994003448E0
7.679105292E0,5.701793060E0,-9.047186279E-1,-4.021537170E0
7.689128292E0,8.645870819E0,-2.532433777E0,-7.300169220E0
7.699150292E0,1.061128372E1,-3.163371735E0,-8.674461365E0
7.709173292E0,1.065439407E1,-2.682721252E0,-6.118676147E0
7.719196292E0,1.046009811E1,-1.457519073E0,-3.490740967E0
7.729219292E0,1.098071548E1,-6.186634827E-1,-2.653082886E0
7.739241292E0,1.120405106E1,-6.348298645E-1,-2.658920746E0
7.749264292E0,1.081351318E1,-5.882766724E-1,-3.519930267E0
7.759287292E0,9.538015594E0,-5.161267090E-1,-3.093916168E0
7.769310292E0,8.327183533E0,-4.492158508E-1,-2.435585175E0
7.779333292E0,7.688312073E0,3.327580261E-1,-3.183879089E0
7.789355292E0,7.240892487E0,1.264720001E0,-3.141367493E0
7.799378292E0,7.533384247E0,1.835034027E0,-2.637964325E0
7.809401292E0,8.727151794E0,1.379231873E0,-3.440595245E0
7.819424292E0,1.012644196E1,-2.365081787E-1,-4.200115814E0
7.829447292E0,1.155806488E1,-1.535506897E0,-3.723207550E0
7.839469292E0,1.286664368E1,-1.589245148E0,-2.461631012E0
7.849492292E0,1.341585159E1,-9.282197571E-1,-2.598446503E0
7.859515292E0,1.252610184E1,-1.058299255E-1,-4.286336517E0
7.869538292E0,1.053479279E1,3.246748352E-1,-5.347629547E0
7.879560292E0,8.461304626E0,2.610571289E-1,-5.374274139E0
7.889583292E0,6.430028687E0,6.870712280E-2,-4.705764313E0
7.899606292E0,4.238585815E0,-6.430627441E-1,-2.897075500E0
7.909629292E0,3.686384125E0,-1.908680878E0,-2.362986145E0
7.919652292E0,5.738915863E0,-2.914140015E0,-2.870730286E0
7.929674292E0,8.740623779E0,-3.473377075E0,-3.684288483E0
7.939697292E0,1.076127182E1,-2.919977875E0,-4.548740845E0
7.949720292E0,1.125524460E1,-9.756710815E-1,-4.065994720E0
7.959743292E0,1.145956970E1,1.558109894E0,-4.409829712E0
7.969766292E0,1.135463791E1,3.817511444E0,-4.954846344E0
7.979788292E0,1.044018951E1,3.896846466E0,-4.025878143E0
7.989811292E0,1.020517822E1,1.455423431E0,-4.061803436E0
7.999834292E0,1.092548035E1,-1.738933868E0,-2.762954407E0
8.009857292E0,1.150552414E1,-4.820725250E0,-2.151475983E0
8.019880292E0,1.179113022E1,-6.394702148E0,-3.615281982E0
8.029902292E0,1.088027435E1,-5.364993439E0,-3.108136597E0
8.039925292E0,9.035061493E0,-2.694846039E0,-3.387156372E0
8.049948292E0,7.488926697E0,5.010081482E-1,-6.252647552E0
8.059971292E0,5.729335785E0,3.612886963E0,-6.801556091E0
8.069993292E0,4.345613251E0,4.876858521E0,-5.747448120E0
8.080016292E0,5.077142029E0,3.462599487E0,-5.334456940E0
8.090039292E0,7.920329590E0,6.514453125E-1,-3.201841736E0
8.100062292E0,1.136526581E1,-2.107168121E0,-1.828597412E0
8.110085292E0,1.365655106E1,-3.412453766E0,-2.947969666E0
8.120107292E0,1.362571518E1,-2.619103546E0,-2.959944763E0
8.130129875E0,1.254870483E1,-6.833290100E-1,-2.613864441E0
8.140152875E0,1.169817352E1,1.326541443E0,-3.883224792E0
8.150175875E0,1.082803299E1,2.031126251E0,-4.377946014E0
8.160198875E0,9.526639252E0,1.071322174E0,-5.016069031E0
8.170220875E0,7.905510406E0,-5.375321960E-1,-4.632267151E0
8.180243875E0,6.935976563E0,-1.946701813E0,-3.703897705E0
8.190266875E0,6.985074463E0,-2.557581482E0,-3.560046844E0
8.200289875E0,7.387587433E0,-1.890269165E0,-3.893553314E0
8.210311875E0,7.378606110E0,-1.957928467E-1,-4.547094269E0
8.220334875E0,6.899003448E0,1.236428833E0,-4.383933563E0
8.230357875E0,6.801855469E0,1.220262451E0,-3.914809113E0
8.240380875E0,7.993377686E0,-4.514611816E-1,-2.891387329E0
8.250403875E0,1.034558624E1,-2.751727753E0,-2.564916229E0
8.260425875E0,1.201880676E1,-4.173471222E0,-2.733166351E0
8.270448875E0,1.197809143E1,-3.878734131E0,-3.738026733E0
8.280471875E0,1.117082016E1,-1.905238037E0,-5.160818024E0
8.290494875E0,1.005204666E1,8.554710388E-1,-5.249583435E0
8.300517875E0,8.907975769E0,3.186872864E0,-4.473597107E0
8.310539875E0,8.461005249E0,4.216731262E0,-3.829935608E0
8.320562875E0,8.129893799E0,3.299139404E0,-2.779869232E0
8.330585875E0,7.889793091E0,3.188369751E-1,-1.523531799E0
8.340608875E0,8.725505219E0,-3.214116211E0,-2.008972321E0
8.350630875E0,1.003303619E1,-5.261708221E0,-3.268453217E0
8.360653875E0,1.066846481E1,-4.909490662E0,-4.332141266E0
8.370676875E0,1.062176193E1,-2.301464081E0,-4.699327698E0
8.380699875E0,1.024888733E1,9.735754395E-1,-5.251529388E0
8.390722875E0,9.472601624E0,3.270249481E0,-4.942571869E0
8.400744875E0,8.613238678E0,3.159629517E0,-3.467239838E0
8.410767875E0,7.652237091E0,9.473799133E-1,-2.138003998E0
8.420790875E0,6.778354340E0,-1.939217377E0,-2.358944550E0
8.430813875E0,6.935976563E0,-3.793710938E0,-4.034260712E0
8.440836875E0,7.972870331E0,-3.801494751E0,-4.859344940E0
8.450858875E0,9.342222748E0,-2.103575592E0,-4.624333649E0
8.460881875E0,1.053344559E1,7.131170654E-1,-4.239483948E0
8.470904875E0,1.076486435E1,3.160677338E0,-4.487667847E0
8.480927875E0,9.742789764E0,3.794309692E0,-3.908372498E0
8.490949875E0,8.208779755E0,1.764680328E0,-3.472329254E0
8.500972875E0,6.929989014E0,-1.005758514E0,-3.696562958E0
8.510995875E0,5.817652130E0,-2.436183929E0,-3.310815125E0
8.521018875E0,5.604794769E0,-2.106569366E0,-3.418591003E0
8.531041875E0,6.642886047E0,-3.065625000E-1,-4.190236359E0
8.541063875E0,7.736362152E0,2.128723297E0,-4.849615173E0
8.551086875E0,8.326884155E0,4.265080719E0,-5.273533630E0
8.561109875E0,8.978778534E0,4.391567688E0,-4.752766571E0
8.571132875E0,1.052775742E1,2.068249054E0,-3.338956604E0
8.581155875E0,1.137364838E1,-1.209185486E0,-2.468816071E0
8.591177875E0,9.894723816E0,-3.852538605E0,-2.263892212E0
8.601200875E0,7.532785492E0,-5.204826508E0,-3.256777496E0
8.611223875E0,5.926475830E0,-4.590803375E0,-5.464237061E0
8.621246875E0,4.938679962E0,-2.435585175E0,-7.909552002E0
8.631269875E0,4.416266327E0,1.594184875E-1,-7.848179626E0
8.641291875E0,4.921465759E0,2.628234558E0,-6.383774872E0
8.651314875E0,6.722670135E0,4.181404724E0,-3.501219177E0
8.661337875E0,9.098679199E0,3.330873413E0,-1.578018494E0
8.671360875E0,1.013901581E1,5.650749207E-1,-1.045126648E0
8.681382875E0,9.600585480E0,-2.012265472E0,-6.587800598E-1
8.691405875E0,9.590107269E0,-3.348087616E0,-2.096989288E0
8.701428875E0,1.091185867E1,-2.880609741E0,-4.343517609E0
8.711451875E0,1.211251190E1,-9.380992126E-1,-5.808970184E0
8.721474875E0,1.288969574E1,4.263134766E-1,-5.224136353E0
8.731496875E0,1.400113449E1,-2.200424194E-2,-3.035537567E0
8.741519875E0,1.357212662E1,-2.115550690E0,-2.548600159E0
8.751542875E0,1.066187851E1,-4.188739471E0,-2.675685883E0
8.761565875E0,7.176975403E0,-5.163063354E0,-3.213218079E0
8.771588875E0,4.311035156E0,-4.755311279E0,-3.989952850E0
8.781610875E0,2.553240509E0,-2.823278961E0,-3.624862061E0
8.791633875E0,3.121009827E0,4.206253052E-2,-3.579955444E0
8.801656875E0,6.829996948E0,2.095342712E0,-3.408561859E0
8.811679875E0,1.239931549E1,2.241738281E0,-2.832559662E0
8.821701875E0,1.635948029E1,6.981481934E-1,-2.377805328E0
8.831724875E0,1.643148056E1,-1.128203888E0,-2.972967682E0
8.841747875E0,1.448313217E1,-1.645079041E0,-1.785487061E0
8.851770875E0,1.303399567E1,-5.548960876E-1,-2.068099365E0
8.861793875E0,1.174637329E1,1.410666504E0,-3.116369476E0
8.871815875E0,1.051638107E1,2.447709961E0,-1.757345581E0
8.881838875E0,1.143217667E1,1.638043671E0,-1.532363434E0
8.891861875E0,1.287412811E1,-3.466790771E-1,-2.472408600E0
8.901884875E0,1.144609772E1,-2.681972809E0,-4.544250183E0
8.911907875E0,8.380622406E0,-4.148024139E0,-6.203250275E0
8.921929875E0,6.019582214E0,-4.341122589E0,-5.643713837E0
8.931952875E0,4.587959290E0,-3.365152130E0,-2.980601807E0
8.941975875E0,4.589456177E0,-2.035167847E0,-1.754501495E0
8.951998875E0,6.326743469E0,-1.611848145E0,-1.570534058E0
8.962020875E0,8.672665100E0,-2.828218689E0,-1.113384705E0
8.972043875E0,1.102966370E1,-4.473746796E0,-1.938468933E0
8.982066875E0,1.199889816E1,-4.437522125E0,-3.412902832E0
8.992089875E0,1.065334625E1,-2.731370087E0,-3.613186340E0
9.002112875E0,9.120982819E0,-1.103205872E-1,-3.616629181E0
9.012134875E0,8.532406769E0,2.110760651E0,-3.022664337E0
9.022157875E0,9.108858032E0,2.215842133E0,-1.761387177E0
9.032180875E0,1.107127716E1,-2.909948730E-1,-4.839436340E-1
9.042203875E0,1.248703308E1,-3.662134552E0,-1.141975250E0
9.052226875E0,1.118069962E1,-6.066434784E0,-3.724704437E0
9.062248875E0,8.957971802E0,-5.622158661E0,-6.606362000E0
9.072271875E0,7.733667755E0,-1.927541656E0,-6.614295502E0
9.082294875E0,7.501500549E0,2.822680206E0,-5.464087372E0
9.092317875E0,8.515491943E0,6.733597412E0,-4.111649780E0
9.102339875E0,1.006866211E1,7.461234283E0,-1.852397919E0
9.112362875E0,1.088730972E1,3.446283417E0,3.382965088E-1
9.122386667E0,1.115270782E1,-2.516117706E0,-5.650749207E-1
9.132409667E0,1.068238586E1,-7.226672058E0,-4.754263458E0
9.142432667E0,8.985065460E0,-9.435927887E0,-7.059918823E0
9.152454667E0,7.005132751E0,-8.446335754E0,-6.338269501E0
9.162477667E0,6.471043396E0,-3.936064911E0,-4.274062042E0
9.172500667E0,7.752678223E0,1.487606506E0,-2.951262817E0
9.182523667E0,9.711953888E0,5.334456940E0,-1.111887817E0
9.192546667E0,1.049198181E1,4.884492645E0,8.186476135E-1
9.202568667E0,9.467063141E0,-2.917433167E-1,6.304888916E-1
9.212591667E0,8.780740356E0,-5.584886169E0,-1.009500732E0
9.222614667E0,8.944948883E0,-8.343948669E0,-3.523971863E0
9.232637667E0,8.454119568E0,-7.861950989E0,-4.434977417E0
9.242660667E0,7.594606934E0,-4.115541687E0,-3.827241211E0
9.252682667E0,8.016130371E0,7.843688965E-2,-3.008743286E0
9.262705667E0,9.239835663E0,2.726130981E0,-1.998793488E0
9.272728667E0,9.056017914E0,2.623444519E0,-2.411485291E0
9.282751667E0,7.601043549E0,3.951782227E-2,-4.706812134E0
9.292773667E0,7.358996887E0,-2.787503357E0,-6.086642761E0
9.302796667E0,8.649762726E0,-4.267176361E0,-6.080206146E0
9.312819667E0,9.667646027E0,-3.200045471E0,-5.347330170E0
9.322842667E0,1.033570679E1,-3.740721130E-1,-3.089724884E0
9.332865667E0,1.133113678E1,1.403481445E0,-8.138575745E-1
9.342887667E0,1.119686600E1,8.491841125E-1,-3.338058472E-1
9.352910667E0,9.055419159E0,-1.298998718E0,1.182540894E-1
9.362933667E0,6.992409210E0,-3.931873627E0,-2.478845215E0
9.372956667E0,6.943610687E0,-5.690566406E0,-4.758754120E0
9.382979667E0,8.473579102E0,-6.120023346E0,-4.119134216E0
9.393001667E0,1.043390259E1,-5.218897247E0,-4.045187988E0
9.403024667E0,1.192375443E1,-3.052602081E0,-3.659140778E0
9.413047667E0,1.167601959E1,-5.415737915E-1,-1.346000977E0
9.423070667E0,9.144783325E0,4.522096252E-1,-2.558329926E0
9.433092667E0,5.711522827E0,2.610571289E-1,-4.402794342E0
9.443115667E0,3.950884094E0,-9.119036865E-1,-3.673959961E0
9.453138667E0,4.632416840E0,-2.337539063E0,-3.206482086E0
9.463161667E0,7.122788086E0,-2.579735413E0,-2.896776123E0
9.473184667E0,1.042207718E1,-2.573598175E0,-1.761536865E0
9.483206667E0,1.391326721E1,-2.766846313E0,-1.660796356E0
9.493229667E0,1.597178650E1,-2.602488098E0,-2.959346008E-1
9.503252667E0,1.464105377E1,-2.614762573E0,-3.600013733E-1
9.513275667E0,1.069301376E1,-2.481539612E0,-3.580254822E0
9.523298667E0,7.560777283E0,-2.038460999E0,-4.728816376E0
9.533320667E0,6.606811066E0,-2.205812988E0,-5.076842651E0
9.543343667E0,7.086713104E0,-2.500550079E0,-5.491480408E0
9.553366667E0,7.512577515E0,-2.909349976E0,-3.423381042E0
9.563389667E0,7.737409973E0,-3.822002106E0,-2.047741699E0
9.573411667E0,8.084687805E0,-4.435875549E0,-1.576222229E0
9.583434667E0,7.880213013E0,-4.132606201E0,-1.609902191E0
9.593457667E0,6.875951385E0,-3.466790771E0,-3.042722626E0
9.603480667E0,6.433022461E0,-2.836601257E0,-3.240760803E0
9.613503667E0,8.375233612E0,-2.638862457E0,-3.540138245E0
9.623525667E0,1.160192368E1,-2.375110931E0,-4.877008209E0
9.633548667E0,1.332259552E1,-2.081571350E0,-4.124373322E0
9.643571667E0,1.372630600E1,-1.581461334E0,-2.746039581E0
9.653594667E0,1.344953156E1,-5.128335571E-1,-8.506809998E-1
9.663617667E0,1.221415054E1,6.631210327E-2,-1.126856689E0
9.673639667E0,9.995464325E0,4.385879517E-2,-3.267854462E0
9.683662667E0,8.229137421E0,-5.569917297E-1,-4.148772583E0
9.693685667E0,8.309520264E0,-1.762434998E0,-3.866759033E0
9.703708667E0,1.000609222E1,-3.203338623E0,-3.793710938E0
9.713730667E0,1.201177139E1,-4.293072510E0,-4.864434357E0
9.723753667E0,1.242745697E1,-4.708159332E0,-5.965694275E0
9.733776667E0,1.077624069E1,-4.164040833E0,-5.295388184E0
9.743799667E0,8.104147339E0,-2.977757721E0,-3.453468475E0
9.753822667E0,5.493276672E0,-2.015858002E0,-2.732118530E0
9.763844667E0,3.557053070E0,-1.753303986E0,-3.306474152E0
9.773867667E0,2.745291138E0,-1.904339905E0,-3.707639923E0
9.783890667E0,3.375929718E0,-2.064207458E0,-2.960543518E0
9.793913667E0,5.636528778E0,-2.185006256E0,-1.806443481E0
9.803936667E0,9.098230133E0,-2.327659607E0,-2.190544739E0
9.813958667E0,1.254331604E1,-2.365231476E0,-3.394191742E0
9.823981667E0,1.474583588E1,-2.452350311E0,-4.287683716E0
9.834004667E0,1.437775131E1,-2.586920471E0,-4.681664429E0
9.844027667E0,1.160910873E1,-2.543810120E0,-4.624633026E0
9.854049667E0,8.157137146E0,-2.596799927E0,-4.811893616E0
9.864072667E0,5.570216675E0,-2.816093903E0,-4.464615784E0
9.874095667E0,4.075125732E0,-2.638413391E0,-2.713856506E0
9.884118667E0,3.660038910E0,-2.229463806E0,-1.702110443E0
9.894141667E0,4.539609833E0,-1.920655975E0,-2.864293671E0
9.904163667E0,6.322851562E0,-1.994602203E0,-4.862338715E0
9.914186667E0,7.986791382E0,-2.403701477E0,-5.450615387E0
9.924209667E0,9.005123749E0,-2.485281830E0,-6.319408722E0
9.934232667E0,9.613907776E0,-1.839225311E0,-6.321654053E0
9.944255667E0,1.005713608E1,-1.053060150E0,-4.052522736E0
9.954277667E0,1.056413177E1,-1.215023346E0,-1.784439240E0
9.964300667E0,1.122620499E1,-2.003284149E0,-1.047821045E-1
9.974323667E0,1.060544586E1,-3.006348267E0,-1.703307953E0
9.984346667E0,9.068591766E0,-4.381538544E0,-4.155658264E0
9.994368667E0,7.806715851E0,-5.361550598E0,-3.575764160E0
1.000439167E1,6.849306793E0,-6.005062408E0,-3.194357300E0
1.001441467E1,6.501130829E0,-5.650150452E0,-2.088157654E0
1.002443767E1,7.307953033E0,-3.925137634E0,-1.639989624E0
1.003446067E1,8.818910980E0,-2.088007965E0,-2.516117706E0
1.004448267E1,9.772877197E0,-9.780661011E-1,-2.345023499E0
1.005450567E1,9.693542175E0,-6.824308777E-1,-2.108515320E0
1.006452867E1,8.998537445E0,-1.018781433E0,-3.414699097E0
1.007455167E1,8.471633148E0,-1.452429657E0,-4.333937531E0
1.008457467E1,8.623716888E0,-2.161205750E0,-3.626059570E0
1.009459667E1,9.804611206E0,-3.094065857E0,-2.652633820E0
1.010461967E1,1.115555191E1,-3.470982056E0,-2.421215057E0
1.011464267E1,1.160686340E1,-2.798580322E0,-3.204236755E0
1.012466525E1,1.067160828E1,-1.464704132E0,-4.493805084E0
1.013468825E1,9.079519043E0,-3.622467041E-1,-4.699178009E0
1.014471025E1,8.122708740E0,-7.488926697E-1,-4.033063202E0
1.015473325E1,8.352480927E0,-2.879412231E0,-2.087708588E0
1.016475625E1,8.966953125E0,-5.336702271E0,-8.077203369E-1
1.017477925E1,9.156159668E0,-6.933132477E0,-1.506916351E0
1.018480125E1,9.084009705E0,-7.095694427E0,-3.129093018E0
1.019482425E1,8.925040283E0,-5.144651642E0,-3.479813690E0
1.020484725E1,8.836574249E0,-1.741328888E0,-3.047512665E0
1.021487025E1,8.782686310E0,6.728507996E-1,-2.193987579E0
1.022489325E1,9.109756165E0,5.590873718E-1,-1.942660217E0
1.023491525E1,9.359137573E0,-1.638941803E0,-2.367776184E0
1.024493825E1,9.239087219E0,-4.400848389E0,-3.287463684E0
1.025496125E1,9.029972076E0,-6.225254517E0,-3.976031799E0
1.026498425E1,9.076076202E0,-5.718707886E0,-3.741768951E0
1.027500725E1,9.673483887E0,-2.939736786E0,-3.993395691E0
1.028502925E1,1.027897476E1,3.150947571E-1,-4.224365387E0
1.029505225E1,1.004875351E1,2.089055786E0,-3.071762238E0
1.030507525E1,9.779463501E0,1.034947815E0,-2.857857056E0
1.031509825E1,9.851912842E0,-1.864073639E0,-1.654958496E0
1.032512025E1,9.956245880E0,-4.680915985E0,-1.679806824E0
1.033514325E1,9.803862762E0,-6.142925720E0,-2.684367828E0
1.034516625E1,9.315578156E0,-5.467081146E0,-3.716621246E0
1.035518925E1,8.998986511E0,-2.889141998E0,-5.575455780E0
1.036521225E1,8.660989380E0,-2.963836670E-1,-6.475833435E0
1.037523425E1,8.009993134E0,4.143383789E-1,-5.826783142E0
1.038525725E1,7.701634369E0,-8.204438782E-1,-3.956572266E0
1.039528025E1,7.629933472E0,-3.355721741E0,-2.403701477E0
1.040530325E1,7.551795959E0,-6.304888916E0,-2.665057983E0
1.041532625E1,8.044571228E0,-7.962541809E0,-2.946472778E0
1.042534825E1,9.071735229E0,-7.569908295E0,-2.663261719E0
1.043537125E1,9.801916809E0,-5.501210175E0,-1.371148682E0
1.044539425E1,1.063807800E1,-2.918780365E0,2.267784119E-1
1.045541725E1,1.143606857E1,-1.082997894E0,1.418001251E0
1.046543925E1,1.045171555E1,-1.582060089E0,1.345252533E0
1.047546225E1,8.528514862E0,-4.127516785E0,7.614665222E-1
1.048548525E1,7.496860199E0,-6.848558350E0,-1.321152649E0
1.049550825E1,7.553292847E0,-8.427325287E0,-2.618953857E0
1.050553125E1,8.261470184E0,-7.972570953E0,-3.578757935E0
1.051555325E1,8.418044586E0,-5.943690033E0,-3.926335144E0
1.052557625E1,7.630382538E0,-3.431015167E0,-4.587210846E0
1.053559925E1,5.969286804E0,-1.123862915E0,-4.272415466E0
1.054562225E1,3.908971252E0,-2.564167786E-1,-3.338657227E0
1.055564525E1,3.308270416E0,-1.444645844E0,-1.434317322E0
1.056566725E1,5.553601227E0,-3.845503235E0,1.138382721E0
1.057569025E1,9.773925018E0,-5.887706451E0,1.593286743E0
1.058571325E1,1.363514557E1,-6.232439575E0,-1.091679840E0
1.059573625E1,1.474763214E1,-4.485422516E0,-3.678001556E0
1.060575825E1,1.321496933E1,-1.316961365E0,-5.167853394E0
1.061578125E1,1.109657455E1,2.107766876E0,-6.673272858E0
1.062580425E1,9.401499481E0,3.564387817E0,-6.559359741E0
1.063582725E1,8.882229309E0,1.652114410E0,-3.703448639E0
1.064585025E1,9.589209137E0,-2.375410309E0,6.721023560E-2
1.065587225E1,9.978100433E0,-7.085814972E0,4.029620361E-1
1.066589525E1,8.034093018E0,-1.096889008E1,-2.131118317E0
1.067591825E1,4.884792023E0,-1.255394394E1,-4.567152557E0
1.068594125E1,2.457739105E0,-1.151046387E1,-3.990401917E0
1.069596425E1,1.912123718E0,-7.847281494E0,-4.624483337E0
1.070598625E1,3.247347107E0,-2.865790558E0,-4.627926178E0
1.071600925E1,6.044280853E0,1.714534607E0,-2.267634430E0
1.072603225E1,9.997110901E0,4.282893677E0,-2.755769348E-1
1.073605525E1,1.339414673E1,3.791016541E0,-8.837622070E-1
1.074607725E1,1.478894623E1,4.171824646E-1,-7.515870667E-1
1.075610025E1,1.471006027E1,-4.080215149E0,-1.326691132E0
1.076612325E1,1.387524628E1,-7.161108398E0,-2.443219299E0
1.077614625E1,1.245065872E1,-7.575147400E0,-3.382815399E0
1.078616925E1,1.144983994E1,-5.485193481E0,-5.082680511E0
1.079619125E1,1.063598236E1,-2.491868134E0,-5.037474518E0
1.080621425E1,8.935518494E0,-8.907975769E-1,-3.038082275E0
1.081623725E1,6.944359131E0,-1.342558136E0,-2.548450470E0
1.082626025E1,5.287304993E0,-2.655028839E0,-1.763333130E0
1.083628325E1,4.373605042E0,-4.473746796E0,-1.457369385E0
1.084630525E1,4.180805969E0,-6.300398254E0,-1.512305145E0
1.085632825E1,4.844675446E0,-7.327262878E0,-1.388811951E0
1.086635125E1,6.939868469E0,-7.589816895E0,-1.603315887E0
1.087637425E1,9.992320862E0,-6.950196991E0,-1.933529205E0
1.088639625E1,1.170356232E1,-5.601800995E0,-1.122515717E0
1.089641925E1,1.128173950E1,-4.145629120E0,-2.282004547E0
1.090644225E1,9.318721619E0,-2.769391022E0,-4.034260712E0
1.091646525E1,7.389683075E0,-2.283800812E0,-6.172863464E0
1.092648825E1,6.678362274E0,-2.789898376E0,-6.032006378E0
1.093651025E1,6.946903839E0,-4.099974060E0,-2.765199738E0
1.094653325E1,8.566535797E0,-5.654641113E0,4.025129700E-1
1.095655625E1,1.076097244E1,-6.525979156E0,2.358345795E0
1.096657925E1,1.159189453E1,-6.347400513E0,1.177900543E0
1.097660225E1,1.051982391E1,-5.136269073E0,-1.195863190E0
1.098662425E1,9.275910645E0,-3.139571228E0,-3.379671936E0
1.099664725E1,9.077423401E0,-1.372645569E0,-4.963528290E0
1.100667025E1,9.495054932E0,-1.223106537E0,-4.400998077E0
1.101669325E1,1.009530670E1,-2.566562805E0,-2.213447113E0
1.102671525E1,1.045470932E1,-4.254303131E0,-1.353186035E0
1.103673825E1,9.663604431E0,-5.573958893E0,-2.152224426E0
1.104676125E1,7.808063049E0,-5.988297272E0,-2.952460327E0
1.105678425E1,6.513854370E0,-5.499114532E0,-3.174299011E0
1.106680725E1,6.490203552E0,-4.461472321E0,-2.661615143E0
1.107682925E1,7.591613159E0,-3.375929718E0,-1.313668213E0
1.108685225E1,9.829160156E0,-2.977158966E0,-2.841091919E-1
1.109687525E1,1.232776428E1,-3.255729675E0,-7.932005310E-1
1.110689825E1,1.269674698E1,-4.157005463E0,-2.168839874E0
1.111692125E1,9.922266541E0,-5.429808655E0,-3.022364960E0
1.112694467E1,6.655160522E0,-6.276897125E0,-2.373913422E0
1.113696767E1,5.128634949E0,-6.654412079E0,-2.005679169E0
1.114699067E1,5.301675110E0,-6.802304535E0,-1.895208893E0
1.115701367E1,5.852529602E0,-7.240293732E0,1.086141357E0
1.116703567E1,6.801256714E0,-7.852969666E0,1.990859985E0
1.117705867E1,7.220834198E0,-8.076305237E0,1.189276886E0
1.118708167E1,6.194119263E0,-7.661068726E0,1.009201355E0
1.119710467E1,5.767207031E0,-6.180048523E0,-2.486329651E-1
1.120712767E1,7.007827148E0,-4.060905304E0,-1.040785675E0
1.121714967E1,9.640702057E0,-2.284249878E0,-1.733545074E0
1.122717267E1,1.253448441E1,-1.795366516E0,-1.714833984E0
1.123719567E1,1.456650879E1,-2.509232025E0,-1.553170166E0
1.124721867E1,1.429811691E1,-3.467239838E0,-2.250120850E0
1.125724167E1,1.155881332E1,-4.147575073E0,-3.067720642E0
1.126726367E1,8.322094116E0,-4.360432434E0,-3.375630341E0
1.127728667E1,5.572611694E0,-4.080963593E0,-3.804937592E0
1.128730967E1,3.640130310E0,-3.546574860E0,-4.170028381E0
1.129733267E1,3.303330688E0,-2.532882843E0,-5.393883362E0
1.130735467E1,4.232149200E0,-1.433568878E0,-5.328469391E0
1.131737767E1,5.798791351E0,-9.651928711E-1,-4.161346436E0
1.132740067E1,7.793393555E0,-1.172661438E0,-2.800675964E0
1.133742367E1,9.990823975E0,-1.651365967E0,-1.928290100E0
1.134744667E1,1.211475723E1,-2.074535980E0,-1.288370819E0
1.135746867E1,1.398511780E1,-2.733016663E0,-1.801503754E0
1.136749167E1,1.566791840E1,-4.235891418E0,-2.255958710E0
1.137751467E1,1.634570892E1,-6.097270660E0,-1.785487061E0
1.138753767E1,1.489552460E1,-7.857909393E0,-2.063608704E0
1.139756067E1,1.135733231E1,-8.600664825E0,-3.122057648E0
1.140758267E1,7.189848633E0,-7.505841522E0,-4.815486145E0
1.141760567E1,3.412453766E0,-5.058131561E0,-7.125482483E0
1.142762867E1,5.673202515E-2,-2.476150818E0,-6.804100800E0
1.143765167E1,-1.686991882E0,-4.634362793E-1,-3.572920074E0
1.144767367E1,-1.451980591E-1,2.903961182E-1,3.643423462E-1
1.145769667E1,5.265749817E0,-7.357200623E-1,1.473685455E0
1.146771967E1,1.222807159E1,-2.184557190E0,-1.532812500E-1
1.147774267E1,1.626338013E1,-4.009113007E0,-1.978884888E0
1.148776567E1,1.526001663E1,-6.359674988E0,-4.586612091E0
1.149778767E1,1.147154480E1,-7.486531677E0,-5.908662872E0
1.150781067E1,8.143365784E0,-7.146139526E0,-5.654641113E0
1.151783367E1,6.284980316E0,-5.497917023E0,-4.970863037E0
1.152785667E1,5.457052002E0,-3.564986572E0,-1.898951111E0
1.153787967E1,6.109994202E0,-2.115401001E0,4.680766296E-1
1.154790167E1,8.132438507E0,-1.263073425E0,-8.861572266E-2
1.155792467E1,9.857002258E0,-9.370513916E-1,-2.019151154E0
1.156794767E1,1.034693344E1,-7.072792053E-1,-3.616778870E0
1.157797067E1,1.041040146E1,-8.586145020E-1,-3.495531006E0
1.158799267E1,1.165730850E1,-1.451531525E0,-2.686912537E0
1.159801567E1,1.325718155E1,-2.402803345E0,-1.289268951E0
1.160803867E1,1.301543427E1,-4.240980835E0,6.337820435E-1
1.161806167E1,1.187824905E1,-6.254144440E0,1.113384705E0
1.162808467E1,1.065199905E1,-7.586972809E0,7.526348877E-1
1.163810667E1,9.014105072E0,-7.998616791E0,-8.427474976E-1
1.164812967E1,7.064858551E0,-7.039261780E0,-3.478915558E0
1.165815267E1,5.054539032E0,-5.053940277E0,-5.055437164E0
1.166817567E1,3.572021942E0,-3.012335815E0,-5.660778351E0
1.167819867E1,3.035238190E0,-1.530417480E0,-4.732857971E0
1.168822067E1,3.615132294E0,-1.755249939E0,-2.783461761E0
1.169824367E1,5.484894104E0,-3.847598877E0,-8.488847351E-1
1.170826667E1,8.138875122E0,-6.174210663E0,-2.360591125E-1
1.171828967E1,1.027208908E1,-7.332951050E0,-9.892927551E-1
1.172831167E1,1.097921860E1,-6.813231812E0,-1.116827545E0
1.173833467E1,1.100346817E1,-5.074447632E0,-1.337917786E0
1.174835767E1,1.174098450E1,-2.855611725E0,-2.725681915E0
1.175838067E1,1.272788223E1,-7.291337585E-1,-3.193010101E0
1.176840367E1,1.283550842E1,2.401007080E-1,-2.054926758E0
1.177842567E1,1.210921875E1,-1.231638794E0,7.059320068E-1
1.178844867E1,1.137574402E1,-4.035308533E0,2.058818665E0
1.179847167E1,1.033211426E1,-6.374344482E0,8.348139954E-1
1.180849467E1,8.798553314E0,-7.354805603E0,-2.138153687E0
1.181851767E1,7.007527771E0,-6.728507996E0,-3.665128326E0
1.182853967E1,5.363346863E0,-5.308111725E0,-3.278931427E0
1.183856267E1,4.399052124E0,-4.390819244E0,-3.109483795E0
1.184858567E1,4.175566864E0,-4.042942657E0,-3.348985748E0
1.185860867E1,4.208498383E0,-4.119583282E0,-1.754501495E0
1.186863067E1,4.631518707E0,-4.909490662E0,-3.116519165E-1
1.187865367E1,5.695057068E0,-6.106401672E0,-4.087998962E-1
1.188867667E1,7.198231201E0,-6.585704956E0,-7.737409973E-1
1.189869967E1,9.412277069E0,-5.549859009E0,-1.796564026E0
1.190872267E1,1.196132629E1,-3.409909058E0,-2.121987305E0
1.191874467E1,1.393781616E1,-1.424737244E0,-8.503816223E-1
1.192876767E1,1.494911316E1,-1.203946381E0,7.554789734E-1
1.193879067E1,1.511287262E1,-2.841690674E0,1.812131653E0
1.194881367E1,1.379351624E1,-4.869224396E0,8.794212341E-1
1.195883667E1,1.113534393E1,-6.069578247E0,-7.869136047E-1
1.196885867E1,8.556057587E0,-6.172264709E0,-8.797206116E-1
1.197888167E1,7.297025757E0,-5.034630432E0,-9.648934937E-1
1.198890467E1,7.696694641E0,-3.289559326E0,-1.133892059E0
1.199892767E1,8.221203918E0,-2.808759155E0,-3.188369751E-1
1.200894967E1,7.457791443E0,-4.271217957E0,-1.209933929E0
1.201897267E1,6.141129456E0,-6.431974640E0,-2.730172577E0
1.202899567E1,5.074297943E0,-7.991282043E0,-2.949616241E0
1.203901867E1,4.304149475E0,-8.164621582E0,-1.180744629E0
1.204904167E1,5.140011292E0,-6.322402496E0,-2.679428101E-1
1.205906367E1,7.836054840E0,-2.674188995E0,-7.162605286E-1
1.206908667E1,1.106064926E1,5.894741821E-1,-9.843530273E-1
1.207910967E1,1.416474426E1,2.230361938E0,-1.298100586E0
1.208913267E1,1.543964310E1,2.051633606E0,-2.522254944E0
1.209915467E1,1.448702408E1,-6.960525513E-2,-4.406386871E0
1.210917767E1,1.244826370E1,-2.554438019E0,-4.569098511E0
1.211920067E1,1.048285080E1,-3.785328369E0,-3.379522247E0
1.212922250E1,8.878786469E0,-4.032165070E0,-3.374582520E0
1.213924550E1,7.019203491E0,-3.792363739E0,-3.367846527E0
1.214926750E1,5.168751526E0,-3.896547089E0,-1.341210938E0
1.215929050E1,4.920118561E0,-4.756209412E0,6.198609924E-1
1.216931350E1,6.730753326E0,-5.582042084E0,1.385668488E0
1.217933650E1,8.581205292E0,-5.526058502E0,-1.287322998E-2
1.218935950E1,8.885672150E0,-4.926106110E0,-1.995650024E0
1.219938150E1,8.576415253E0,-4.155508575E0,-2.986289978E0
1.220940450E1,9.182654572E0,-3.360212402E0,-4.967420197E0
1.221942750E1,9.815688171E0,-2.882855072E0,-6.124663696E0
1.222945050E1,9.263935547E0,-2.549797668E0,-5.788911896E0
1.223947350E1,7.954757996E0,-2.386038208E0,-4.603975983E0
1.224949550E1,6.670578461E0,-2.312391357E0,-2.496508484E0
1.225951850E1,6.327342224E0,-2.142943726E0,-2.037263489E-1
1.226954150E1,7.933502197E0,-2.065404968E0,7.138655090E-1
1.227956450E1,1.088910599E1,-2.227218475E0,1.715283051E0
1.228958650E1,1.339818832E1,-2.886896667E0,1.279239807E0
1.229960950E1,1.481199829E1,-3.603007507E0,-1.828298035E0
1.230963250E1,1.436293213E1,-3.617826691E0,-4.627327423E0
1.231965550E1,1.150178192E1,-3.336711273E0,-6.502178650E0
1.232967850E1,8.228838043E0,-2.686613159E0,-7.293882294E0
1.233970050E1,5.670059052E0,-1.666634216E0,-6.556665344E0
1.234972350E1,4.067042542E0,-7.976911926E-1,-4.770729218E0
1.235974650E1,3.689826965E0,-4.764591980E-1,-1.864672394E0
1.236976950E1,4.654421082E0,-1.059197388E0,-7.649093628E-1
1.237979250E1,6.808741150E0,-2.133812714E0,-1.582209778E0
1.238981450E1,9.316625977E0,-3.153492279E0,-2.107018433E0
1.239983750E1,1.126796814E1,-4.605023804E0,-1.934577026E0
1.240986050E1,1.191761719E1,-6.120622101E0,-2.212249603E0
1.241988350E1,1.129102020E1,-6.542295227E0,-3.301684113E0
1.242990550E1,1.003872437E1,-5.281167755E0,-3.535198517E0
1.243992850E1,8.587641907E0,-3.407064972E0,-2.661615143E0
1.244995150E1,7.481591949E0,-2.228415985E0,-1.348545685E0
1.245997450E1,7.313491516E0,-2.144290924E0,-2.820135498E-1
1.246999750E1,8.059091034E0,-3.187471619E0,6.526428223E-2
1.248001950E1,8.771160278E0,-4.755161591E0,4.685256958E-2
1.249004250E1,8.629105682E0,-6.108197937E0,6.581813049E-1
1.250006550E1,7.967032471E0,-6.668333130E0,-1.068178711E0
1.251008850E1,7.126979370E0,-5.998027039E0,-2.390229492E0
1.252011050E1,6.553222504E0,-4.415966949E0,-2.398013306E0
1.253013350E1,6.578519897E0,-2.992876282E0,-2.555635529E0
1.254015650E1,7.442972260E0,-2.193688202E0,-2.077829132E0
1.255017950E1,8.487799530E0,-2.001787262E0,-1.603016510E0
1.256020250E1,9.256600800E0,-2.229014740E0,-3.696862335E0
1.257022450E1,9.845476227E0,-2.286944275E0,-4.597389679E0
1.258024750E1,9.774673462E0,-2.890339508E0,-3.270997925E0
1.259027050E1,9.341773682E0,-4.387376404E0,-3.030747528E0
1.260029350E1,8.932524719E0,-4.931794281E0,-3.974235535E-1
1.261031650E1,8.599018250E0,-5.061724091E0,5.019062805E-1
1.262033850E1,8.918603668E0,-5.199288025E0,1.385069733E0
1.263036150E1,9.071884918E0,-5.971681824E0,2.493814087E0
1.264038450E1,8.687783661E0,-6.762637024E0,7.405101013E-1
1.265040750E1,7.817643127E0,-6.261928253E0,-1.630708923E0
1.266043050E1,6.884483643E0,-4.681065674E0,-3.316503296E0
1.267045250E1,6.641838226E0,-2.702031097E0,-4.992418213E0
1.268047550E1,6.932533722E0,-5.776487732E-1,-4.706662445E0
1.269049850E1,7.960595856E0,4.599934387E-1,-3.225492554E0
1.270052150E1,1.045890060E1,-2.903961182E-1,-2.302212524E0
1.271054350E1,1.329355591E1,-2.039359131E0,-4.622387695E-1
1.272056650E1,1.475107498E1,-4.155508575E0,1.542542267E0
1.273058950E1,1.443223801E1,-5.879623260E0,1.498533783E0
1.274061250E1,1.270557861E1,-6.541247406E0,5.301974487E-1
1.275063550E1,1.052147049E1,-6.325995026E0,-8.729846191E-1
1.276065750E1,8.943451996E0,-5.059029694E0,-2.420316925E0
1.277068050E1,7.807464294E0,-3.103945312E0,-2.581531677E0
1.278070350E1,7.272925873E0,-1.970801697E0,-2.814597015E0
1.279072650E1,7.778125305E0,-1.767374725E0,-3.746858368E0
1.280074950E1,8.443192291E0,-2.431543579E0,-2.979703674E0
1.281077150E1,8.755742340E0,-3.859124908E0,-2.149230652E0
1.282079450E1,8.860075378E0,-5.006788330E0,-1.647024994E0
1.283081750E1,8.476572876E0,-5.488935699E0,-1.260528717E0
1.284084050E1,7.961493988E0,-5.427263947E0,-1.468895416E0
1.285086250E1,7.933651886E0,-4.421954498E0,-5.071453857E-1
1.286088550E1,8.838071136E0,-3.345542908E0,9.050180054E-1
1.287090850E1,1.066846481E1,-3.297941895E0,7.487429810E-1
1.288093150E1,1.239781860E1,-4.004023590E0,-4.010160828E-1
1.289095450E1,1.300510574E1,-5.055287476E0,-1.620380402E0
1.290097650E1,1.221459961E1,-5.808820496E0,-3.095862122E0
1.291099950E1,1.054272629E1,-5.407804413E0,-4.397255859E0
1.292102250E1,8.550668793E0,-4.447102203E0,-4.798122253E0
1.293104550E1,7.195836182E0,-3.558699646E0,-4.822072449E0
1.294106850E1,6.503675537E0,-2.416125641E0,-3.356619873E0
1.295109050E1,6.139782257E0,-1.920506287E0,-3.784130859E-1
1.296111350E1,6.790479126E0,-2.508333893E0,1.223854980E0
1.297113650E1,8.311017151E0,-3.704496460E0,1.168769531E0
1.298115950E1,9.824070740E0,-5.290897522E0,-1.766326904E-2
1.299118150E1,1.066172882E1,-6.623576202E0,-2.122286682E0
1.300120450E1,1.068702621E1,-6.689888306E0,-2.959645386E0
1.301122750E1,1.060499680E1,-6.050268402E0,-2.979853363E0
1.302125050E1,1.088192093E1,-4.797523499E0,-3.938459930E0
1.303127350E1,1.046428940E1,-3.087928619E0,-3.045716400E0
1.304129550E1,9.343120880E0,-2.354004822E0,-4.679269409E-1
1.305131850E1,8.929381256E0,-2.743644562E0,7.469467163E-1
1.306134150E1,8.971743164E0,-3.914210358E0,6.671626282E-1
1.307136450E1,9.113947449E0,-5.552403717E0,-9.398954773E-1
1.308138750E1,9.377848663E0,-6.256988525E0,-3.125799866E0
1.309140950E1,9.372310181E0,-5.982609100E0,-4.336631927E0
1.310143250E1,9.831555176E0,-4.404141541E0,-5.788013763E0
1.311145550E1,9.918075256E0,-1.938169556E0,-3.235671387E0
1.312147850E1,9.811347198E0,-3.954776001E-1,-2.869532776E-1
1.313150087E1,1.074286011E1,-4.314028931E-1,-6.054908752E-1
1.314152387E1,1.085722229E1,-2.181862793E0,-1.493144989E0
1.315154687E1,9.910441132E0,-4.442162476E0,-3.314707031E0
1.316156987E1,9.374405823E0,-5.843548279E0,-3.503913574E0
1.317159287E1,1.004246658E1,-5.140011292E0,-4.792583771E0
1.318161487E1,1.069780380E1,-2.842588806E0,-4.423750763E0
1.319163787E1,1.167048111E1,-5.020559692E-1,-2.013912048E0
1.320166087E1,1.289762924E1,1.302441559E0,1.319955139E0
1.321168387E1,1.448717377E1,1.733844452E0,2.612666931E0
1.322170687E1,1.657158920E1,7.942483521E-1,-3.061134338E-1
1.323172887E1,1.742706024E1,-1.067430267E0,-3.295546875E0
1.324175187E1,1.699520828E1,-2.680326233E0,-3.479664001E0
1.325177487E1,1.693263840E1,-2.684068451E0,-1.659598846E0
1.326179787E1,1.753648270E1,-6.285429382E-1,-3.404819641E0
1.327182088E1,1.634316422E1,2.216440887E0,-6.759643250E0
1.328184287E1,1.344339432E1,3.081791382E0,-6.532715149E0
1.329186587E1,1.163784897E1,9.966275024E-1,-6.154601440E0
1.330188887E1,1.056173676E1,-2.842289429E0,-3.958667908E0
1.331191187E1,9.586814117E0,-6.325995026E0,-2.799478455E0
1.332193387E1,9.478289795E0,-7.726782074E0,-4.217180328E0
1.333195687E1,9.791139221E0,-6.628665619E0,-5.170547791E0
1.334197987E1,8.231981506E0,-3.137325897E0,-3.564836884E0
1.335200287E1,5.286855927E0,1.218765564E0,-2.929408264E-1
1.336202587E1,2.486329651E0,4.522545319E0,2.623444519E0
1.337204787E1,3.245251465E-1,6.844965820E0,3.247496796E0
1.338207087E1,-1.612895966E0,9.190438385E0,2.043400726E0
1.339209387E1,-2.913990326E0,1.178843582E1,-1.125659180E-1
1.340211687E1,-4.183200989E0,1.381102982E1,-3.595822449E0
1.341213987E1,-3.923790436E0,1.435948929E1,-8.142317963E0
1.342216187E1,5.310057678E0,1.321721466E1,-1.011461655E1
1.343218487E1,2.353091721E1,5.676196289E0,-8.325686646E0
1.344220787E1,2.638982208E1,-4.708159332E0,-8.319100342E0
1.345223087E1,1.440858719E1,-6.605314178E0,-9.896669769E0
1.346225287E1,1.073567505E1,-7.214696960E0,-1.338666229E1
1.347227587E1,1.045695465E1,-9.199569397E0,-1.724908035E1
1.348229887E1,1.205443268E1,-1.040950333E1,-1.938139618E1
1.349232187E1,1.421354279E1,-1.001582199E1,-1.763108597E1
1.350234487E1,1.582988159E1,-8.207881622E0,-1.774140656E1
1.351236687E1,1.716151245E1,-6.255641327E0,-1.936298447E1
1.352238987E1,1.788944870E1,-4.090992737E0,-1.837982895E1
1.353241287E1,1.812490906E1,-2.177372131E0,-1.639750122E1
1.354243587E1,1.900343216E1,-2.683918762E-1,-1.802731201E1
1.355245887E1,1.969529343E1,4.939278717E0,-1.837518860E1
1.356248087E1,1.801294189E1,1.215188004E1,-1.288400757E1
1.357250387E1,1.413166306E1,1.371971970E1,-4.700974274E0
1.358252687E1,8.299940186E0,1.312350952E1,3.075654144E0
1.359254987E1,9.303153992E-1,1.118189713E1,3.444187775E0
1.360257287E1,-6.769822083E0,6.588848419E0,-5.334756317E0
1.361259487E1,-1.412492706E1,1.691183167E0,-1.391356659E1
1.362261787E1,-2.045346680E1,-4.640350342E-1,-2.191248276E1
1.363264087E1,-2.191233307E1,-6.598278809E-1,-1.522783356E1
1.364266387E1,-1.274734177E1,-3.705693970E0,-5.670957184E0
1.365268587E1,-1.872306519E0,-5.812113647E0,-3.343596954E0
1.366270887E1,3.881428528E0,-2.973117371E0,-2.182910614E0
1.367273187E1,4.370012512E0,4.076772308E0,7.352709961E-1
1.368275487E1,1.245859222E0,8.642278290E0,6.010002136E0
1.369277787E1,-2.891387329E0,6.759643250E0,6.844816132E0
1.370279987E1,-4.479884033E0,2.399510193E0,2.420616302E0
1.371282287E1,-1.277293854E0,6.396199036E-1,3.185675354E0
1.372284587E1,6.522985382E0,2.107018433E0,8.579558716E0
1.373286887E1,1.450124451E1,1.073567505E0,9.163045349E0
1.374289187E1,2.193074478E1,1.831740875E0,3.719165955E0
1.375291387E1,2.975811768E1,4.056863708E0,7.099736023E0
1.376293687E1,2.729693573E1,4.726121979E0,9.138047333E0
1.377295987E1,1.739008713E1,5.204377441E0,9.052874451E0
1.378298287E1,9.080117798E0,5.503305817E0,4.544399872E0
1.379300587E1,2.506986694E0,2.717598724E0,4.714446259E0
1.380302787E1,-1.487456818E0,-1.725461884E0,4.276756439E0
1.381305087E1,-1.927541656E0,-5.198539581E0,1.100361786E0
1.382307387E1,-1.381177826E0,-6.679859161E0,-1.068927155E0
1.383309687E1,-7.246430969E-1,-5.007985840E0,-2.754272461E-2
1.384311887E1,2.014361115E0,-2.209255829E0,2.930755463E0
1.385314188E1,5.988446960E0,-4.843927002E-1,3.892355804E0
1.386316487E1,1.001672012E1,-4.023632813E-1,2.223176880E0
1.387318787E1,1.297052765E1,-3.715274048E-1,2.914888458E0
1.388321087E1,1.426144318E1,-3.616479492E-1,9.265432434E0
1.389323287E1,1.233764374E1,-3.698658600E0,1.475691284E1
1.390325587E1,8.725205841E0,-6.447093201E0,2.721191254E0
1.391327887E1,8.596623230E0,-5.589376831E0,-4.273463287E0
1.392330187E1,1.632130966E1,-3.800297241E0,3.052452393E0
1.393332487E1,2.860746048E1,-5.000501404E0,8.037835236E0
1.394334687E1,3.325290024E1,-6.832541656E0,-4.801116028E0
1.395336987E1,2.548375626E1,-3.414399719E0,-2.785407715E0
1.396339287E1,1.670556061E1,3.420087891E0,8.286168823E0
1.397341587E1,1.261561569E1,9.904752960E0,7.610773315E0
1.398343787E1,1.158695480E1,1.453282883E1,3.993994446E0
1.399346088E1,1.109373047E1,1.626517639E1,-1.000369720E0
1.400348387E1,8.652307434E0,1.764859955E1,-7.783514099E0
1.401350687E1,4.553830261E0,1.872186768E1,-1.186088516E1
1.402352987E1,4.629872131E-1,1.940654388E1,-1.390907593E1
1.403355187E1,-2.910996552E0,2.065120560E1,-1.512544647E1
1.404357487E1,-4.811743927E0,2.081885696E1,-1.518517227E1
1.405359787E1,-5.513185272E0,2.074251572E1,-1.619152954E1
1.406362087E1,-7.403155060E0,1.802791077E1,-1.616832779E1
1.407364387E1,-8.225844269E0,9.126072235E0,-8.744815063E0
1.408366587E1,-3.198847961E0,1.855092316E0,3.162772980E0
1.409368887E1,4.271367645E0,6.227050781E-2,8.648116150E0
1.410371187E1,1.194530960E1,2.680625610E0,5.877677307E0
1.411373487E1,1.717842728E1,9.553283844E0,-1.446891174E0
1.412375787E1,1.845003296E1,1.766895721E1,-1.631202896E1
1.413377962E1,2.105835892E1,2.048624863E1,-3.048186264E1
1.414380262E1,4.535418549E1,1.526286072E1,-3.656521225E1
1.415382562E1,7.141723709E1,8.375083923E0,-1.938947937E1
1.416384862E1,5.584377228E1,7.634573822E0,-8.374634857E0
1.417387162E1,2.815285583E1,7.285499725E0,-7.791447601E0
1.418389362E1,1.906630142E1,6.038143616E0,-1.438403824E1
1.419391662E1,1.675465851E1,4.734354858E0,-2.126433060E1
1.420393962E1,1.655123154E1,5.416486359E0,-2.527778458E1
1.421396262E1,1.221759338E1,7.151977386E0,-2.465283417E1
1.422398462E1,5.171296234E0,1.371986938E1,-1.907169022E1
1.423400762E1,1.902843018E0,1.431712738E1,-5.258864136E0
1.424403062E1,3.628454590E0,1.279254776E1,5.738766174E0
1.425405362E1,1.344893280E1,1.161674286E1,6.081403656E0
1.426407662E1,2.413521057E1,1.064017365E1,-1.402733002E0
1.427409862E1,3.053949280E1,1.022433838E1,-4.718038788E0
1.428412162E1,3.394431244E1,1.122261246E1,-9.659413147E-1
1.429414462E1,3.321667557E1,1.240844650E1,3.377875671E0
1.430416762E1,2.815854401E1,1.187405777E1,5.978866882E0
1.431419062E1,2.235825577E1,9.545050964E0,7.273374939E0
1.432421262E1,1.912363220E1,7.755671997E0,7.116800537E0
1.433423562E1,1.745999176E1,7.040159912E0,6.234086151E0
1.434425862E1,1.596939148E1,6.957232361E0,5.856870575E0
1.435428162E1,1.434242477E1,6.430028687E0,5.130880280E0
1.436430462E1,1.280063095E1,5.301525421E0,3.748954010E0
1.437432662E1,1.082009949E1,4.360731812E0,2.756817169E0
1.438434962E1,8.358917542E0,3.896247711E0,1.681004333E0
1.439437262E1,5.733227692E0,4.091741180E0,3.263214111E-1
1.440439562E1,3.231031036E0,5.502557373E0,-3.415896606E-1
1.441441862E1,1.328337708E0,8.140970764E0,-2.706372070E-1
1.442444062E1,6.456074524E-1,1.083102676E1,1.899549866E-1
1.443446362E1,1.340013428E0,1.244721588E1,1.443897400E0
1.444448662E1,2.973566437E0,1.203138062E1,1.989961853E0
1.445450962E1,4.997507629E0,9.518855438E0,1.045426025E0
1.446453162E1,6.054459686E0,6.910679169E0,2.950364685E-1
1.447455462E1,6.009403381E0,4.879852295E0,6.884184265E-1
1.448457762E1,5.297184448E0,3.262765045E0,1.721869354E0
1.449460062E1,4.365372162E0,2.051783295E0,2.435585175E0
1.450462362E1,3.530857544E0,1.316063232E0,2.439926147E0
1.451464562E1,2.981799316E0,8.857081604E-1,2.334096222E0
1.452466862E1,2.872825928E0,5.215155029E-1,2.263592834E0
1.453469162E1,3.261417847E0,1.676513672E-1,2.117346954E0
1.454471462E1,3.975582733E0,-1.389111328E-1,1.987566833E0
1.455473762E1,4.754113770E0,-1.806742859E-1,1.941163330E0
1.456475963E1,5.292244720E0,2.143542480E-1,1.948947144E0
1.457478262E1,5.473667450E0,1.004860382E0,1.913470917E0
1.458480562E1,5.314248962E0,2.051633606E0,1.899100800E0
1.459482862E1,4.945116577E0,3.177891541E0,1.747316437E0
1.460485062E1,4.493954773E0,4.182302856E0,1.548978882E0
1.461487362E1,4.214186554E0,4.931943970E0,1.447340240E0
1.462489662E1,4.157005463E0,5.334157562E0,1.401984558E0
1.463491962E1,4.388124847E0,5.349725189E0,1.334025879E0
1.464494262E1,4.868326263E0,5.107528839E0,1.260528717E0
1.465496462E1,5.369783478E0,4.707710266E0,1.209484863E0
1.466498762E1,5.656886444E0,4.333189087E0,1.260678406E0
1.467501062E1,5.646857300E0,4.106710052E0,1.250649261E0
1.468503362E1,5.339097290E0,4.121678925E0,1.205892334E0
1.469505662E1,4.916975098E0,4.456532593E0,1.274150391E0
1.470507863E1,4.606969757E0,5.042114868E0,1.434467010E0
1.471510162E1,4.563410339E0,5.791606293E0,1.595382385E0
1.472512462E1,4.945865021E0,6.627617798E0,1.821112976E0
1.473514762E1,5.781876526E0,7.473209381E0,2.306104431E0
1.474517062E1,6.913523254E0,8.214168549E0,2.936144257E0
1.475519262E1,8.161478119E0,8.815019073E0,3.560795288E0
1.476521562E1,9.151669006E0,9.372759247E0,4.096531219E0
1.477523863E1,9.598789215E0,9.958790588E0,4.603377228E0
1.478526162E1,9.376651154E0,1.052910461E1,5.209167480E0
1.479528462E1,8.652756500E0,1.108684479E1,5.749244385E0
1.480530662E1,7.802075500E0,1.174173294E1,6.025569763E0
1.481532962E1,7.059320068E0,1.258283386E1,6.088439026E0
1.482535262E1,6.581214294E0,1.334280350E1,5.934858398E0
1.483537562E1,6.448440399E0,1.376163254E1,5.626649323E0
1.484539862E1,6.434669037E0,1.348231339E1,5.206922150E0
1.485542062E1,6.225404205E0,1.259376114E1,4.695286102E0
1.486544362E1,5.547913055E0,1.163096329E1,4.208947449E0
1.487546662E1,4.521198120E0,1.107217529E1,3.774850159E0
1.488548962E1,3.527115326E0,1.106394241E1,3.332519989E0
1.489551162E1,2.872526550E0,1.146570694E1,2.628533936E0
1.490553462E1,2.628683624E0,1.181403259E1,1.840273132E0
1.491555763E1,2.733914795E0,1.178169983E1,1.242566071E0
1.492558062E1,3.081192627E0,1.120943985E1,9.297166443E-1
1.493560362E1,3.463497620E0,1.024574387E1,1.014739838E0
1.494562562E1,3.789669342E0,9.211245117E0,1.315015411E0
1.495564862E1,4.094285889E0,8.231382751E0,1.451232147E0
1.496567162E1,4.344415741E0,7.441026306E0,1.441053314E0
1.497569462E1,4.501439209E0,6.784940643E0,1.331630859E0
1.498571762E1,4.535418549E0,6.232888641E0,1.266516266E0
1.499573962E1,4.335883484E0,5.814808044E0,1.285077667E0
1.500576262E1,3.930227051E0,5.559588776E0,1.367705841E0
1.501578562E1,3.451073456E0,5.413342896E0,1.458117828E0
1.502580862E1,2.954256592E0,5.288652191E0,1.513352966E0
1.503583162E1,2.536026306E0,5.198389893E0,1.504970398E0
1.504585362E1,2.216291199E0,5.175337830E0,1.446591797E0
1.505587663E1,1.928140411E0,5.288053436E0,1.471589813E0
1.506589962E1,1.697769470E0,5.512436829E0,1.503922577E0
1.507592262E1,1.519340515E0,5.769003296E0,1.620380402E0
1.508594562E1,1.324595490E0,5.977669373E0,1.826501770E0
1.509596762E1,1.081051941E0,6.094725952E0,2.147584076E0
1.510599062E1,8.496331787E-1,6.142027588E0,2.481389923E0
1.511601362E1,6.891668701E-1,6.144572296E0,2.809208221E0
1.512603663E1,6.882687378E-1,6.209836578E0,3.017125854E0
1.513605854E1,9.665400696E-1,6.374045105E0,3.097957764E0
1.514608154E1,1.495839386E0,6.681655426E0,3.068469086E0
1.515610454E1,2.066303101E0,7.085964661E0,3.135679321E0
1.516612754E1,2.509531403E0,7.539222107E0,3.403622131E0
1.517615054E1,2.780318298E0,8.058641968E0,3.766916656E0
1.518617254E1,2.963088226E0,8.621621246E0,4.012555847E0
1.519619554E1,3.113375702E0,9.054221649E0,4.089346161E0
1.520621854E1,3.278332672E0,9.265582123E0,4.072131958E0
1.521624154E1,3.473077698E0,9.338630219E0,4.123774567E0
1.522626454E1,3.600313110E0,9.483079834E0,4.245022430E0
1.523628654E1,3.748504944E0,9.660910034E0,4.287683716E0
1.524630954E1,3.917802887E0,9.777068481E0,4.223317566E0
1.525633254E1,4.071383514E0,9.798324280E0,4.102668457E0
1.526635554E1,4.117337952E0,9.619595947E0,3.926484833E0
1.527637854E1,3.940555573E0,9.264833679E0,3.633693695E0
1.528640054E1,3.572021942E0,8.882528687E0,3.188818817E0
1.529642354E1,3.148851929E0,8.627309418E0,2.704725494E0
1.530644654E1,2.803520050E0,8.569230194E0,2.256108398E0
1.531646954E1,2.723885651E0,8.687184906E0,1.978435822E0
1.532649254E1,2.926564178E0,8.913065186E0,1.910028076E0
1.533651454E1,3.350632324E0,9.085506592E0,2.027234344E0
1.534653754E1,3.859873352E0,9.106912079E0,2.213596802E0
1.535656054E1,4.265978851E0,9.051676941E0,2.409239960E0
1.536658354E1,4.507426758E0,8.975635071E0,2.498903503E0
1.537660654E1,4.601281586E0,8.924740906E0,2.463576965E0
1.538662854E1,4.652026062E0,8.999585266E0,2.430795135E0
1.539665154E1,4.643643494E0,9.285041656E0,2.521805878E0
1.540667454E1,4.670737152E0,9.826316071E0,2.635569305E0
1.541669754E1,4.834646301E0,1.047102539E1,2.695444794E0
1.542671954E1,5.103187866E0,1.096424973E1,2.688858490E0
1.543674254E1,5.390590210E0,1.128353577E1,2.662662964E0
1.544676554E1,5.526208191E0,1.129745682E1,2.617606659E0
1.545678854E1,5.432952118E0,1.095706467E1,2.511926422E0
1.546681154E1,5.076543274E0,1.027343628E1,2.341730347E0
1.547683354E1,4.607867889E0,9.625733185E0,2.316882019E0
1.548685654E1,4.258045349E0,9.543404388E0,2.515668640E0
1.549687954E1,4.035458221E0,9.761500854E0,2.781515808E0
1.550690254E1,3.931873627E0,9.945019226E0,3.029400330E0
1.551692554E1,3.808380432E0,1.005099884E1,3.080144806E0
1.552694754E1,3.523522797E0,1.002270767E1,2.998414764E0
1.553697054E1,3.207529907E0,9.727222137E0,2.791245575E0
1.554699354E1,3.000959473E0,9.159303131E0,2.403252411E0
1.555701654E1,2.977158966E0,8.447084198E0,1.915117493E0
1.556703954E1,3.158282318E0,7.959548035E0,1.556313629E0
1.557706154E1,3.410358124E0,8.261919250E0,1.640738068E0
1.558708454E1,3.762126617E0,9.113498383E0,1.931283875E0
1.559710754E1,4.178410950E0,9.732610931E0,2.139650574E0
1.560713054E1,4.286935272E0,9.883197784E0,1.983525238E0
1.561715354E1,3.904181213E0,9.599687347E0,1.604513397E0
1.562717554E1,3.225043488E0,9.097032623E0,1.347946930E0
1.563719854E1,2.521057434E0,8.517288208E0,9.285191345E-1
1.564722154E1,1.907333679E0,7.969277802E0,3.435356140E-1
1.565724454E1,1.430724792E0,7.733069000E0,1.287322998E-2
1.566726754E1,1.070424042E0,8.112978973E0,-3.083587646E-2
1.567728954E1,8.833131409E-1,9.002728729E0,4.595443726E-2
1.568731254E1,7.749385071E-1,9.817783813E0,9.101074219E-2
1.569733554E1,6.441105652E-1,1.024275009E1,1.428030396E-1
1.570735854E1,5.186714172E-1,1.017449203E1,1.420545959E-1
1.571738054E1,4.543052673E-1,9.701475677E0,1.487905884E-1
1.572740354E1,5.432203674E-1,9.019194489E0,1.904040527E-1
1.573742654E1,8.533753967E-1,8.449179840E0,3.035687256E-1
1.574744954E1,1.341360626E0,8.268954620E0,5.941145325E-1
1.575747254E1,1.965113525E0,8.608298950E0,1.128503265E0
1.576749554E1,2.705174561E0,9.302405548E0,1.737287292E0
1.577751754E1,3.429069214E0,9.831854553E0,2.251468048E0
1.578754054E1,3.877536621E0,9.938133545E0,2.635569305E0
1.579756354E1,3.844754791E0,9.714348907E0,2.822380829E0
1.580758654E1,3.373834076E0,9.416917419E0,2.722239075E0
1.581760854E1,2.804867249E0,9.174421692E0,2.524350586E0
1.582763154E1,2.475102997E0,9.058712311E0,2.197729797E0
1.583765454E1,2.518812103E0,9.005423126E0,1.853445740E0
1.584767754E1,2.839295654E0,8.956325226E0,1.538500671E0
1.585770054E1,3.294648743E0,8.811426544E0,1.285826111E0
1.586772254E1,3.627107391E0,8.565787354E0,1.058149567E0
1.587774554E1,3.777394867E0,8.360115051E0,7.472460938E-1
1.588776854E1,3.719465332E0,9.032516785E0,-1.614243164E0
1.589779154E1,2.121837616E0,1.062355820E1,-6.470594330E0
1.590781454E1,-9.385482788E-2,9.728719025E0,1.177152100E0
1.591783654E1,1.588945770E0,8.858877869E0,1.444645844E0
1.592785954E1,3.245401154E0,8.605454865E0,1.101259918E0
1.593788254E1,4.841831360E0,8.023315430E0,1.450334015E0
1.594790554E1,6.530619507E0,8.201295319E0,1.632355499E0
1.595792854E1,7.366032257E0,8.244255981E0,1.612596588E0
1.596795054E1,7.375013580E0,7.858508148E0,1.478774872E0
1.597797354E1,7.426356812E0,8.087980957E0,1.025816803E0
1.598799654E1,7.397766266E0,9.047335968E0,7.524851990E-1
1.599801954E1,6.601422272E0,9.549841003E0,1.181942139E0
1.600804254E1,5.673352203E0,9.663454742E0,1.717528381E0
1.601806454E1,4.950804749E0,9.569150848E0,1.853146362E0
1.602808754E1,4.354594574E0,9.331145782E0,1.679058380E0
1.603811054E1,3.762126617E0,9.013057251E0,1.444795532E0
1.604813354E1,3.145858154E0,8.655450897E0,1.234033813E0
1.605815654E1,2.599194946E0,8.337811432E0,1.074016571E0
1.606817854E1,2.261197815E0,8.193511505E0,9.599537659E-1
1.607820154E1,2.168241119E0,8.302634583E0,8.653504944E-1
1.608822454E1,2.393073578E0,8.577014008E0,8.982820129E-1
1.609824754E1,2.824775848E0,8.878636780E0,1.058748322E0
1.610827054E1,3.248544617E0,9.100774841E0,1.270108795E0
1.611829254E1,3.525468750E0,9.160201263E0,1.449286194E0
1.612831554E1,3.573818207E0,9.056466980E0,1.574875031E0
1.613833762E1,3.636687469E0,9.011560364E0,1.613943787E0
1.614836062E1,5.421725464E0,1.004800507E1,2.404000854E-1
1.615838362E1,4.557123413E0,9.953701172E0,7.973918152E-1
1.616840562E1,2.140399017E0,8.928782501E0,2.456990662E0
1.617842862E1,1.103056183E0,7.404053192E0,5.090314636E0
1.618845162E1,3.840563507E0,8.559350739E0,2.373763733E0
1.619847462E1,5.350473633E0,1.062191162E1,8.641529846E-1
1.620849762E1,3.729045410E0,1.050350784E1,2.617456970E0
1.621851962E1,3.214864655E0,1.002779709E1,2.405946808E0
1.622854262E1,2.606679382E0,9.048084412E0,1.971550140E0
1.623856562E1,1.721719666E0,8.067024536E0,2.272424469E0
1.624858862E1,1.335373077E0,7.908204803E0,2.456691284E0
1.625861062E1,1.359472961E0,8.243507538E0,2.376308441E0
1.626863363E1,1.592538300E0,8.529113617E0,2.112107849E0
1.627865662E1,1.792073364E0,8.703650665E0,1.930385742E0
1.628867962E1,2.099833374E0,8.924291840E0,1.903741150E0
1.629870262E1,2.437980194E0,9.092092896E0,1.963317261E0
1.630872462E1,2.666854248E0,9.184899902E0,2.025288391E0
1.631874762E1,2.796484680E0,9.235195312E0,2.033820648E0
1.632877062E1,2.878514099E0,9.220675507E0,1.966460724E0
1.633879362E1,2.951562195E0,9.197024689E0,1.839973755E0
1.634881662E1,3.014581146E0,9.101223907E0,1.756746826E0
1.635883862E1,3.091371460E0,8.958720245E0,1.701811066E0
1.636886162E1,3.129691772E0,8.933871918E0,1.703757019E0
1.637888462E1,3.076402588E0,9.047485657E0,1.675316162E0
1.638890762E1,3.077600098E0,9.291627960E0,1.674118652E0
1.639893062E1,3.115171967E0,9.561067657E0,1.606159973E0
1.640895263E1,3.051853638E0,9.634564819E0,1.559157715E0
1.641897562E1,2.851570129E0,9.413324890E0,1.567091217E0
1.642899862E1,2.599494324E0,8.970246277E0,1.647773438E0
1.643902162E1,2.378853149E0,8.464148712E0,1.722168732E0
1.644904462E1,2.403551788E0,8.259374542E0,1.796114960E0
1.645906662E1,2.677781525E0,8.454269257E0,1.788929901E0
1.646908962E1,2.928061066E0,8.880133667E0,1.722617798E0
1.647911263E1,3.171005859E0,9.400601349E0,1.651216278E0
1.648913562E1,3.433859253E0,9.863289185E0,1.508263550E0
1.649915862E1,3.624263306E0,1.022882904E1,1.318458252E0
1.650918062E1,3.734583893E0,1.052431458E1,1.178648987E0
1.651920362E1,3.602408752E0,1.046863037E1,9.566606140E-1
1.652922662E1,3.163222046E0,9.992620239E0,7.129673767E-1
1.653924962E1,2.835104370E0,9.553134155E0,6.117778015E-1
1.654927262E1,2.873873749E0,9.460177460E0,5.776487732E-1
1.655929462E1,3.229833527E0,9.777218170E0,5.724096680E-1
1.656931762E1,3.589385834E0,1.011072464E1,3.302133179E-1
1.657934062E1,3.858077087E0,1.033585648E1,-5.313949585E-2
1.658936362E1,4.095483398E0,1.047925827E1,-2.939886475E-1
1.659938662E1,4.146078186E0,1.042342438E1,-3.282673645E-1
1.660940862E1,4.048780518E0,1.012434631E1,-1.661544800E-1
1.661943163E1,3.886218567E0,9.674082642E0,4.191284180E-2
1.662945462E1,3.641327820E0,9.093589783E0,1.585203552E-1
1.663947762E1,3.167862396E0,8.376281433E0,1.152603149E-1
1.664950062E1,2.667453003E0,7.844437408E0,1.999841309E-1
1.665952262E1,2.576741638E0,7.874075775E0,3.553610229E-1
1.666954562E1,2.824626160E0,8.268505554E0,3.037184143E-1
1.667956862E1,3.050955505E0,8.719966736E0,1.384620667E-1
1.668959163E1,3.169059906E0,9.053922272E0,-2.769241333E-2
1.669961462E1,3.247496796E0,9.269773407E0,-5.448669434E-2
1.670963662E1,3.261118469E0,9.258696442E0,4.191284180E-2
1.671965962E1,3.099454651E0,9.023834839E0,7.768844604E-2
1.672968262E1,2.800077209E0,8.686436462E0,1.284329224E-1
1.673970562E1,2.587968292E0,8.512647858E0,2.020797729E-1
1.674972862E1,2.500101013E0,8.520431671E0,1.643582153E-1
1.675975063E1,2.620301056E0,8.769513702E0,1.137634277E-2
1.676977362E1,2.859653320E0,9.301208038E0,-1.447489929E-1
1.677979662E1,3.063229980E0,9.783954163E0,-3.885919189E-1
1.678981962E1,3.110082550E0,9.984686737E0,-6.990463257E-1
1.679984262E1,2.933749237E0,9.816137238E0,-7.258406067E-1
1.680986462E1,2.606529694E0,9.420060883E0,-6.248007202E-1
1.681988762E1,2.281555481E0,9.191486206E0,-4.340972900E-1
1.682991063E1,2.248773651E0,9.338031464E0,-2.077679443E-1
1.683993362E1,2.377805328E0,9.603279877E0,-2.143542480E-1
1.684995662E1,2.586471405E0,9.743238831E0,-1.721420288E-1
1.685997862E1,2.904410248E0,9.651329956E0,-4.370910645E-2
1.687000162E1,3.090922394E0,9.296567688E0,3.068618774E-2
1.688002462E1,3.204685822E0,8.988508301E0,1.161584473E-1
1.689004762E1,3.309318237E0,9.087452545E0,1.549278259E-1
1.690007062E1,3.398083649E0,9.539961548E0,-7.783813477E-3
1.691009262E1,3.365900574E0,9.973609772E0,-2.128573608E-1
1.692011562E1,3.170706482E0,1.014859589E1,-3.010240173E-1
1.693013862E1,2.969674530E0,1.020428009E1,-2.034269714E-1
1.694016162E1,2.842439117E0,1.022867935E1,-1.571731567E-1
1.695018462E1,2.656226349E0,1.018407211E1,-1.592687988E-1
1.696020662E1,2.497855682E0,1.013198044E1,1.047821045E-3
1.697022963E1,2.408641205E0,1.005998016E1,1.448986816E-1
1.698025262E1,2.314936066E0,9.929451599E0,9.460327148E-2
1.699027562E1,2.223476257E0,9.853709106E0,8.247848511E-2
1.700029862E1,2.266885986E0,9.934840393E0,8.696914673E-2
1.701032062E1,2.351909180E0,9.961934052E0,5.029541016E-2
1.702034362E1,2.301015015E0,9.721234589E0,6.945556641E-2
1.703036662E1,2.225272522E0,9.452842712E0,1.845661926E-1
1.704038963E1,2.191293182E0,9.286837921E0,1.935475159E-1
1.705041262E1,2.149979095E0,9.173224182E0,1.181044006E-1
1.706043462E1,2.050585785E0,9.028325500E0,5.373825073E-2
1.707045762E1,2.040406952E0,8.957522736E0,-1.661544800E-2
1.708048062E1,2.253563690E0,9.089398499E0,-1.166075134E-1
1.709050362E1,2.470163269E0,9.295519867E0,-2.656974792E-1
1.710052662E1,2.763702850E0,9.391620026E0,-5.300477600E-1
1.711054863E1,3.154240723E0,9.354796600E0,-1.139580231E0
1.712057162E1,2.526146851E0,9.754615173E0,-1.608854370E0
1.713059542E1,1.804497528E0,1.008048752E1,-7.676037598E-1
1.714061842E1,1.818867645E0,9.761201477E0,-2.362088013E-1
1.715064142E1,2.077978821E0,9.270222473E0,-3.173400879E-1
1.716066342E1,2.411934357E0,8.953032074E0,-4.649331665E-1
1.717068642E1,2.978805542E0,8.898994446E0,-2.839595032E-1
1.718070942E1,3.717369690E0,9.164841614E0,3.538641357E-1
1.719073242E1,4.384981384E0,9.583970032E0,6.364764404E-1
1.720075442E1,4.443359985E0,9.787546692E0,8.472381592E-2
1.721077742E1,4.098327484E0,9.322164459E0,-1.941462708E-1
1.722080042E1,3.554059296E0,9.075627136E0,-2.600093079E-1