window_size,classifier,selector,best_parameters,source_file,mean_accuracy,std_accuracy,mean_precision_macro,std_precision_macro,mean_recall_macro,std_recall_macro,mean_f1_macro,std_f1_macro
1,Decision Tree,ANOVA,"{'classifier__max_depth': None, 'feature_selector__k': 5}",CLASSIFIED_bouldering_summary_1_(12_12_11)_in5_out3.tsv,0.43148148148148147,0.12884684286517747,0.4451915368582035,0.168509937795374,0.41891534391534396,0.13777685327106332,0.40237228801470276,0.1383819833231651
1,KNN,ANOVA,"{'classifier__n_neighbors': 1, 'classifier__weights': 'uniform', 'feature_selector__k': 25}",CLASSIFIED_bouldering_summary_1_(12_12_11)_in5_out3.tsv,0.5074074074074074,0.14253245485106564,0.5157231657231657,0.18955829615150677,0.49358465608465607,0.158419573234804,0.4803651961882096,0.15821278679049872
1,Logistic Regression,ANOVA,"{'classifier__C': 10, 'feature_selector__k': 10}",CLASSIFIED_bouldering_summary_1_(12_12_11)_in5_out3.tsv,0.46481481481481485,0.10191916967271863,0.44236494986494984,0.15770521898818715,0.436441798941799,0.11018067932249265,0.4215899652654039,0.12688793593803838
1,Random Forest,ANOVA,"{'classifier__max_depth': None, 'classifier__n_estimators': 3, 'feature_selector__k': 25}",CLASSIFIED_bouldering_summary_1_(12_12_11)_in5_out3.tsv,0.4703703703703704,0.1312595936790322,0.4571560229893563,0.17018790087472732,0.4496693121693122,0.13824062936176906,0.4341254122936269,0.14110953058009332
1,SVM,ANOVA,"{'classifier__C': 10, 'classifier__kernel': 'linear', 'feature_selector__k': 10}",CLASSIFIED_bouldering_summary_1_(12_12_11)_in5_out3.tsv,0.5092592592592592,0.13764878469739356,0.5141380841380842,0.17608711662508017,0.4955026455026455,0.14570926887499372,0.48213621727811606,0.15316024064123368
1,Decision Tree,PCA,"{'classifier__max_depth': 20, 'feature_selector__n_components': 10}",CLASSIFIED_bouldering_summary_1_(12_12_11)_in5_out3.tsv,0.4203703703703704,0.11625441567199636,0.4212942921276255,0.14729431895730785,0.4046957671957672,0.12129544883815357,0.39601681848327874,0.12504988393032662
1,KNN,PCA,"{'classifier__n_neighbors': 1, 'classifier__weights': 'uniform', 'feature_selector__n_components': 25}",CLASSIFIED_bouldering_summary_1_(12_12_11)_in5_out3.tsv,0.45000000000000007,0.09659852856107388,0.45474355891022555,0.14955651196582354,0.4412037037037037,0.11313292249415026,0.4190559982768446,0.11446838925273241
1,Logistic Regression,PCA,"{'classifier__C': 0.5, 'feature_selector__n_components': 10}",CLASSIFIED_bouldering_summary_1_(12_12_11)_in5_out3.tsv,0.39814814814814814,0.10932201587515143,0.32009808093141423,0.1575691757604028,0.3603174603174603,0.11113425684849604,0.3224379995649345,0.12850410476256055
1,Random Forest,PCA,"{'classifier__max_depth': None, 'classifier__n_estimators': 10, 'feature_selector__n_components': 10}",CLASSIFIED_bouldering_summary_1_(12_12_11)_in5_out3.tsv,0.3907407407407408,0.1029236535673352,0.3807034632034633,0.13915873105395613,0.3688492063492063,0.10290378325184056,0.3531019137572286,0.10335132853232679
1,SVM,PCA,"{'classifier__C': 10, 'classifier__kernel': 'rbf', 'feature_selector__n_components': 10}",CLASSIFIED_bouldering_summary_1_(12_12_11)_in5_out3.tsv,0.4055555555555556,0.10844011831079518,0.3647647577549539,0.1605626477151197,0.3881613756613757,0.12293529035596085,0.3391746724332537,0.1272812434809091
1,Decision Tree,Variance Threshold,"{'classifier__max_depth': 10, 'feature_selector__threshold': 0.1}",CLASSIFIED_bouldering_summary_1_(12_12_11)_in5_out3.tsv,0.44444444444444453,0.11828681053830602,0.45651334776334784,0.15760257093935562,0.44543650793650796,0.10775685085267539,0.4241481866531223,0.11773616208517117
1,KNN,Variance Threshold,"{'classifier__n_neighbors': 1, 'classifier__weights': 'uniform', 'feature_selector__threshold': 0.1}",CLASSIFIED_bouldering_summary_1_(12_12_11)_in5_out3.tsv,0.5407407407407407,0.12744185580803893,0.5381597723264391,0.13861794692034402,0.5406746031746031,0.14037447181179613,0.5177419016789501,0.13976366758382933
1,KNN,Variance Threshold,"{'classifier__n_neighbors': 1, 'classifier__weights': 'uniform', 'feature_selector__threshold': 0.1}",CLASSIFIED_bouldering_summary_1_(12_16_59)_in5_out3.tsv,0.5407407407407407,0.12744185580803893,0.5381597723264391,0.13861794692034402,0.5406746031746031,0.14037447181179613,0.5177419016789501,0.13976366758382933
1,Logistic Regression,Variance Threshold,"{'classifier__C': 0.1, 'feature_selector__threshold': 0.05}",CLASSIFIED_bouldering_summary_1_(12_12_11)_in5_out3.tsv,0.47962962962962963,0.13569159334609163,0.46768469185135847,0.1785928506215533,0.4542328042328043,0.1405203997832415,0.44114186199841515,0.14865578681052244
1,Logistic Regression,Variance Threshold,"{'classifier__C': 0.1, 'feature_selector__threshold': 0.05}",CLASSIFIED_bouldering_summary_1_(12_16_59)_in5_out3.tsv,0.47962962962962963,0.13569159334609163,0.46768469185135847,0.1785928506215533,0.4542328042328043,0.1405203997832415,0.44114186199841515,0.14865578681052244
1,Random Forest,Variance Threshold,"{'classifier__max_depth': 20, 'classifier__n_estimators': 50, 'feature_selector__threshold': 0.01}",CLASSIFIED_bouldering_summary_1_(12_12_11)_in5_out3.tsv,0.48148148148148157,0.10670266882139211,0.49600883684217023,0.15161636530516157,0.47440476190476205,0.11029598730912425,0.4563448549310262,0.11486283700834893
1,SVM,Variance Threshold,"{'classifier__C': 10, 'classifier__kernel': 'rbf', 'feature_selector__threshold': 0.001}",CLASSIFIED_bouldering_summary_1_(12_12_11)_in5_out3.tsv,0.5166666666666667,0.10555555555555556,0.5470879429212764,0.14258788182544477,0.5147486772486772,0.12313282047042667,0.5043550156604852,0.12015050121130569
5,Decision Tree,ANOVA,"{'classifier__max_depth': None, 'feature_selector__k': 25}",CLASSIFIED_bouldering_summary_5_(12_12_43)_in5_out3.tsv,0.4962962962962963,0.10337248694039157,0.4783099616432949,0.1255188791776025,0.4663359788359788,0.09848345528411681,0.4510485694025425,0.10715601970812123
5,KNN,ANOVA,"{'classifier__n_neighbors': 5, 'classifier__weights': 'distance', 'feature_selector__k': 25}",CLASSIFIED_bouldering_summary_5_(12_12_43)_in5_out3.tsv,0.4777777777777778,0.1213775526531403,0.46274691358024694,0.14646403696848057,0.4572751322751323,0.12973898044083507,0.4445300391043425,0.13112184124419793
5,Logistic Regression,ANOVA,"{'classifier__C': 10, 'feature_selector__k': 25}",CLASSIFIED_bouldering_summary_5_(12_12_43)_in5_out3.tsv,0.4925925925925926,0.12565329965694352,0.4378248911582244,0.1626655298800261,0.451984126984127,0.12798095844446475,0.4256483206431606,0.13622025863421078
5,Random Forest,ANOVA,"{'classifier__max_depth': 20, 'classifier__n_estimators': 10, 'feature_selector__k': 25}",CLASSIFIED_bouldering_summary_5_(12_12_43)_in5_out3.tsv,0.49259259259259264,0.1189229211703876,0.4832536290869624,0.15714169556376534,0.46289682539682536,0.11794368003927846,0.4471282484285581,0.1247407196335613
5,SVM,ANOVA,"{'classifier__C': 10, 'classifier__kernel': 'rbf', 'feature_selector__k': 25}",CLASSIFIED_bouldering_summary_5_(12_12_43)_in5_out3.tsv,0.48518518518518516,0.1462376816474047,0.451737413820747,0.17336779694549684,0.44662698412698415,0.14199230244621236,0.4248949361769616,0.14906952240172675
5,Decision Tree,PCA,"{'classifier__max_depth': 20, 'feature_selector__n_components': 25}",CLASSIFIED_bouldering_summary_5_(12_12_43)_in5_out3.tsv,0.4277777777777778,0.13467687285612376,0.42417107583774244,0.16674039823903614,0.40324074074074084,0.13918306273792372,0.39005322039119766,0.13807619103475458
5,KNN,PCA,"{'classifier__n_neighbors': 3, 'classifier__weights': 'distance', 'feature_selector__n_components': 25}",CLASSIFIED_bouldering_summary_5_(12_12_43)_in5_out3.tsv,0.4462962962962963,0.09013402610102192,0.4407928491261825,0.13245837713680325,0.4201719576719577,0.1000200535938132,0.4115219178635071,0.10591863160710112
5,Logistic Regression,PCA,"{'classifier__C': 1, 'feature_selector__n_components': 25}",CLASSIFIED_bouldering_summary_5_(12_12_43)_in5_out3.tsv,0.47777777777777775,0.09792077086223916,0.4141652791652792,0.13998293123475178,0.4332671957671958,0.09575680411479677,0.3986420052762315,0.10897490481069935
5,Random Forest,PCA,"{'classifier__max_depth': 10, 'classifier__n_estimators': 50, 'feature_selector__n_components': 25}",CLASSIFIED_bouldering_summary_5_(12_12_43)_in5_out3.tsv,0.46481481481481485,0.11247618251155715,0.4446441521441521,0.13603616183013964,0.4486111111111111,0.11218695656498583,0.42148161359719666,0.11212302697027601
5,SVM,PCA,"{'classifier__C': 10, 'classifier__kernel': 'linear', 'feature_selector__n_components': 10}",CLASSIFIED_bouldering_summary_5_(12_12_43)_in5_out3.tsv,0.475925925925926,0.07269550528292788,0.3793325193325193,0.1301033769506063,0.41395502645502646,0.07097793499360122,0.37305174222253695,0.09230184830921594
5,Decision Tree,Variance Threshold,"{'classifier__max_depth': None, 'feature_selector__threshold': 0.01}",CLASSIFIED_bouldering_summary_5_(12_12_43)_in5_out3.tsv,0.43888888888888894,0.1017844895086022,0.42288560205226866,0.11964404440303572,0.43247354497354495,0.10470662940373295,0.4106548767900678,0.10374526529098449
5,KNN,Variance Threshold,"{'classifier__n_neighbors': 1, 'classifier__weights': 'uniform', 'feature_selector__threshold': 0.01}",CLASSIFIED_bouldering_summary_5_(12_12_43)_in5_out3.tsv,0.6037037037037035,0.10612258356958816,0.6427248677248677,0.10731553298539087,0.6433201058201059,0.108498289211364,0.6042511295607269,0.11035031389722799
5,Logistic Regression,Variance Threshold,"{'classifier__C': 0.5, 'feature_selector__threshold': 0.1}",CLASSIFIED_bouldering_summary_5_(12_12_43)_in5_out3.tsv,0.5722222222222222,0.11754519313006186,0.5627469135802469,0.16195136246475803,0.5427248677248678,0.12264487208296208,0.5303765547986393,0.13748751735927467
5,Random Forest,Variance Threshold,"{'classifier__max_depth': None, 'classifier__n_estimators': 20, 'feature_selector__threshold': 0.001}",CLASSIFIED_bouldering_summary_5_(12_12_43)_in5_out3.tsv,0.46481481481481474,0.12042733694732674,0.4530339105339106,0.1734161891457477,0.44477513227513227,0.12409185872809027,0.42452133941814024,0.13004643875310776
5,SVM,Variance Threshold,"{'classifier__C': 0.1, 'classifier__kernel': 'linear', 'feature_selector__threshold': 0.1}",CLASSIFIED_bouldering_summary_5_(12_12_43)_in5_out3.tsv,0.6222222222222223,0.10961961916258328,0.6333020683020683,0.1290697897745533,0.6191137566137567,0.11860420433960188,0.6017028069969246,0.1212505499470857
10,Decision Tree,ANOVA,"{'classifier__max_depth': 10, 'feature_selector__k': 10}",CLASSIFIED_bouldering_summary_10_(12_12_15)_in5_out3.tsv,0.47962962962962963,0.12379736972857977,0.47664295580962246,0.1480163169432552,0.467989417989418,0.12727906115159462,0.4529155494583772,0.1291748618864327
10,KNN,ANOVA,"{'classifier__n_neighbors': 1, 'classifier__weights': 'uniform', 'feature_selector__k': 25}",CLASSIFIED_bouldering_summary_10_(12_12_15)_in5_out3.tsv,0.48888888888888893,0.10867704260089785,0.4847274330607664,0.13094705994883724,0.4774470899470898,0.1153680507550449,0.4645317252979792,0.11562192557822872
10,Logistic Regression,ANOVA,"{'classifier__C': 10, 'feature_selector__k': 25}",CLASSIFIED_bouldering_summary_10_(12_12_15)_in5_out3.tsv,0.4851851851851851,0.09507776039254398,0.46729551312884643,0.15386781697960697,0.4501984126984127,0.09815494439454128,0.43503321200070416,0.1122696138888008
10,Random Forest,ANOVA,"{'classifier__max_depth': 5, 'classifier__n_estimators': 20, 'feature_selector__k': 10}",CLASSIFIED_bouldering_summary_10_(12_12_15)_in5_out3.tsv,0.4425925925925926,0.10969780162681396,0.4248899865566532,0.13653472459382177,0.4255952380952381,0.11800107675452094,0.4074264522123139,0.12137425277266786
10,SVM,ANOVA,"{'classifier__C': 1, 'classifier__kernel': 'linear', 'feature_selector__k': 25}",CLASSIFIED_bouldering_summary_10_(12_12_15)_in5_out3.tsv,0.4907407407407407,0.0919421599059734,0.46787197370530703,0.1268918689035196,0.46600529100529103,0.10500354594014395,0.4489922860459495,0.10581275301958398
10,Decision Tree,PCA,"{'classifier__max_depth': 5, 'feature_selector__n_components': 25}",CLASSIFIED_bouldering_summary_10_(12_12_15)_in5_out3.tsv,0.38703703703703707,0.10490377065384109,0.38015311848645184,0.14464659421003748,0.3627645502645503,0.09751209800050344,0.3488099572903495,0.10487212913162286
10,KNN,PCA,"{'classifier__n_neighbors': 10, 'classifier__weights': 'distance', 'feature_selector__n_components': 10}",CLASSIFIED_bouldering_summary_10_(12_12_15)_in5_out3.tsv,0.3814814814814815,0.09700593224969478,0.3196056721056721,0.12557069684515942,0.34206349206349207,0.09692292772024297,0.3209661543020676,0.10364520855634922
10,Logistic Regression,PCA,"{'classifier__C': 0.01, 'feature_selector__n_components': 25}",CLASSIFIED_bouldering_summary_10_(12_12_15)_in5_out3.tsv,0.4055555555555556,0.09089178660598538,0.2840418840418841,0.12222532867802062,0.346957671957672,0.0849378371869512,0.3010770226219143,0.09387383699358652
10,Random Forest,PCA,"{'classifier__max_depth': 20, 'classifier__n_estimators': 50, 'feature_selector__n_components': 25}",CLASSIFIED_bouldering_summary_10_(12_12_15)_in5_out3.tsv,0.4055555555555556,0.09531192024042792,0.36130616297282975,0.13580343581903756,0.36514550264550266,0.09252853509807775,0.34241265833887097,0.09293041665637015
10,SVM,PCA,"{'classifier__C': 0.1, 'classifier__kernel': 'linear', 'feature_selector__n_components': 25}",CLASSIFIED_bouldering_summary_10_(12_12_15)_in5_out3.tsv,0.36296296296296304,0.09377028815683083,0.26723674473674475,0.0932896940788253,0.31322751322751324,0.08120023353506986,0.27689545163328094,0.08549916223916276
10,Decision Tree,Variance Threshold,"{'classifier__max_depth': 10, 'feature_selector__threshold': 0.01}",CLASSIFIED_bouldering_summary_10_(12_12_15)_in5_out3.tsv,0.4388888888888889,0.1340643540573205,0.4232453657453657,0.16327188972971834,0.4257936507936508,0.1486123914723633,0.4076887377042176,0.14081501453366427
10,KNN,Variance Threshold,"{'classifier__n_neighbors': 3, 'classifier__weights': 'distance', 'feature_selector__threshold': 0.001}",CLASSIFIED_bouldering_summary_10_(12_12_15)_in5_out3.tsv,0.588888888888889,0.0753592220347252,0.6099450857784191,0.08247851208425569,0.64484126984127,0.07643396938197708,0.5951292335115866,0.07740731352585448
10,Logistic Regression,Variance Threshold,"{'classifier__C': 10, 'feature_selector__threshold': 0.05}",CLASSIFIED_bouldering_summary_10_(12_12_15)_in5_out3.tsv,0.5314814814814814,0.10110839773865703,0.5420408603741936,0.1514787057725191,0.5193121693121694,0.11561512457666684,0.5105917370287856,0.12768721425616478
10,Random Forest,Variance Threshold,"{'classifier__max_depth': 10, 'classifier__n_estimators': 10, 'feature_selector__threshold': 0.001}",CLASSIFIED_bouldering_summary_10_(12_12_15)_in5_out3.tsv,0.4740740740740741,0.11361379000131828,0.4656039947706614,0.1630883726695281,0.4558862433862434,0.12782838079687864,0.4354145112426846,0.13280644091607827
10,SVM,Variance Threshold,"{'classifier__C': 10, 'classifier__kernel': 'rbf', 'feature_selector__threshold': 0.01}",CLASSIFIED_bouldering_summary_10_(12_12_15)_in5_out3.tsv,0.5314814814814816,0.09371541428799997,0.548800304633638,0.1555992031780634,0.5193121693121694,0.09180732773553493,0.507979020272622,0.1080233800552307
20,Decision Tree,ANOVA,"{'classifier__max_depth': 10, 'feature_selector__k': 25}",CLASSIFIED_bouldering_summary_20_(12_12_36)_in5_out3.tsv,0.47777777777777786,0.08795808953361421,0.4623830182163517,0.11400194395266972,0.4535052910052911,0.09966123665160344,0.439223298678923,0.09659712428883066
20,KNN,ANOVA,"{'classifier__n_neighbors': 3, 'classifier__weights': 'distance', 'feature_selector__k': 10}",CLASSIFIED_bouldering_summary_20_(12_12_36)_in5_out3.tsv,0.47962962962962963,0.1318461297135375,0.4662481345814679,0.15523481135441936,0.46679894179894177,0.14525014165402286,0.4557668759784343,0.15099492616464436
20,Logistic Regression,ANOVA,"{'classifier__C': 1, 'feature_selector__k': 25}",CLASSIFIED_bouldering_summary_20_(12_12_36)_in5_out3.tsv,0.5018518518518519,0.1133871815914195,0.49769902936569604,0.18268382312180506,0.46812169312169316,0.11699726102986927,0.45815159986212617,0.13774776260133625
20,Random Forest,ANOVA,"{'classifier__max_depth': None, 'classifier__n_estimators': 10, 'feature_selector__k': 25}",CLASSIFIED_bouldering_summary_20_(12_12_36)_in5_out3.tsv,0.48333333333333334,0.09953596037316066,0.48140331890331894,0.11271960514238011,0.45687830687830683,0.09371149349639826,0.44642372858575124,0.09502270004816465
20,SVM,ANOVA,"{'classifier__C': 10, 'classifier__kernel': 'rbf', 'feature_selector__k': 25}",CLASSIFIED_bouldering_summary_20_(12_12_36)_in5_out3.tsv,0.48703703703703705,0.11625441567199638,0.48694885361552026,0.18052565916838503,0.4619708994708995,0.13383284187314412,0.4545844255121861,0.15036741953549917
20,Decision Tree,PCA,"{'classifier__max_depth': 20, 'feature_selector__n_components': 25}",CLASSIFIED_bouldering_summary_20_(12_12_36)_in5_out3.tsv,0.35925925925925933,0.1011592613610938,0.3352869969536636,0.10837112620914696,0.33617724867724863,0.09515495066284514,0.32080977788408127,0.09211266304429382
20,KNN,PCA,"{'classifier__n_neighbors': 5, 'classifier__weights': 'distance', 'feature_selector__n_components': 25}",CLASSIFIED_bouldering_summary_20_(12_12_36)_in5_out3.tsv,0.36666666666666664,0.090267093384844,0.29291950333616995,0.09539944089590513,0.3318121693121693,0.07296208647907544,0.29637512189347337,0.07971327328804871
20,Logistic Regression,PCA,"{'classifier__C': 1, 'feature_selector__n_components': 5}",CLASSIFIED_bouldering_summary_20_(12_12_36)_in5_out3.tsv,0.38518518518518524,0.0859865686388437,0.25698406622426234,0.08051087906645757,0.32619047619047614,0.07135247269038755,0.27288088311234093,0.07047046951985808
20,Random Forest,PCA,"{'classifier__max_depth': 20, 'classifier__n_estimators': 1, 'feature_selector__n_components': 10}",CLASSIFIED_bouldering_summary_20_(12_12_36)_in5_out3.tsv,0.35370370370370374,0.0878215237139213,0.304642271308938,0.12224343123652337,0.3180555555555556,0.08720555986163894,0.29244780312375773,0.087977004603612
20,SVM,PCA,"{'classifier__C': 10, 'classifier__kernel': 'linear', 'feature_selector__n_components': 5}",CLASSIFIED_bouldering_summary_20_(12_12_36)_in5_out3.tsv,0.36296296296296304,0.09486109981381997,0.25502799669466336,0.08994161295466975,0.3162698412698413,0.0789732390545841,0.27061465524051337,0.08080797717923839
20,Decision Tree,Variance Threshold,"{'classifier__max_depth': 5, 'feature_selector__threshold': 0.1}",CLASSIFIED_bouldering_summary_20_(12_12_36)_in5_out3.tsv,0.4814814814814815,0.10075163339804033,0.47873617123617124,0.13389140044101122,0.4675925925925926,0.11624606242087802,0.4520163501407051,0.1155182939531195
20,KNN,Variance Threshold,"{'classifier__n_neighbors': 1, 'classifier__weights': 'uniform', 'feature_selector__threshold': 0.001}",CLASSIFIED_bouldering_summary_20_(12_12_36)_in5_out3.tsv,0.5074074074074074,0.10217121647506462,0.5247085938752605,0.13872170739763023,0.5453042328042327,0.1177821668118822,0.4998240366635619,0.11729102174827431
20,Logistic Regression,Variance Threshold,"{'classifier__C': 0.5, 'feature_selector__threshold': 0.01}",CLASSIFIED_bouldering_summary_20_(12_12_36)_in5_out3.tsv,0.4851851851851852,0.09507776039254397,0.4121363821363821,0.14786655229655335,0.4339285714285715,0.09315421603933131,0.40266471269051246,0.10434601709403889
20,Random Forest,Variance Threshold,"{'classifier__max_depth': None, 'classifier__n_estimators': 50, 'feature_selector__threshold': 0.001}",CLASSIFIED_bouldering_summary_20_(12_12_36)_in5_out3.tsv,0.48888888888888876,0.12289377794842266,0.49197694281027615,0.16049492561381773,0.46329365079365065,0.12044674956235944,0.45186131664459844,0.13058272866357087
20,SVM,Variance Threshold,"{'classifier__C': 0.01, 'classifier__kernel': 'linear', 'feature_selector__threshold': 0.001}",CLASSIFIED_bouldering_summary_20_(12_12_36)_in5_out3.tsv,0.48518518518518516,0.11104936555974039,0.3945114453447787,0.18444827217458876,0.44166666666666676,0.11474774331382742,0.396004822719993,0.1431092103571072
50,Decision Tree,ANOVA,"{'classifier__max_depth': 20, 'feature_selector__k': 5}",CLASSIFIED_bouldering_summary_50_(12_12_47)_in5_out3.tsv,0.4277777777777778,0.11399046960379551,0.4000589225589225,0.13632014654508265,0.40529100529100537,0.11243534079326858,0.38377875173024806,0.11479582879616056
50,KNN,ANOVA,"{'classifier__n_neighbors': 10, 'classifier__weights': 'uniform', 'feature_selector__k': 25}",CLASSIFIED_bouldering_summary_50_(12_12_47)_in5_out3.tsv,0.5055555555555554,0.09974246673700171,0.5007386749053416,0.1495249223508369,0.4758597883597883,0.10383650540762245,0.46371525294641913,0.11220416014911494
50,Logistic Regression,ANOVA,"{'classifier__C': 0.01, 'feature_selector__k': 25}",CLASSIFIED_bouldering_summary_50_(12_12_47)_in5_out3.tsv,0.5074074074074074,0.11805464778154982,0.4804267491767492,0.1738886200763149,0.46521164021164024,0.10911824560170329,0.4465249191588538,0.12537865937681814
50,Random Forest,ANOVA,"{'classifier__max_depth': 10, 'classifier__n_estimators': 50, 'feature_selector__k': 25}",CLASSIFIED_bouldering_summary_50_(12_12_47)_in5_out3.tsv,0.47037037037037044,0.11451573950918746,0.4550690050690051,0.16549707771380912,0.4438492063492064,0.1205419332338687,0.43240893523401264,0.1355997291627828
50,SVM,ANOVA,"{'classifier__C': 0.01, 'classifier__kernel': 'linear', 'feature_selector__k': 25}",CLASSIFIED_bouldering_summary_50_(12_12_47)_in5_out3.tsv,0.47777777777777775,0.13271461383088085,0.418621286121286,0.19369433704884573,0.43326719576719586,0.12400130493732026,0.40414769761828584,0.14745758944486873
50,Decision Tree,PCA,"{'classifier__max_depth': 5, 'feature_selector__n_components': 5}",CLASSIFIED_bouldering_summary_50_(12_12_47)_in5_out3.tsv,0.4037037037037037,0.10534416780242885,0.3595189850091811,0.14770322463161512,0.36673280423280424,0.10162408825372594,0.3395701909030082,0.10780276242621888
50,KNN,PCA,"{'classifier__n_neighbors': 1, 'classifier__weights': 'uniform', 'feature_selector__n_components': 25}",CLASSIFIED_bouldering_summary_50_(12_12_47)_in5_out3.tsv,0.3777777777777779,0.07908946853356527,0.30705590342845246,0.13792607749418337,0.3371031746031746,0.08473151504739697,0.29027866893629445,0.09527895242805123
50,Logistic Regression,PCA,"{'classifier__C': 10, 'feature_selector__n_components': 25}",CLASSIFIED_bouldering_summary_50_(12_12_47)_in5_out3.tsv,0.4111111111111112,0.09139972355002271,0.2957516421487009,0.09888360450936504,0.35178571428571437,0.07980064012445713,0.30488950299454187,0.08371750692424235
50,Random Forest,PCA,"{'classifier__max_depth': 5, 'classifier__n_estimators': 50, 'feature_selector__n_components': 5}",CLASSIFIED_bouldering_summary_50_(12_12_47)_in5_out3.tsv,0.3740740740740741,0.0810595134379233,0.31545910879244216,0.1180288885079739,0.33326719576719566,0.07891819179234148,0.3037097390244965,0.08379578719917746
50,SVM,PCA,"{'classifier__C': 0.5, 'classifier__kernel': 'linear', 'feature_selector__n_components': 5}",CLASSIFIED_bouldering_summary_50_(12_12_47)_in5_out3.tsv,0.40185185185185185,0.07815165868892295,0.26023993617130875,0.1066099806799039,0.3413359788359788,0.07402412927902281,0.2789743817509555,0.0893523161571896
50,Decision Tree,Variance Threshold,"{'classifier__max_depth': 10, 'feature_selector__threshold': 0.01}",CLASSIFIED_bouldering_summary_50_(12_12_47)_in5_out3.tsv,0.425925925925926,0.10075163339804033,0.4114438031104698,0.146458839602645,0.39444444444444443,0.1128261906967095,0.3853094857403423,0.117120686468512
50,KNN,Variance Threshold,"{'classifier__n_neighbors': 1, 'classifier__weights': 'uniform', 'feature_selector__threshold': 0.001}",CLASSIFIED_bouldering_summary_50_(12_12_47)_in5_out3.tsv,0.5555555555555555,0.08114408259335794,0.5845061728395061,0.10424555386561139,0.6052248677248677,0.09182240620020413,0.5520157547608526,0.0850137116732313
50,Logistic Regression,Variance Threshold,"{'classifier__C': 0.1, 'feature_selector__threshold': 0.01}",CLASSIFIED_bouldering_summary_50_(12_12_47)_in5_out3.tsv,0.5037037037037038,0.09177416069158421,0.47754248837582164,0.15803739467652475,0.46408730158730155,0.1095965726204918,0.44408112594129107,0.11497091495656292
50,Random Forest,Variance Threshold,"{'classifier__max_depth': 20, 'classifier__n_estimators': 20, 'feature_selector__threshold': 0.01}",CLASSIFIED_bouldering_summary_50_(12_12_47)_in5_out3.tsv,0.4425925925925927,0.1029236535673352,0.4282972582972583,0.1647842382260575,0.4162037037037037,0.10449611964309562,0.4004398118794404,0.11713378535126738
50,SVM,Variance Threshold,"{'classifier__C': 0.001, 'classifier__kernel': 'linear', 'feature_selector__threshold': 0.01}",CLASSIFIED_bouldering_summary_50_(12_12_47)_in5_out3.tsv,0.512962962962963,0.09800828609184627,0.4840119294285961,0.17094048303566875,0.4691137566137566,0.11521689844578684,0.4453841628467867,0.13116470941688643
100,Decision Tree,ANOVA,"{'classifier__max_depth': None, 'feature_selector__k': 5}",CLASSIFIED_bouldering_summary_100_(12_12_20)_in5_out3.tsv,0.44629629629629625,0.1221239784725744,0.44511103094436427,0.14260381879720532,0.43406084656084654,0.11723564076786694,0.4221722469710086,0.12442489963675511
100,KNN,ANOVA,"{'classifier__n_neighbors': 1, 'classifier__weights': 'uniform', 'feature_selector__k': 25}",CLASSIFIED_bouldering_summary_100_(12_12_20)_in5_out3.tsv,0.487037037037037,0.12229234800814118,0.5019187910854578,0.1615076312247057,0.4632936507936508,0.13122541481898636,0.4574534210963519,0.13747596777606108
100,Logistic Regression,ANOVA,"{'classifier__C': 0.5, 'feature_selector__k': 25}",CLASSIFIED_bouldering_summary_100_(12_12_20)_in5_out3.tsv,0.4907407407407407,0.10742337046128281,0.5042419000752334,0.1646148032417016,0.4532407407407407,0.10044423893143253,0.4476946478778264,0.11060474201743874
100,Random Forest,ANOVA,"{'classifier__max_depth': 5, 'classifier__n_estimators': 10, 'feature_selector__k': 25}",CLASSIFIED_bouldering_summary_100_(12_12_20)_in5_out3.tsv,0.45925925925925937,0.11469527827557055,0.4409286700953368,0.16235695130191172,0.4285052910052911,0.1091431966472195,0.4115206839561844,0.12524657456561006
100,SVM,ANOVA,"{'classifier__C': 10, 'classifier__kernel': 'rbf', 'feature_selector__k': 25}",CLASSIFIED_bouldering_summary_100_(12_12_20)_in5_out3.tsv,0.4740740740740741,0.10217121647506461,0.4477219385552719,0.15209394332120182,0.4382936507936508,0.09032660462258892,0.4180219967892826,0.11337828388135464
100,Decision Tree,PCA,"{'classifier__max_depth': 5, 'feature_selector__n_components': 25}",CLASSIFIED_bouldering_summary_100_(12_12_20)_in5_out3.tsv,0.3851851851851853,0.10136246061780749,0.3304009724843058,0.1582083305141048,0.33690476190476193,0.09684409785574738,0.30574345708583156,0.10793667484200851
100,KNN,PCA,"{'classifier__n_neighbors': 3, 'classifier__weights': 'distance', 'feature_selector__n_components': 25}",CLASSIFIED_bouldering_summary_100_(12_12_20)_in5_out3.tsv,0.37962962962962965,0.07601620648805109,0.27427817280758454,0.15056517637652123,0.3330026455026456,0.07068447546333319,0.27390481103892506,0.09361515438629953
100,Logistic Regression,PCA,"{'classifier__C': 1, 'feature_selector__n_components': 25}",CLASSIFIED_bouldering_summary_100_(12_12_20)_in5_out3.tsv,0.44629629629629636,0.07097691813606224,0.3263468167634834,0.09591179113322415,0.3792989417989418,0.06272286069238514,0.3289199403361246,0.06732426779622892
100,Random Forest,PCA,"{'classifier__max_depth': 5, 'classifier__n_estimators': 20, 'feature_selector__n_components': 25}",CLASSIFIED_bouldering_summary_100_(12_12_20)_in5_out3.tsv,0.40555555555555556,0.08743016025268797,0.3603519320185988,0.12014500178078363,0.364021164021164,0.08134877618503723,0.33786551664518655,0.08673538570155633
100,SVM,PCA,"{'classifier__C': 0.5, 'classifier__kernel': 'linear', 'feature_selector__n_components': 5}",CLASSIFIED_bouldering_summary_100_(12_12_20)_in5_out3.tsv,0.44814814814814824,0.08834711438427086,0.3775118273157488,0.12872537928729344,0.3986772486772487,0.08271046722138051,0.3512303231169387,0.09805470056336435
100,Decision Tree,Variance Threshold,"{'classifier__max_depth': 5, 'feature_selector__threshold': 0.001}",CLASSIFIED_bouldering_summary_100_(12_12_20)_in5_out3.tsv,0.4537037037037038,0.09737642092692526,0.44588137171470504,0.1228388436518387,0.4487433862433862,0.10196570373468344,0.4276621230697598,0.10625127314322239
100,KNN,Variance Threshold,"{'classifier__n_neighbors': 5, 'classifier__weights': 'distance', 'feature_selector__threshold': 0.05}",CLASSIFIED_bouldering_summary_100_(12_12_20)_in5_out3.tsv,0.5462962962962963,0.09523993237499105,0.5596685105018439,0.12226947433859713,0.5839285714285715,0.10676514600409892,0.5352211122592959,0.10827531205916696
100,Logistic Regression,Variance Threshold,"{'classifier__C': 0.1, 'feature_selector__threshold': 0.001}",CLASSIFIED_bouldering_summary_100_(12_12_20)_in5_out3.tsv,0.5537037037037038,0.08782152371392132,0.5613607071940405,0.15171057595296816,0.521031746031746,0.1008704348618053,0.5120726435587116,0.11596125944110115
100,Random Forest,Variance Threshold,"{'classifier__max_depth': 10, 'classifier__n_estimators': 50, 'feature_selector__threshold': 0.05}",CLASSIFIED_bouldering_summary_100_(12_12_20)_in5_out3.tsv,0.4981481481481482,0.08048634745222497,0.4687063245396578,0.14600577353274885,0.46064814814814814,0.09041479417672127,0.43845366258936946,0.10362338282357536
100,SVM,Variance Threshold,"{'classifier__C': 0.001, 'classifier__kernel': 'linear', 'feature_selector__threshold': 0.01}",CLASSIFIED_bouldering_summary_100_(12_12_20)_in5_out3.tsv,0.5111111111111111,0.0944988949790598,0.4831092527661155,0.16530691494465008,0.48518518518518516,0.11654978007687376,0.44761174191882674,0.13875548132402962
