"Time (s)","X (rad/s)","Y (rad/s)","Z (rad/s)"
1.398295828E-2,-1.705482975E-2,8.239774406E-2,3.984825686E-2
2.400495834E-2,-6.210172083E-3,1.721779704E-1,-3.573092073E-2
3.402695828E-2,1.205126010E-2,2.391060591E-1,-7.423333824E-2
4.404995823E-2,2.126073651E-2,2.531861961E-1,-6.975549459E-2
5.407195829E-2,2.138238028E-2,2.027110755E-1,-2.662191726E-2
6.409395824E-2,1.778631285E-2,1.220037043E-1,2.500532381E-2
7.411595830E-2,2.208276466E-2,7.213726640E-2,3.279658780E-2
8.413795824E-2,2.629375458E-2,6.640880555E-2,4.885594361E-3
9.415995830E-2,1.278209873E-2,7.074218988E-2,-3.152396902E-2
1.041819582E-1,-1.578731462E-3,5.524178594E-2,-4.635963961E-2
1.142039583E-1,5.902705714E-3,1.525780931E-2,-4.691978917E-2
1.242269583E-1,3.622039780E-2,-1.872146316E-2,-4.932568967E-2
1.342489583E-1,5.654229224E-2,-5.380330235E-2,-3.767106310E-2
1.442709583E-1,7.392022014E-2,-8.775860816E-2,-1.262110285E-2
1.542929583E-1,1.024976373E-1,-1.245195419E-1,1.248036511E-2
1.643149583E-1,1.572421044E-1,-1.603680849E-1,2.838955820E-2
1.743369583E-1,2.184950113E-1,-2.176258713E-1,4.191816598E-2
1.843589583E-1,2.751114368E-1,-2.741221786E-1,4.648308456E-2
1.943819583E-1,3.224169016E-1,-3.302612603E-1,5.727148429E-2
2.044039583E-1,3.726055026E-1,-3.749959767E-1,6.826740503E-2
2.144259582E-1,4.152894616E-1,-3.773757517E-1,7.800649107E-2
2.244479583E-1,4.312354326E-1,-3.780660331E-1,7.951037586E-2
2.344699582E-1,4.681585729E-1,-4.096972942E-1,8.415932208E-2
2.444919583E-1,5.719771385E-1,-6.401651502E-1,1.080830246E-1
2.545139582E-1,6.401856542E-1,-1.250012159E0,5.898791924E-2
2.645359583E-1,6.856069565E-1,-1.987661123E0,4.518289119E-2
2.745589582E-1,7.713449001E-1,-2.702683687E0,2.034802884E-1
2.845809583E-1,8.574345112E-1,-2.906641960E0,3.251321316E-1
2.946029583E-1,9.390923381E-1,-2.890344143E0,3.179072142E-1
3.046249583E-1,9.600801468E-1,-2.757060528E0,1.658708006E-1
3.146469583E-1,8.216193318E-1,-2.547761917E0,-6.549397856E-2
3.246689583E-1,6.636280417E-1,-2.172624111E0,-2.483825684E-1
3.346909583E-1,5.771892071E-1,-1.605746031E0,-2.999768555E-1
3.447129583E-1,5.423140526E-1,-9.028655887E-1,-2.721374929E-1
3.547359583E-1,5.007505417E-1,-1.918648630E-1,-2.295105755E-1
3.647579583E-1,4.590803087E-1,4.638501406E-1,-2.344105244E-1
3.747799583E-1,4.367178977E-1,1.036107659E0,-3.089266419E-1
3.848019583E-1,4.259280860E-1,1.465428948E0,-4.232846498E-1
3.948239583E-1,3.184551299E-1,1.644538403E0,-5.040629506E-1
4.048459582E-1,2.010038644E-1,1.554509640E0,-4.725753069E-1
4.148679583E-1,1.611293107E-1,1.244470477E0,-2.890951335E-1
4.248909582E-1,2.146596462E-1,8.176064491E-1,-2.351592854E-2
4.349129583E-1,2.866149247E-1,3.625721633E-1,1.816987693E-1
4.449349582E-1,3.415111899E-1,-3.032478504E-2,2.269797027E-1
4.549569583E-1,3.806727529E-1,-3.528877497E-1,1.251211166E-1
4.649789582E-1,3.345803320E-1,-6.611206532E-1,-5.688944459E-2
4.750009583E-1,2.599853277E-1,-9.462176561E-1,-2.241792679E-1
4.850229583E-1,2.481467724E-1,-1.170363426E0,-2.616363466E-1
4.950459583E-1,3.086593449E-1,-1.307348490E0,-1.778377891E-1
5.050679583E-1,3.857772946E-1,-1.319704533E0,-6.585612148E-2
5.150899583E-1,4.115076661E-1,-1.166115880E0,-2.741639130E-2
5.251119583E-1,3.956021965E-1,-8.751526475E-1,-1.150900498E-1
5.351340832E-1,3.185870647E-1,-5.784156919E-1,-2.709294856E-1
5.451560833E-1,1.895912588E-1,-2.779522240E-1,-3.780287802E-1
5.551780832E-1,8.241433650E-2,3.005347401E-2,-3.868592083E-1
5.652000833E-1,4.961670190E-2,2.815815806E-1,-3.232922256E-1
5.752230833E-1,7.974924892E-2,4.938918650E-1,-2.504655421E-1
5.852450833E-1,1.158542559E-1,7.119820714E-1,-2.449490428E-1
5.952670833E-1,9.733495116E-2,8.786256909E-1,-2.998966575E-1
6.052890833E-1,2.926322259E-2,9.246768355E-1,-3.564225137E-1
6.153110833E-1,-6.370288879E-2,8.601368666E-1,-3.504060805E-1
6.253330833E-1,-9.498144686E-2,7.110903859E-1,-2.649151385E-1
6.353550833E-1,-5.077099428E-2,5.013636351E-1,-1.178870350E-1
6.453780833E-1,3.032252565E-2,2.595893443E-1,2.832051367E-2
6.554000833E-1,1.171098128E-1,-2.416627482E-2,1.095778421E-1
6.654220832E-1,1.842315942E-1,-2.325423956E-1,1.045204997E-1
6.754440833E-1,2.082597017E-1,-3.266987503E-1,3.532197699E-2
6.854660832E-1,2.119471133E-1,-3.494557440E-1,-4.667275771E-2
6.954880833E-1,2.110788226E-1,-3.161246777E-1,-1.161784455E-1
7.055100832E-1,2.391852885E-1,-2.603210807E-1,-1.443853080E-1
7.155320833E-1,2.955072820E-1,-2.479194105E-1,-1.256837547E-1
7.255550832E-1,3.514184654E-1,-2.770988941E-1,-6.664440781E-2
7.355770833E-1,3.825379908E-1,-3.547290564E-1,8.597366512E-3
7.455990833E-1,4.169619977E-1,-4.699203670E-1,8.759844303E-2
7.556210833E-1,4.558043182E-1,-5.272768736E-1,1.568673700E-1
7.656430833E-1,4.789405465E-1,-4.488803446E-1,1.947641522E-1
7.756650833E-1,4.616192579E-1,-2.691691220E-1,1.844121367E-1
7.856870833E-1,4.313545525E-1,-9.436134249E-2,1.521764398E-1
7.957100833E-1,3.976251781E-1,-2.399124205E-2,1.391791105E-1
8.057320833E-1,3.823940158E-1,-9.979838878E-2,1.564379930E-1
8.157540833E-1,3.934710920E-1,-2.724316120E-1,1.920653135E-1
8.257760833E-1,4.170081019E-1,-4.332689643E-1,2.174361795E-1
8.357980833E-1,4.325234294E-1,-5.556918383E-1,2.169056833E-1
8.458200833E-1,4.407528639E-1,-6.435071826E-1,1.901960373E-1
8.558420832E-1,4.120169878E-1,-6.860054731E-1,1.550906152E-1
8.658650833E-1,3.616326451E-1,-6.847817898E-1,1.385595798E-1
8.758870832E-1,3.194791675E-1,-6.525875926E-1,1.646848917E-1
8.859090833E-1,2.917084992E-1,-5.692359805E-1,2.233226299E-1
8.959310832E-1,2.618476152E-1,-3.971200287E-1,2.720278203E-1
9.059530833E-1,2.193976194E-1,-1.581591219E-1,2.614620030E-1
9.159750832E-1,1.629088521E-1,1.037825793E-1,2.032351792E-1
9.259970833E-1,1.032010391E-1,3.183444142E-1,1.296752095E-1
9.360190833E-1,6.880196184E-2,4.460851550E-1,7.582405210E-2
9.460420833E-1,6.086653471E-2,4.562488496E-1,7.052490115E-2
9.560640833E-1,7.251575589E-2,3.611650467E-1,9.867364913E-2
9.660860833E-1,8.726007491E-2,2.143572271E-1,1.445111781E-1
9.761080833E-1,9.028463066E-2,7.448375225E-2,1.792161614E-1
9.861300833E-1,6.341386586E-2,-3.889127821E-2,1.774875075E-1
9.961520833E-1,6.127057597E-3,-1.186467484E-1,1.550254226E-1
1.006174083E0,-2.516668290E-2,-1.997884810E-1,1.443464011E-1
1.016197083E0,-2.260308899E-2,-2.654621303E-1,1.655934900E-1
1.026219083E0,3.456347622E-4,-2.992062271E-1,2.168295234E-1
1.036241083E0,1.070476510E-2,-2.924896479E-1,2.584308982E-1
1.046263083E0,6.294944324E-4,-2.624934018E-1,2.608914077E-1
1.056285083E0,-5.946184974E-3,-2.124353945E-1,2.413230240E-1
1.066307083E0,-8.588306606E-3,-1.243340299E-1,2.275619507E-1
1.076329083E0,2.575664315E-3,-1.737482101E-2,2.372209579E-1
1.086352083E0,1.568480767E-2,9.677651525E-2,2.694473565E-1
1.096374083E0,1.483582146E-2,2.366402000E-1,2.821894288E-1
1.106396083E0,3.412270173E-2,3.340610266E-1,2.728686333E-1
1.116418083E0,9.758914262E-2,3.679749072E-1,2.576292753E-1
1.126440083E0,1.942802668E-1,2.634498179E-1,2.354959995E-1
1.136462083E0,2.974746525E-1,6.305357814E-2,2.112080753E-1
1.146484083E0,3.714796603E-1,-1.334078889E-2,1.963982284E-1
1.156507083E0,4.149834514E-1,9.527274966E-2,2.390656769E-1
1.166529083E0,3.969514966E-1,2.765671909E-1,2.501383126E-1
1.176551083E0,3.566637933E-1,3.652069867E-1,2.284255922E-1
1.186573083E0,3.679766357E-1,2.538048327E-1,2.106516659E-1
1.196595083E0,4.589293003E-1,-1.963732392E-2,2.177819014E-1
1.206617083E0,5.579794049E-1,-2.786694169E-1,2.166990638E-1
1.216639083E0,6.044672132E-1,-4.709316194E-1,1.539768130E-1
1.226661083E0,6.157342792E-1,-6.162797809E-1,2.343743481E-2
1.236684083E0,5.794257522E-1,-7.620633841E-1,-1.230343133E-1
1.246706083E0,5.453812480E-1,-9.646835923E-1,-2.237428129E-1
1.256728083E0,5.493463278E-1,-1.122913957E0,-2.407942563E-1
1.266750083E0,5.774943233E-1,-1.235571027E0,-2.134294659E-1
1.276772083E0,6.100069880E-1,-1.294954419E0,-1.904468685E-1
1.286794083E0,5.883035660E-1,-1.282949686E0,-1.999146789E-1
1.296816083E0,5.257634521E-1,-1.215559959E0,-2.241853923E-1
1.306839083E0,4.899348915E-1,-1.137945890E0,-2.149564773E-1
1.316861083E0,4.491908252E-1,-1.044602633E0,-1.605449319E-1
1.326883083E0,3.552227616E-1,-9.530304074E-1,-1.014342010E-1
1.336905083E0,2.348566502E-1,-9.135959744E-1,-6.440208107E-2
1.346927083E0,1.464197338E-1,-8.910719752E-1,-5.386980996E-2
1.356949083E0,7.815527916E-2,-8.750848770E-1,-5.901059508E-2
1.366971083E0,-1.044888794E-2,-8.432284594E-1,-5.367735028E-2
1.376994083E0,-9.729541838E-2,-7.754498720E-1,-1.437260956E-2
1.387016083E0,-1.874612570E-1,-6.879184246E-1,5.676308647E-2
1.397038083E0,-2.730417550E-1,-5.771517754E-1,1.266367286E-1
1.407060083E0,-3.471977413E-1,-3.745931387E-1,1.766780615E-1
1.417082083E0,-4.112990797E-1,-7.978139818E-2,1.406702846E-1
1.427104083E0,-4.180270135E-1,2.505669594E-1,2.527977154E-2
1.437126083E0,-3.972839713E-1,5.698093772E-1,-5.186019093E-2
1.447148083E0,-3.882577419E-1,8.168892264E-1,-6.496907026E-2
1.457171083E0,-3.943364322E-1,9.809744954E-1,-4.946234822E-2
1.467193083E0,-4.636143148E-1,1.099797845E0,-4.194637388E-2
1.477215083E0,-5.754060149E-1,1.129577398E0,-8.942823112E-2
1.487237083E0,-6.212243438E-1,1.036493540E0,-1.676945388E-1
1.497259083E0,-6.361751556E-1,8.653330803E-1,-2.248137891E-1
1.507281083E0,-6.269960403E-1,6.252269745E-1,-2.343010306E-1
1.517303083E0,-6.152013540E-1,3.609649837E-1,-2.509912848E-1
1.527326083E0,-5.932670236E-1,8.042650670E-2,-3.349908590E-1
1.537348250E0,-5.857966542E-1,-2.190977186E-1,-4.729598761E-1
1.547370250E0,-6.181857586E-1,-5.494644046E-1,-6.105425358E-1
1.557392250E0,-6.859267950E-1,-8.948475122E-1,-7.095814347E-1
1.567414250E0,-7.702051997E-1,-1.173997283E0,-7.963935733E-1
1.577436250E0,-8.476077914E-1,-1.253183961E0,-9.379299879E-1
1.587458250E0,-9.078950882E-1,-1.184309006E0,-1.150063396E0
1.597481250E0,-9.083496332E-1,-1.040798187E0,-1.372291327E0
1.607503250E0,-8.739256263E-1,-7.831578255E-1,-1.534616590E0
1.617525250E0,-8.862003684E-1,-4.117649496E-1,-1.635751724E0
1.627547250E0,-9.550276399E-1,7.156044245E-2,-1.745161653E0
1.637569250E0,-1.044423580E0,4.777157903E-1,-1.882351398E0
1.647591250E0,-1.077992201E0,7.077575326E-1,-2.003561020E0
1.657613250E0,-1.095728397E0,7.978449464E-1,-2.077623129E0
1.667635250E0,-1.119570971E0,6.623121500E-1,-2.058333635E0
1.677658250E0,-1.142531514E0,4.086561203E-1,-1.968626976E0
1.687680250E0,-1.143294811E0,1.041180640E-1,-2.009793520E0
1.697702250E0,-1.103752017E0,-2.542502284E-1,-2.250397444E0
1.707724250E0,-9.844421148E-1,-5.560619831E-1,-2.536342382E0
1.717746250E0,-8.504670262E-1,-8.116025925E-1,-2.671970844E0
1.727768250E0,-8.479114771E-1,-7.421928644E-1,-2.580315113E0
1.737790250E0,-8.538643718E-1,-4.293335974E-1,-2.334181309E0
1.747813250E0,-7.253348827E-1,-1.583217978E-1,-2.079986811E0
1.757835250E0,-5.541828871E-1,-8.911407739E-2,-1.941583157E0
1.767857250E0,-4.272385240E-1,-6.557386369E-2,-1.879060388E0
1.777879250E0,-3.147286475E-1,-1.880046874E-1,-1.807696104E0
1.787901250E0,-2.296859324E-1,-5.476446152E-1,-1.742689371E0
1.797923250E0,-2.017891854E-1,-7.729094625E-1,-1.726845384E0
1.807945250E0,-1.414691210E-1,-9.542065263E-1,-1.754826903E0
1.817968250E0,-1.000375226E-1,-8.835834265E-1,-1.697353244E0
1.827990250E0,-8.070138097E-2,-6.309782863E-1,-1.519594193E0
1.838012250E0,-3.541516140E-2,-2.411678880E-1,-1.281239390E0
1.848034250E0,8.029545844E-2,2.395912074E-2,-1.062678218E0
1.858056250E0,1.956496239E-1,-9.656443447E-2,-8.984695673E-1
1.868078250E0,2.823879719E-1,-3.675155044E-1,-8.530858755E-1
1.878100250E0,2.746604085E-1,-5.138533711E-1,-9.479447603E-1
1.888122250E0,2.133483291E-1,-4.666991532E-1,-1.133068442E0
1.898145250E0,1.402843148E-1,-3.167814910E-1,-1.272768617E0
1.908167250E0,1.538597792E-1,7.475804538E-2,-1.148359537E0
1.918189250E0,1.753775924E-1,5.687659979E-1,-8.435632586E-1
1.928211250E0,2.094785720E-1,8.750880957E-1,-5.878859758E-1
1.938233250E0,2.395061851E-1,7.881217003E-1,-4.871111512E-1
1.948255250E0,2.822520435E-1,4.205647111E-1,-5.411110520E-1
1.958277250E0,3.046546578E-1,2.306492031E-1,-6.467136145E-1
1.968300250E0,2.510202229E-1,2.105990648E-1,-7.327867150E-1
1.978322250E0,1.562267244E-1,3.276501298E-1,-7.133788466E-1
1.988344250E0,4.440112412E-2,5.987601280E-1,-7.023805380E-1
1.998366250E0,-4.648051411E-2,6.855941415E-1,-7.108067274E-1
2.008388250E0,-1.009275094E-1,7.813001275E-1,-7.050065994E-1
2.018410250E0,-1.282471567E-1,1.022708058E0,-6.692781448E-1
2.028432250E0,-1.007558852E-1,1.300021172E0,-5.536804199E-1
2.038455250E0,-6.349515915E-2,1.547124505E0,-4.205811620E-1
2.048477250E0,-2.034890205E-1,1.579926968E0,-3.971932828E-1
2.058499250E0,-2.056866437E-1,1.318809748E0,-4.303100109E-1
2.068521250E0,-1.738312393E-1,1.031082869E0,-5.087813735E-1
2.078543250E0,-1.375962049E-1,5.994528532E-1,-5.294213891E-1
2.088565250E0,-8.757536300E-3,5.239192247E-1,-3.776992261E-1
2.098587250E0,3.604079783E-2,8.329542279E-1,-2.579312027E-1
2.108609250E0,-4.458394833E-4,1.061635017E0,-3.192984164E-1
2.118632250E0,9.262648225E-2,1.268782973E0,-4.432186186E-1
2.128654250E0,2.681618035E-1,1.709755301E0,-4.625678360E-1
2.138676250E0,4.154126346E-1,2.144330025E0,-3.446744382E-1
2.148698250E0,7.186598778E-1,2.405505419E0,-1.483682990E-1
2.158720250E0,9.375146627E-1,2.402009010E0,3.116138838E-2
2.168742250E0,1.005061507E0,1.907735944E0,1.718623042E-1
2.178764250E0,1.095513582E0,1.350523233E0,2.651002705E-1
2.188787250E0,1.204218507E0,8.758504391E-1,2.264673859E-1
2.198809250E0,1.218930840E0,5.768809319E-1,2.694152296E-1
2.208831250E0,1.205146074E0,5.520328283E-1,4.343599677E-1
2.218853250E0,1.179660201E0,6.743504405E-1,5.303744078E-1
2.228875250E0,1.061260581E0,7.825109959E-1,4.732716978E-1
2.238897250E0,9.585610628E-1,1.164669633E0,2.742561996E-1
2.248919250E0,8.896600604E-1,2.033502102E0,1.250885576E-1
2.258941250E0,7.846994400E-1,1.981596351E0,1.418437958E-1
2.268964250E0,6.737444401E-1,1.457500339E0,3.322321177E-1
2.278986250E0,6.664152145E-1,8.932027817E-1,5.001848936E-1
2.289008250E0,6.516581178E-1,1.930438876E-1,5.395115018E-1
2.299030250E0,5.748583078E-1,-1.493652314E-1,4.367701709E-1
2.309052250E0,4.277375638E-1,-3.952769935E-1,3.077740222E-2
2.319074250E0,2.811588943E-1,-3.961911798E-1,-3.615543842E-1
2.329096250E0,1.945558339E-1,1.861116588E-1,-4.915081263E-1
2.339119250E0,7.260764390E-2,7.267279029E-1,-1.811618060E-1
2.349141250E0,-4.908789322E-2,7.386799455E-1,2.785701156E-1
2.359163250E0,-1.206335947E-1,3.330624998E-1,4.420320690E-1
2.369185250E0,-2.479878366E-1,-3.891771734E-1,3.005308509E-1
2.379207250E0,-4.602181017E-1,-1.058301926E0,6.369606405E-2
2.389229250E0,-6.176202297E-1,-1.278740883E0,-1.720565408E-1
2.399251250E0,-7.741817236E-1,-9.637500644E-1,-3.889083564E-1
2.409273250E0,-9.403682947E-1,-4.560439587E-1,-3.428801298E-1
2.419296250E0,-1.042983174E0,-4.512708262E-2,-1.222404689E-1
2.429318250E0,-1.037640929E0,3.675033450E-1,4.980532825E-2
2.439340250E0,-1.055242181E0,4.087100923E-1,-2.890993375E-3
2.449362250E0,-1.117616057E0,1.022223458E-1,-1.435516924E-1
2.459384250E0,-1.111006975E0,-1.657529324E-1,-2.897096276E-1
2.469406250E0,-1.076026917E0,-4.121171534E-1,-3.589190543E-1
2.479428250E0,-9.910587072E-1,-5.781412721E-1,-2.470560521E-1
2.489451250E0,-9.233224988E-1,-6.746654510E-1,-1.561333388E-1
2.499473250E0,-9.271358848E-1,-8.104174733E-1,-1.943604797E-1
2.509495250E0,-8.935270309E-1,-8.433354497E-1,-2.928726673E-1
2.519517250E0,-8.223383427E-1,-5.967607498E-1,-3.969974518E-1
2.529539250E0,-7.810268998E-1,-1.894102544E-1,-4.333879352E-1
2.539560958E0,-8.488356471E-1,-1.591693908E-1,-3.697825372E-1
2.549582958E0,-9.090223312E-1,-4.505873621E-1,-2.485066950E-1
2.559604958E0,-9.024404287E-1,-5.367628932E-1,-1.863413453E-1
2.569627958E0,-8.434135914E-1,-4.794476926E-1,-2.754975855E-1
2.579649958E0,-8.350733519E-1,-5.876324177E-1,-4.103014767E-1
2.589671958E0,-7.934507728E-1,-8.153744936E-1,-4.050984681E-1
2.599693958E0,-8.377004266E-1,-1.077351213E0,-3.922947049E-1
2.609715958E0,-7.651758790E-1,-1.245297074E0,-3.218522370E-1
2.619737958E0,-5.865905285E-1,-8.824546337E-1,-3.123652339E-1
2.629759958E0,-5.207507610E-1,-2.824481130E-1,-4.881793857E-1
2.639782958E0,-4.433451593E-1,-4.473673180E-2,-6.848372221E-1
2.649804958E0,-4.068172276E-1,-2.096103728E-1,-7.136246562E-1
2.659826958E0,-4.354300201E-1,-5.850560069E-1,-5.960745811E-1
2.669848958E0,-4.287976623E-1,-1.027200341E0,-4.784238338E-1
2.679870958E0,-2.667774856E-1,-1.032922983E0,-5.048308372E-1
2.689892958E0,-7.425411791E-2,-8.953938484E-1,-6.381044388E-1
2.699914958E0,5.197003111E-2,-9.003834724E-1,-6.873339415E-1
2.709936958E0,1.323876381E-1,-1.003242254E0,-6.306363344E-1
2.719959958E0,2.388966680E-1,-9.873932004E-1,-5.564487576E-1
2.729981958E0,3.081716001E-1,-7.568145990E-1,-5.411907434E-1
2.740003958E0,4.248106480E-1,-4.925718307E-1,-5.285457969E-1
2.750025958E0,5.626385212E-1,-2.945703268E-1,-4.908695221E-1
2.760047958E0,6.773620248E-1,-1.978931129E-1,-4.518249333E-1
2.770069958E0,7.448798418E-1,-4.161271751E-1,-3.931147456E-1
2.780091958E0,7.442665696E-1,-5.772534013E-1,-2.644212842E-1
2.790114958E0,6.673185229E-1,-7.982885838E-1,-1.713762879E-1
2.800136958E0,5.910795927E-1,-9.553502798E-1,-6.046215817E-2
2.810158958E0,5.769094229E-1,-7.168037295E-1,-2.063829917E-3
2.820180958E0,5.257577300E-1,-4.316928983E-1,-2.172259800E-2
2.830202958E0,4.670427740E-1,-2.536869347E-1,1.942590438E-2
2.840224958E0,3.950706720E-1,-1.725478172E-1,1.109123826E-1
2.850246958E0,3.434863091E-1,-1.450743824E-1,1.370625049E-1
2.860269958E0,2.698031068E-1,-2.326143831E-1,1.318868399E-1
2.870291958E0,2.589054406E-1,-5.191367269E-1,2.102607340E-1
2.880313958E0,3.259420693E-1,-6.393853426E-1,3.901787996E-1
2.890335958E0,3.478713632E-1,-4.113683999E-1,5.122093558E-1
2.900357958E0,4.107528627E-1,-2.553963363E-1,5.095297694E-1
2.910379958E0,5.428797603E-1,-1.926418692E-1,4.108157158E-1
2.920401958E0,6.064671874E-1,-9.603527933E-2,2.616754472E-1
2.930423958E0,6.885061264E-1,-1.518031955E-1,2.342254370E-1
2.940446958E0,7.379373908E-1,-3.249536753E-1,3.419282436E-1
2.950468958E0,7.710292935E-1,-4.334681630E-1,4.201370478E-1
2.960490958E0,8.385850191E-1,-4.688260257E-1,4.287487268E-1
2.970512958E0,8.752250075E-1,-4.354196191E-1,3.826584816E-1
2.980534958E0,7.747292519E-1,-2.987924516E-1,2.760018706E-1
2.990556958E0,5.224394798E-1,-2.159985006E-1,1.288617104E-1
3.000578958E0,3.691965938E-1,8.808037639E-2,1.514401287E-1
3.010601958E0,2.272306532E-1,4.565356374E-1,2.217752784E-1
3.020623958E0,2.033492625E-1,6.887420416E-1,3.684265316E-1
3.030645958E0,2.329044938E-1,6.811174154E-1,6.007173061E-1
3.040667958E0,2.461082041E-1,4.932431877E-1,6.857181191E-1
3.050689958E0,3.319022059E-1,3.133072257E-1,6.765014529E-1
3.060711958E0,4.162352383E-1,-1.193556786E-1,5.488259792E-1
3.070733958E0,4.229181707E-1,-3.435608149E-1,4.582262933E-1
3.080755958E0,4.254133403E-1,-3.375140429E-1,5.105654001E-1
3.090778958E0,3.370022476E-1,-2.109379619E-1,5.566924214E-1
3.100800958E0,1.997742802E-1,-9.549055994E-2,6.324234605E-1
3.110822958E0,9.769026935E-2,4.965171590E-2,7.710204720E-1
3.120844958E0,2.806251682E-2,5.490436405E-2,7.723445892E-1
3.130866958E0,-1.975320838E-2,9.922789037E-2,5.573480725E-1
3.140888958E0,-6.856767833E-2,3.901071548E-1,3.634763062E-1
3.150910958E0,-4.303915426E-2,8.077017665E-1,3.049131036E-1
3.160933958E0,-7.566500455E-2,8.076285124E-1,2.985697389E-1
3.170955958E0,-8.413865417E-2,5.653879046E-1,4.247401953E-1
3.180977958E0,1.929314248E-2,5.327078700E-1,5.889789462E-1
3.190999958E0,1.460646689E-1,4.027927220E-1,5.592373013E-1
3.201021958E0,2.179202288E-1,1.277248859E-1,2.966699898E-1
3.211043958E0,3.042423427E-1,-1.962353438E-1,5.119018257E-2
3.221065958E0,3.466767669E-1,-2.737686932E-1,-1.403347552E-1
3.231087958E0,2.505473197E-1,-1.295031458E-1,-3.185154200E-1
3.241110958E0,4.019320011E-2,3.891492262E-2,-3.956621587E-1
3.251132958E0,-1.727150679E-1,2.250744104E-1,-2.825595737E-1
3.261154958E0,-3.031359911E-1,4.409151673E-1,-6.952233613E-2
3.271176958E0,-4.471477568E-1,8.140594363E-1,1.387242973E-2
3.281198958E0,-5.417034030E-1,1.031611800E0,-6.034971401E-2
3.291220958E0,-5.080053806E-1,1.042917609E0,-1.774949729E-1
3.301242958E0,-4.740718007E-1,1.015183687E0,-3.698973656E-1
3.311265958E0,-4.940471053E-1,8.547232151E-1,-5.319152474E-1
3.321287958E0,-6.580302119E-1,5.430808663E-1,-5.105051994E-1
3.331309958E0,-7.382507324E-1,1.377059370E-1,-3.561633527E-1
3.341331958E0,-8.478928804E-1,-7.415505499E-2,-1.975132525E-1
3.351353958E0,-1.038797140E0,-3.904393688E-2,-1.140332669E-1
3.361375958E0,-1.145498037E0,3.483956158E-1,-7.329512388E-2
3.371397958E0,-1.246596098E0,8.808656335E-1,4.713119008E-3
3.381419958E0,-1.364138246E0,1.402884603E0,7.045867294E-2
3.391442958E0,-1.444281578E0,1.847215414E0,1.876138896E-2
3.401464958E0,-1.459334135E0,2.113114357E0,-1.381186843E-1
3.411486958E0,-1.476939678E0,2.136251450E0,-2.935572565E-1
3.421508958E0,-1.567648888E0,1.891198277E0,-3.718151450E-1
3.431530958E0,-1.691392422E0,1.264347196E0,-2.850362957E-1
3.441552958E0,-1.837080121E0,3.251765370E-1,-3.812576458E-2
3.451574958E0,-2.020497084E0,-8.896883130E-1,3.154679835E-1
3.461597958E0,-2.142735958E0,-1.694023848E0,6.758141518E-1
3.471619958E0,-2.155286312E0,-1.725813150E0,1.098388791E0
3.481641958E0,-2.067162991E0,-1.811873794E0,1.523689985E0
3.491663958E0,-2.030822992E0,-2.223739624E0,1.927891970E0
3.501685958E0,-1.915385246E0,-2.978409052E0,2.270616770E0
3.511707958E0,-1.879251480E0,-3.906542063E0,2.670283794E0
3.521729958E0,-1.967410088E0,-4.992802143E0,3.127152205E0
3.531751958E0,-1.803825498E0,-5.862290382E0,3.520542383E0
3.541775500E0,-1.165398955E0,-6.094848633E0,3.835448742E0
3.551797500E0,-3.656210601E-1,-5.728368282E0,3.924270868E0
3.561819500E0,5.794740915E-1,-5.126769543E0,3.906370640E0
3.571841500E0,1.491981626E0,-4.534851074E0,3.826434135E0
3.581863500E0,2.014008999E0,-3.975836754E0,3.912742138E0
3.591885500E0,2.113106728E0,-2.989320993E0,4.360609531E0
3.601907500E0,2.004070282E0,-1.629539490E0,5.078372955E0
3.611930500E0,2.190298796E0,6.808861345E-2,5.644308567E0
3.621952500E0,2.380088329E0,2.037776470E0,5.903486729E0
3.631974500E0,2.513581038E0,4.217364788E0,5.782404423E0
3.641996500E0,2.326797485E0,6.283269882E0,5.376710415E0
3.652018500E0,1.770336270E0,7.841560841E0,4.937894821E0
3.662040500E0,1.073634267E0,8.617338181E0,4.637499332E0
3.672062500E0,6.003865600E-1,8.735292435E0,4.507783413E0
3.682084500E0,3.720768392E-1,8.333845139E0,4.466879368E0
3.692107500E0,1.346856207E-1,7.426431656E0,4.386414051E0
3.702129500E0,-8.254601806E-2,6.269273758E0,4.201045513E0
3.712151500E0,-3.048438132E-1,5.054697037E0,3.879606724E0
3.722173500E0,-3.947461843E-1,3.882038116E0,3.469662428E0
3.732195500E0,-3.138459921E-1,2.825578213E0,3.085591078E0
3.742217500E0,-1.554404795E-1,1.978770971E0,2.830046892E0
3.752239500E0,-1.293071508E-1,1.578326106E0,2.689986467E0
3.762262500E0,-1.172201335E-1,1.328341961E0,2.458372831E0
3.772284500E0,-4.296853766E-2,9.758667946E-1,2.156501293E0
3.782306500E0,3.385296091E-2,8.510924578E-1,1.928893089E0
3.792328500E0,1.125509739E-1,9.498481154E-1,1.785328746E0
3.802350500E0,2.160203159E-1,1.184453964E0,1.652469158E0
3.812372500E0,4.481757879E-1,1.418474674E0,1.483392239E0
3.822394500E0,5.816877484E-1,1.432548285E0,1.269356966E0
3.832416500E0,5.111650825E-1,1.292800784E0,1.108261824E0
3.842439500E0,4.355853796E-1,1.081274867E0,1.026761770E0
3.852461500E0,4.929836988E-1,6.923372149E-1,9.769876003E-1
3.862483500E0,6.264150143E-1,4.370104894E-2,9.363292456E-1
3.872505500E0,6.979874969E-1,-8.418106437E-1,9.458508492E-1
3.882527500E0,7.044710517E-1,-1.697446227E0,1.057460308E0
3.892549500E0,6.603823900E-1,-2.238884211E0,1.201317549E0
3.902571500E0,6.594984531E-1,-2.352700949E0,1.291377425E0
3.912594500E0,6.298332810E-1,-2.105603456E0,1.264851093E0
3.922616500E0,6.281253695E-1,-1.588644385E0,1.101958036E0
3.932638500E0,7.024464607E-1,-8.477356434E-1,8.090054393E-1
3.942660500E0,7.233618498E-1,9.535292536E-2,3.925975263E-1
3.952682500E0,4.032600224E-1,1.050844073E0,-1.073800921E-1
3.962704500E0,1.954279840E-1,1.726661563E0,-5.407694578E-1
3.972726500E0,1.238115877E-1,2.032328367E0,-7.618264556E-1
3.982748500E0,9.026345611E-2,2.061487675E0,-7.492968440E-1
3.992771500E0,3.322891295E-1,1.722330570E0,-5.748941898E-1
4.002793500E0,8.290967941E-1,5.014487505E-1,-3.153547645E-1
4.012815500E0,9.256119132E-1,-1.772234082E0,-7.580943406E-3
4.022837500E0,6.277671456E-1,-4.457191467E0,3.438035250E-1
4.032859500E0,4.389399588E-1,-6.585590839E0,6.324710250E-1
4.042881500E0,5.705096722E-1,-7.499363422E0,8.068847656E-1
4.052903500E0,7.014000416E-1,-6.870726585E0,9.015436172E-1
4.062926500E0,7.177960277E-1,-4.958043098E0,1.011365414E0
4.072948500E0,5.925670266E-1,-2.254149675E0,1.037380695E0
4.082970500E0,2.972128987E-1,8.014618158E-1,9.077500105E-1
4.092992500E0,-8.531576023E-3,3.510175228E0,7.310929298E-1
4.103014500E0,-1.221483126E-1,4.766612530E0,5.415548682E-1
4.113036500E0,7.876855135E-2,3.901182175E0,3.958240151E-1
4.123058500E0,1.863611937E-1,2.059020042E0,3.528091609E-1
4.133080500E0,1.245837193E-2,7.186415792E-1,3.375114202E-1
4.143103500E0,-2.310157418E-1,-3.892472386E-2,3.415407240E-1
4.153125500E0,-3.509293497E-1,-5.667693615E-1,4.309883118E-1
4.163147500E0,-2.934680879E-1,-8.750795722E-1,5.576595068E-1
4.173169500E0,-1.314216554E-1,-8.740699887E-1,5.658042431E-1
4.183191500E0,-4.630691931E-2,-6.743483543E-1,4.120345414E-1
4.193213500E0,-3.350670263E-2,-5.298731923E-1,2.068403661E-1
4.203235500E0,7.066071033E-3,-5.790546536E-1,1.234603673E-1
4.213258500E0,3.629826009E-2,-7.423671484E-1,2.398764640E-1
4.223280500E0,4.021707177E-2,-8.177738190E-1,4.041568339E-1
4.233302500E0,-2.522669267E-3,-8.187304139E-1,4.424123466E-1
4.243324500E0,7.482374087E-3,-7.885964513E-1,3.249200284E-1
4.253346500E0,-1.056080870E-2,-8.254306316E-1,1.681946069E-1
4.263368500E0,-4.562790319E-2,-8.136838675E-1,5.728483945E-2
4.273390500E0,-6.873641908E-2,-6.746197343E-1,2.138356678E-2
4.283412500E0,-7.701436430E-2,-6.026813388E-1,3.586193547E-2
4.293435500E0,-6.431428343E-2,-7.155048251E-1,5.154316127E-2
4.303457500E0,-7.661411166E-2,-8.659142852E-1,4.720206931E-2
4.313479500E0,-1.541863978E-1,-8.198831081E-1,1.648863405E-2
4.323501500E0,-2.274175882E-1,-6.643260717E-1,-3.591688350E-2
4.333523500E0,-2.706018090E-1,-5.877194405E-1,-7.559026033E-2
4.343545500E0,-2.846368849E-1,-5.687664747E-1,-3.977308422E-2
4.353567500E0,-3.144211471E-1,-3.581945896E-1,8.140473813E-2
4.363590500E0,-4.013608396E-1,1.032481343E-1,2.185508758E-1
4.373612500E0,-5.106324553E-1,5.894084573E-1,2.893422246E-1
4.383634500E0,-5.484818220E-1,9.106010199E-1,3.063071966E-1
4.393656500E0,-5.682656169E-1,1.000896573E0,2.688165605E-1
4.403678500E0,-5.442051291E-1,8.515758514E-1,2.130258232E-1
4.413700500E0,-4.734052420E-1,4.948904216E-1,1.561753154E-1
4.423722500E0,-3.844523728E-1,1.009388715E-1,9.411311895E-2
4.433744500E0,-3.091384470E-1,-2.857875526E-1,-8.976246230E-3
4.443767500E0,-2.511231303E-1,-7.313939929E-1,-1.306388080E-1
4.453789500E0,-2.256784886E-1,-1.084846020E0,-2.159473151E-1
4.463811500E0,-2.829255164E-1,-1.200374365E0,-2.640273571E-1
4.473833500E0,-4.018987715E-1,-1.014423132E0,-2.859523594E-1
4.483855500E0,-4.585746825E-1,-5.388328433E-1,-2.896418869E-1
4.493877500E0,-4.675748348E-1,-2.080953866E-1,-2.777447402E-1
4.503899500E0,-4.008072913E-1,-1.789396852E-1,-2.301462442E-1
4.513922500E0,-4.341143668E-1,-3.648728132E-1,-1.326282173E-1
4.523944500E0,-5.311148167E-1,-2.960454524E-1,-6.706302613E-2
4.533966500E0,-5.947356224E-1,-6.949115545E-2,-8.947725594E-2
4.543990458E0,-5.767022371E-1,7.057902217E-2,-1.658951640E-1
4.554012458E0,-6.080985069E-1,8.776946366E-2,-2.176579535E-1
4.564034458E0,-6.756951809E-1,9.791346639E-2,-2.338732481E-1
4.574056458E0,-6.661419272E-1,-3.022639826E-2,-2.572795153E-1
4.584079458E0,-6.117359400E-1,-2.293727398E-1,-2.933106124E-1
4.594101458E0,-5.642824173E-1,-3.886566758E-1,-3.341842890E-1
4.604123458E0,-5.102738738E-1,-5.641492009E-1,-3.497962356E-1
4.614145458E0,-4.929111004E-1,-6.412978172E-1,-3.078988492E-1
4.624167458E0,-5.492793918E-1,-5.506189466E-1,-2.508245707E-1
4.634189458E0,-5.915073156E-1,-3.906130195E-1,-2.519676089E-1
4.644211458E0,-5.810538530E-1,-2.067927718E-1,-3.258544505E-1
4.654233458E0,-6.304954886E-1,-2.112572789E-1,-4.426409900E-1
4.664256458E0,-5.923997164E-1,-1.658340544E-1,-5.487318039E-1
4.674278458E0,-5.928452611E-1,-3.577393293E-1,-5.662937760E-1
4.684300458E0,-5.177220106E-1,-3.341447413E-1,-4.724142849E-1
4.694322458E0,-5.528999567E-1,-3.342110515E-1,-3.580877185E-1
4.704344458E0,-5.338444114E-1,-4.707389772E-1,-3.220693469E-1
4.714366458E0,-4.952293634E-1,-5.520069599E-1,-3.249767125E-1
4.724388458E0,-5.434549451E-1,-2.764916420E-1,-3.244957924E-1
4.734411458E0,-6.074190140E-1,1.407609582E-1,-3.417789340E-1
4.744433458E0,-5.805888176E-1,3.828959465E-1,-4.213788509E-1
4.754455458E0,-4.822358787E-1,3.177691400E-1,-5.331946015E-1
4.764477458E0,-3.778281212E-1,-6.453247275E-3,-5.877364874E-1
4.774499458E0,-2.675218582E-1,-3.062735200E-1,-5.222541094E-1
4.784521458E0,-1.625954807E-1,-4.966576993E-1,-3.511161506E-1
4.794543458E0,-1.001741812E-1,-6.137137413E-1,-1.957220584E-1
4.804565458E0,-8.292956650E-2,-7.637265921E-1,-1.402518451E-1
4.814588458E0,-6.545709819E-2,-8.490840793E-1,-2.175239921E-1
4.824610458E0,-4.390684515E-2,-7.334511280E-1,-3.754876554E-1
4.834632458E0,-2.541598305E-2,-4.999187887E-1,-4.930387735E-1
4.844654458E0,-2.094822004E-2,-2.665200233E-1,-4.950618446E-1
4.854676458E0,-1.808893867E-4,-1.233742982E-1,-3.944830298E-1
4.864698458E0,4.960248247E-2,-7.905263454E-2,-2.235364914E-1
4.874720458E0,8.378575742E-2,-4.838180169E-2,-6.686432660E-2
4.884743458E0,8.446028084E-2,-1.446400434E-1,-2.155874483E-2
4.894765458E0,1.719906628E-1,-4.403803647E-1,-9.671580791E-2
4.904787458E0,2.259615958E-1,-7.889772058E-1,-2.359104902E-1
4.914809458E0,2.578960657E-1,-1.035936952E0,-3.694269955E-1
4.924831458E0,2.650301456E-1,-1.111880898E0,-3.784266114E-1
4.934853458E0,2.162183970E-1,-1.036769867E0,-2.765439451E-1
4.944875458E0,1.672445387E-1,-7.927707434E-1,-1.239746585E-1
4.954897458E0,4.516044259E-2,-4.285142422E-1,2.540764585E-2
4.964920458E0,-6.050806865E-2,7.164627314E-2,1.422945559E-1
4.974942458E0,-8.838923275E-2,6.074463129E-1,1.793897301E-1
4.984964458E0,-5.156497657E-2,8.385910392E-1,1.076292843E-1
4.994986458E0,2.530823089E-2,6.171936393E-1,-1.421300322E-2
5.005008458E0,7.841530442E-2,2.056733072E-1,-6.700316072E-2
5.015030458E0,1.078959703E-1,-1.295102835E-1,-1.336470153E-2
5.025052458E0,1.402702630E-1,-3.858868480E-1,7.223398238E-2
5.035075458E0,9.725621343E-2,-4.490125477E-1,1.509402394E-1
5.045097458E0,2.471116744E-2,-2.935575545E-1,2.043293864E-1
5.055119458E0,1.042197645E-2,-9.574671835E-2,1.816054285E-1
5.065141458E0,2.715684287E-2,1.045913324E-1,1.045305282E-1
5.075163458E0,2.728573978E-2,3.617480397E-1,1.000188850E-2
5.085185458E0,5.251739174E-2,4.025899768E-1,-4.396037012E-2
5.095207458E0,2.742215805E-2,3.698487878E-1,5.252116174E-2
5.105229458E0,-1.247195527E-2,3.148979843E-1,2.685637772E-1
5.115252458E0,6.066830084E-2,3.033414483E-1,4.713810682E-1
5.125274458E0,1.718590856E-1,3.199650943E-1,5.678657293E-1
5.135296458E0,2.062988281E-1,2.490206212E-1,5.533804893E-1
5.145318458E0,2.337393463E-1,1.165768281E-1,4.448448420E-1
5.155340458E0,2.289171517E-1,-8.711770922E-2,2.956002355E-1
5.165362458E0,2.748104036E-1,-1.744494438E-1,2.361851335E-1
5.175384458E0,2.679165304E-1,3.891801927E-3,3.481609523E-1
5.185407458E0,2.036288828E-1,3.620415926E-1,5.002051592E-1
5.195429458E0,2.159041911E-1,4.785913825E-1,5.163494945E-1
5.205451458E0,3.085970283E-1,3.226653636E-1,4.156569839E-1
5.215473458E0,3.669764698E-1,8.686190099E-2,3.026915491E-1
5.225495458E0,3.786113262E-1,-2.657570839E-1,2.731813192E-1
5.235517458E0,4.338767529E-1,-5.108115673E-1,3.344222903E-1
5.245539458E0,4.265202880E-1,-5.807504654E-1,4.133027196E-1
5.255561458E0,4.048842192E-1,-5.795078278E-1,4.210242927E-1
5.265584458E0,4.343946874E-1,-6.712906361E-1,3.643776774E-1
5.275606458E0,4.045946896E-1,-7.952685356E-1,2.764137387E-1
5.285628458E0,3.761238158E-1,-6.609688997E-1,1.831046492E-1
5.295650458E0,3.185207248E-1,-3.212544918E-1,1.653450876E-1
5.305672458E0,2.364075035E-1,3.720165789E-1,2.555257082E-1
5.315694458E0,9.370708466E-2,1.318208933E0,3.882643282E-1
5.325716458E0,-9.352199733E-2,2.016591072E0,4.512539506E-1
5.335739458E0,-1.030742228E-1,2.127527237E0,3.858680129E-1
5.345761458E0,8.223991096E-2,1.470798850E0,1.816789508E-1
5.355783458E0,2.947463095E-1,5.850220919E-1,-6.611087918E-2
5.365805458E0,4.162046313E-1,-9.357345849E-2,-2.227865756E-1
5.375827458E0,4.480003715E-1,-5.879001021E-1,-2.073802054E-1
5.385849458E0,4.686431587E-1,-7.790299058E-1,-1.257044673E-1
5.395871458E0,4.041105211E-1,-7.819330096E-1,-7.568498701E-2
5.405893458E0,3.193305731E-1,-6.560509801E-1,-1.285953969E-1
5.415916458E0,2.727622688E-1,-5.386780500E-1,-2.491287291E-1
5.425938458E0,2.412957996E-1,-3.949711323E-1,-3.686619103E-1
5.435960458E0,2.139477879E-1,-1.740592718E-1,-4.412328005E-1
5.445982458E0,1.588479877E-1,2.546676248E-2,-3.972038031E-1
5.456004458E0,8.461956680E-2,2.563127875E-1,-2.578791976E-1
5.466026458E0,-1.193842292E-2,6.663737297E-1,-1.070736498E-1
5.476048458E0,-1.304214001E-1,1.145451903E0,-8.246657252E-2
5.486071458E0,-1.667804569E-1,1.336766243E0,-2.190354168E-1
5.496093458E0,-1.667895019E-1,9.709627628E-1,-4.377219379E-1
5.506115458E0,-1.717413664E-1,3.186977804E-1,-6.693353653E-1
5.516137458E0,-2.783130705E-1,-1.840598732E-1,-8.774887919E-1
5.526159458E0,-3.985669911E-1,-3.991532028E-1,-1.024006486E0
5.536181458E0,-4.914008081E-1,-1.632778496E-1,-1.026804924E0
5.546200875E0,-5.788761377E-1,5.198892355E-1,-9.713996649E-1
5.556222875E0,-5.909511447E-1,1.284134388E0,-9.352824092E-1
5.566245875E0,-6.061996222E-1,1.859437346E0,-8.824969530E-1
5.576267875E0,-5.512418151E-1,2.340713024E0,-7.968022823E-1
5.586289875E0,-4.541046917E-1,2.724847078E0,-7.151374221E-1
5.596311875E0,-4.163511693E-1,2.919766188E0,-6.560783982E-1
5.606333875E0,-4.305456579E-1,2.453292608E0,-6.377952695E-1
5.616355875E0,-3.914240897E-1,1.206344604E0,-6.293860674E-1
5.626377875E0,-3.663181663E-1,-3.293579817E-1,-6.104178429E-1
5.636400875E0,-3.618618846E-1,-1.536074042E0,-6.702926159E-1
5.646422875E0,-2.672114968E-1,-2.159835339E0,-8.491765857E-1
5.656444875E0,-1.603934467E-1,-2.115847826E0,-9.936850667E-1
5.666466875E0,-6.190750003E-2,-1.322311640E0,-8.907884359E-1
5.676488875E0,2.384814993E-2,-2.104983628E-1,-5.892930627E-1
5.686510875E0,1.151133701E-1,4.810504913E-1,-3.862745464E-1
5.696532875E0,1.703718305E-1,5.634707808E-1,-4.667824507E-1
5.706555875E0,2.661892474E-1,1.664866209E-1,-5.929792523E-1
5.716577875E0,4.239879251E-1,-4.309701324E-1,-6.246303916E-1
5.726599875E0,5.392175913E-1,-5.801055431E-1,-6.117586493E-1
5.736621875E0,5.427652001E-1,-8.754223585E-2,-5.136594772E-1
5.746643875E0,5.498698354E-1,6.343681216E-1,-3.435564935E-1
5.756665875E0,5.479318500E-1,1.101910830E0,-1.252395958E-1
5.766687875E0,4.104494452E-1,1.093388557E0,3.862658143E-2
5.776709875E0,3.128728271E-1,6.600932479E-1,1.820556521E-1
5.786732875E0,2.976310849E-1,4.129559994E-1,3.192776740E-1
5.796754875E0,3.474971950E-1,6.239569783E-1,3.468006551E-1
5.806776875E0,3.111519814E-1,9.515004754E-1,1.870617718E-1
5.816798875E0,3.696198165E-1,8.036851883E-1,3.816949576E-2
5.826820875E0,5.194715261E-1,4.204834402E-1,1.182376742E-1
5.836842875E0,6.684833765E-1,2.878119349E-1,3.233881593E-1
5.846864875E0,7.361873984E-1,3.205552995E-1,5.091271400E-1
5.856887875E0,8.463160396E-1,2.544196844E-1,5.364218950E-1
5.866909875E0,9.754530191E-1,-1.005412340E-1,4.245056808E-1
5.876931875E0,9.738165140E-1,-5.966641903E-1,2.880740762E-1
5.886953875E0,9.446642399E-1,-7.955912352E-1,2.237789780E-1
5.896975875E0,9.142853022E-1,-5.788109899E-1,2.442991585E-1
5.906997875E0,8.925000429E-1,-9.810930490E-2,3.268758059E-1
5.917019875E0,7.943127155E-1,1.578066200E-1,4.287427962E-1
5.927042875E0,7.585678697E-1,-2.548568882E-2,5.019199252E-1
5.937064875E0,7.361017466E-1,-2.542333901E-1,5.343460441E-1
5.947086875E0,7.068347335E-1,-2.614817619E-1,4.693507254E-1
5.957108875E0,6.990774870E-1,1.327446103E-1,3.916101158E-1
5.967130875E0,7.281016707E-1,6.488027573E-1,4.273200035E-1
5.977152875E0,7.122441530E-1,5.153110027E-1,5.264218450E-1
5.987174875E0,6.590095162E-1,-1.647408903E-1,5.338498354E-1
5.997196875E0,6.338461041E-1,-9.009315372E-1,4.543004334E-1
6.007219875E0,6.510061026E-1,-1.086459279E0,3.965605497E-1
6.017241875E0,6.380026937E-1,-6.987240314E-1,3.082157969E-1
6.027263875E0,6.367664933E-1,-4.296479523E-1,2.251715064E-1
6.037285875E0,5.918373466E-1,-2.782723010E-1,2.555168867E-1
6.047307875E0,5.588275194E-1,-1.716161966E-1,3.803696036E-1
6.057329875E0,5.057456493E-1,-2.434403151E-1,4.702036381E-1
6.067351875E0,4.194421172E-1,-2.917585373E-1,4.251370430E-1
6.077374875E0,4.101503491E-1,-6.322024465E-1,3.099806309E-1
6.087396875E0,3.537754714E-1,-1.015224695E0,2.038996518E-1
6.097418875E0,2.697471380E-1,-9.219557047E-1,1.173005775E-1
6.107440875E0,1.908550113E-1,-5.250281692E-1,2.523469366E-2
6.117462875E0,1.649395376E-1,-7.303219289E-2,-2.127395384E-2
6.127484875E0,9.147306532E-2,-2.193787601E-3,5.770380795E-2
6.137506875E0,-1.373830624E-2,-3.254277706E-1,1.092338488E-1
6.147529875E0,-1.033881828E-1,-5.457836986E-1,2.293655090E-2
6.157551875E0,-1.891675293E-1,-3.872604072E-1,-1.659209877E-1
6.167573875E0,-2.943677604E-1,5.411822349E-3,-3.160080910E-1
6.177595875E0,-4.158763289E-1,5.658233166E-2,-3.946208656E-1
6.187617875E0,-4.780606627E-1,-4.043097049E-2,-4.366037846E-1
6.197639875E0,-5.652443171E-1,-5.367806554E-2,-5.122580528E-1
6.207661875E0,-5.991297364E-1,-3.513404727E-2,-6.572632194E-1
6.217684875E0,-5.931807756E-1,1.818288863E-1,-7.875525355E-1
6.227706875E0,-5.639677048E-1,5.592975020E-1,-8.706259727E-1
6.237728875E0,-5.217515230E-1,7.503423095E-1,-8.770290017E-1
6.247750875E0,-4.916442335E-1,3.501062095E-1,-8.299100399E-1
6.257772875E0,-4.829777479E-1,-4.340685010E-1,-7.863076925E-1
6.267794875E0,-5.356393456E-1,-1.016999602E0,-8.569519520E-1
6.277816875E0,-5.506329536E-1,-1.274434805E0,-1.075171947E0
6.287839875E0,-5.867214799E-1,-1.208230853E0,-1.271249175E0
6.297861875E0,-6.912990212E-1,-9.708896279E-1,-1.411742926E0
6.307883875E0,-8.285012245E-1,-8.272491097E-1,-1.544816136E0
6.317905875E0,-9.630203843E-1,-7.791712880E-1,-1.621746302E0
6.327927875E0,-1.027319312E0,-6.435574889E-1,-1.658720374E0
6.337949875E0,-1.127362013E0,-4.474412799E-1,-1.727122903E0
6.347971875E0,-1.302577019E0,-3.556573987E-1,-1.832686663E0
6.357993875E0,-1.429364562E0,-3.759525418E-1,-1.883288622E0
6.368016875E0,-1.541172504E0,-2.923189104E-1,-1.865133882E0
6.378038875E0,-1.665279269E0,-1.107448488E-1,-1.845115662E0
6.388060875E0,-1.754397511E0,1.487823427E-1,-1.883216143E0
6.398082875E0,-1.750663996E0,4.417484701E-1,-1.956290126E0
6.408104875E0,-1.717820764E0,5.700557232E-1,-1.990583301E0
6.418126875E0,-1.704088211E0,3.823803961E-1,-1.996405602E0
6.428148875E0,-1.632417083E0,-3.819154948E-2,-1.979512215E0
6.438171875E0,-1.546023130E0,-4.619635940E-1,-1.925043583E0
6.448193875E0,-1.433439016E0,-6.041078568E-1,-1.886633754E0
6.458215875E0,-1.242210746E0,-4.096430540E-1,-1.905409217E0
6.468237875E0,-1.085677505E0,-2.967232168E-1,-1.947076917E0
6.478259875E0,-9.415003061E-1,-5.720333457E-1,-1.999924898E0
6.488281875E0,-6.976342797E-1,-1.235921860E0,-1.977886319E0
6.498303875E0,-4.516793489E-1,-1.647212744E0,-1.874192715E0
6.508326875E0,-1.929907650E-1,-1.568541646E0,-1.635242581E0
6.518348875E0,4.390726238E-2,-1.463381290E0,-1.422379494E0
6.528370875E0,7.140617073E-2,-1.479614615E0,-1.390657783E0
6.538393000E0,1.580334604E-1,-1.735576391E0,-1.400732279E0
6.548415000E0,4.516192973E-1,-2.025410652E0,-1.101672292E0
6.558437000E0,5.247012377E-1,-1.993203163E0,-3.351839483E-1
6.568459000E0,7.290316224E-1,-1.587691188E0,3.149711192E-1
6.578482000E0,6.902828813E-1,-1.789133549E-1,3.015043139E-1
6.588504000E0,6.617389321E-1,8.645734787E-1,-7.840663940E-2
6.598526000E0,5.692785382E-1,3.794280887E-1,-3.467792273E-1
6.608548000E0,5.898736119E-1,-1.605825424E-1,-8.168924600E-2
6.618570000E0,5.507291555E-1,2.204308659E-1,2.798407376E-1
6.628592000E0,3.679909110E-1,5.185658932E-1,3.059297204E-1
6.638614000E0,3.834745288E-1,3.566456735E-1,3.816484511E-1
6.648637000E0,3.222732842E-1,1.929201335E-1,6.263706684E-1
6.658659000E0,3.368487656E-1,-1.370468587E-1,8.489470482E-1
6.668681000E0,4.516079128E-1,-5.011288524E-1,7.258671522E-1
6.678703000E0,6.925235987E-1,-4.774205685E-1,4.557027519E-1
6.688725000E0,8.374975920E-1,-4.780063927E-1,2.991264462E-1
6.698747000E0,9.114671946E-1,-3.710841835E-1,3.052581251E-1
6.708769000E0,1.047591925E0,5.118762609E-3,2.823638916E-1
6.718792000E0,1.044266462E0,2.911899388E-1,1.797467023E-1
6.728814000E0,1.031748414E0,4.265311062E-1,2.178897560E-1
6.738836000E0,1.104070306E0,1.309817433E-1,2.591479719E-1
6.748858000E0,1.179749370E0,-2.011135370E-1,2.833993137E-1
6.758880000E0,1.197261333E0,-8.121443912E-3,3.427382708E-1
6.768902000E0,1.284336448E0,2.061657161E-1,4.239654839E-1
6.778924000E0,1.421702862E0,3.766892552E-1,3.975818157E-1
6.788947000E0,1.392625570E0,2.299415618E-1,1.555716246E-1
6.798969000E0,1.499501944E0,-3.500754759E-2,-7.208044827E-2
6.808991000E0,1.733587027E0,5.192373320E-2,-1.363890469E-1
6.819013000E0,1.743529439E0,1.007693037E-1,-1.920544356E-1
6.829035000E0,1.812757492E0,-1.729726940E-1,-2.327521443E-1
6.839057000E0,1.946599245E0,-4.959158897E-1,-2.727765143E-1
6.849079000E0,1.951144814E0,-8.501419425E-1,-5.268046260E-1
6.859102000E0,1.936740041E0,-8.291783333E-1,-8.614262938E-1
6.869124000E0,1.902571082E0,-3.423151970E-1,-1.081959844E0
6.879146000E0,1.669098139E0,-1.190693080E-1,-1.159933209E0
6.889168000E0,1.537918925E0,1.694831848E-1,-1.048010468E0
6.899190000E0,1.432355165E0,5.689458847E-1,-9.665269852E-1
6.909212000E0,1.203707099E0,5.238274336E-1,-9.905396104E-1
6.919234000E0,1.078375816E0,1.612309217E-1,-1.035243988E0
6.929257000E0,9.973486066E-1,-2.409121543E-1,-1.210901380E0
6.939279000E0,9.853140116E-1,-3.060855567E-1,-1.384178996E0
6.949301000E0,1.153491855E0,-5.828693882E-2,-1.459135413E0
6.959323000E0,1.263101459E0,3.235938549E-1,-1.414393187E0
6.969345000E0,1.285761476E0,4.758172631E-1,-1.263202310E0
6.979367000E0,1.308960795E0,1.775280237E-1,-1.121820927E0
6.989389000E0,1.346102953E0,-2.460651994E-1,-1.046769023E0
6.999411000E0,1.241883397E0,-6.197689772E-1,-1.182183266E0
7.009434000E0,1.026826501E0,-7.280282974E-1,-1.385949373E0
7.019456000E0,8.370143771E-1,-5.674375296E-1,-1.512110710E0
7.029478000E0,6.291624904E-1,-2.997219265E-1,-1.573986530E0
7.039500000E0,6.090952754E-1,5.488837138E-2,-1.560333014E0
7.049522000E0,6.998460889E-1,1.896437556E-1,-1.630747676E0
7.059544000E0,6.506308913E-1,1.763079762E-1,-1.713183880E0
7.069567000E0,5.116329193E-1,1.192917451E-1,-1.751307130E0
7.079589000E0,4.358897507E-1,2.937511504E-1,-1.733109713E0
7.089611000E0,4.730840623E-1,3.143483400E-1,-1.674119473E0
7.099633000E0,5.624043941E-1,1.298645139E-1,-1.541876316E0
7.109655000E0,7.028335333E-1,-1.526847202E-2,-1.446115851E0
7.119677000E0,7.335778475E-1,3.620190918E-2,-1.511980295E0
7.129699000E0,6.340205669E-1,-4.614241421E-2,-1.704360485E0
7.139721000E0,6.838350296E-1,-8.676334471E-2,-1.823731661E0
7.149744000E0,6.659332514E-1,1.235781834E-1,-1.835229874E0
7.159766000E0,5.707182884E-1,3.364390433E-1,-1.728500009E0
7.169788000E0,6.337094903E-1,4.263123572E-1,-1.488243818E0
7.179810000E0,6.338096261E-1,5.824977160E-1,-1.264939904E0
7.189832000E0,4.772226214E-1,2.713615000E-1,-1.169875383E0
7.199854000E0,3.465825915E-1,-1.636442840E-1,-1.159362078E0
7.209876000E0,1.480177939E-1,-1.506280005E-1,-1.139491796E0
7.219899000E0,-3.022412211E-2,-7.058909535E-2,-1.108638287E0
7.229921000E0,-2.403954975E-3,5.845600739E-2,-9.894447327E-1
7.239943000E0,1.872900873E-1,4.912207425E-1,-8.756457567E-1
7.249965000E0,3.556967378E-1,8.260017037E-1,-9.263464212E-1
7.259987000E0,3.831579089E-1,6.493504643E-1,-9.653313756E-1
7.270009000E0,2.964412868E-1,6.421402097E-2,-9.644070864E-1
7.280031000E0,1.894234866E-1,-6.644891948E-2,-8.660842776E-1
7.290054000E0,1.873818487E-1,2.964977026E-1,-7.336029410E-1
7.300076000E0,2.297977507E-1,5.736364126E-1,-6.463080049E-1
7.310098000E0,3.610524833E-1,6.422656775E-1,-5.798195004E-1
7.320120000E0,5.616862774E-1,6.045100093E-1,-4.864485264E-1
7.330142000E0,5.306935310E-1,1.258765906E-1,-4.562085271E-1
7.340164000E0,4.714283347E-1,-2.641244233E-1,-3.962568045E-1
7.350186000E0,3.858816326E-1,-3.654225469E-1,-3.789993525E-1
7.360209000E0,2.420248538E-1,-2.200025022E-1,-3.952560723E-1
7.370231000E0,2.340448201E-1,1.792737246E-1,-4.995230138E-1
7.380253000E0,3.239416778E-1,5.905536413E-1,-5.503739715E-1
7.390275000E0,3.589138687E-1,7.124020457E-1,-5.029628277E-1
7.400297000E0,4.760228992E-1,4.767839313E-1,-4.341563582E-1
7.410319000E0,4.756176174E-1,1.094581857E-1,-3.608376682E-1
7.420341000E0,5.075441599E-1,-1.437455714E-1,-2.947654426E-1
7.430364000E0,5.262451768E-1,-3.633145988E-1,-3.039768040E-1
7.440386000E0,4.568679929E-1,-2.855609655E-1,-3.070503771E-1
7.450408000E0,3.152177930E-1,-4.935500398E-2,-3.311773539E-1
7.460430000E0,7.545793056E-2,2.322625369E-2,-2.743225992E-1
7.470452000E0,-3.534607217E-2,3.237817064E-2,-2.398511767E-1
7.480474000E0,-8.081741631E-2,2.248786390E-1,-2.393803298E-1
7.490496000E0,-7.634629309E-2,4.747152328E-1,-1.755283773E-1
7.500519000E0,-1.682996936E-2,5.516704917E-1,-1.549234986E-1
7.510541000E0,-6.426778156E-3,5.265547037E-1,-1.323722005E-1
7.520563000E0,-3.954957798E-2,1.706918925E-1,-2.184745967E-1
7.530585000E0,-2.105152756E-1,-4.732088745E-1,-2.943339348E-1
7.540607208E0,-3.716681898E-1,-6.530529857E-1,-2.281272113E-1
7.550629208E0,-3.987113535E-1,-6.077854037E-1,-1.821154803E-1
7.560651208E0,-3.190998733E-1,-2.065202743E-1,-1.216023415E-1
7.570674208E0,-4.930907860E-2,4.068801403E-1,-1.013239846E-1
7.580696208E0,4.203601554E-2,7.096372843E-1,-2.262065262E-1
7.590718208E0,1.259456426E-1,8.289746046E-1,-3.605690897E-1
7.600740208E0,2.548202574E-1,8.478534818E-1,-5.281165838E-1
7.610762208E0,2.271811962E-1,5.343066454E-1,-5.614528060E-1
7.620784208E0,2.452677935E-1,4.801293835E-2,-3.024382889E-1
7.630806208E0,1.579398066E-1,-5.148224831E-1,5.230249837E-2
7.640829208E0,3.424556553E-2,-1.120266795E0,7.993865013E-2
7.650851208E0,-4.323852435E-2,-1.153808236E0,-9.401737154E-2
7.660873208E0,3.374387696E-2,-5.848180056E-1,-2.764393687E-1
7.670895208E0,5.231042951E-2,3.445928097E-1,-3.654478192E-1
7.680917208E0,1.165993698E-2,9.232265949E-1,-4.025485814E-1
7.690939208E0,-9.627509117E-2,6.947589517E-1,-3.150008917E-1
7.700961208E0,-1.782506555E-1,2.834616601E-1,-3.891444951E-2
7.710984208E0,-2.020106912E-1,9.385218471E-2,6.326395273E-2
7.721006208E0,-4.033696353E-1,-2.880808115E-1,-1.425885409E-1
7.731028208E0,-5.162295103E-1,-8.668032885E-1,-3.225414753E-1
7.741050208E0,-4.956049621E-1,-9.951836467E-1,-4.326019287E-1
7.751072208E0,-5.230666399E-1,-7.092102766E-1,-5.383496284E-1
7.761094208E0,-3.752020597E-1,-1.856461018E-1,-5.525778532E-1
7.771116208E0,-1.217752248E-1,6.807067394E-1,-5.472831130E-1
7.781139208E0,3.915374726E-2,1.450822234E0,-7.007997036E-1
7.791161208E0,7.595387846E-2,1.371298552E0,-8.562227488E-1
7.801183208E0,-2.558579110E-2,5.076935291E-1,-8.865300417E-1
7.811205208E0,-2.122074366E-1,-3.871673346E-1,-8.165860176E-1
7.821227208E0,-4.351789951E-1,-1.069590926E0,-7.542611361E-1
7.831249208E0,-5.620684028E-1,-1.402666807E0,-7.456309199E-1
7.841271208E0,-6.782962084E-1,-1.002800584E0,-8.863278031E-1
7.851294208E0,-7.940531969E-1,-3.437115550E-1,-1.097636342E0
7.861316208E0,-9.479343295E-1,1.104181185E-1,-1.272055030E0
7.871338208E0,-1.140387893E0,2.822351456E-1,-1.294110775E0
7.881360208E0,-1.355780125E0,3.317718208E-1,-1.163465858E0
7.891382208E0,-1.596467972E0,2.301689237E-1,-9.496436715E-1
7.901404208E0,-1.757415295E0,1.826988757E-1,-7.731605172E-1
7.911426208E0,-1.932941318E0,3.073819876E-1,-6.839442849E-1
7.921449208E0,-2.192475080E0,1.179902256E-1,-7.470950484E-1
7.931471208E0,-2.456983089E0,-3.427152336E-1,-8.550507426E-1
7.941493208E0,-2.680045366E0,-8.884696364E-1,-8.410268426E-1
7.951515208E0,-2.778738022E0,-1.415404320E0,-6.989377141E-1
7.961537208E0,-2.862745285E0,-2.044086218E0,-3.956937194E-1
7.971559208E0,-3.009123564E0,-2.878137589E0,6.194577366E-2
7.981581208E0,-3.278086185E0,-3.675876141E0,6.468774080E-1
7.991604208E0,-3.530965090E0,-4.318466663E0,1.219020247E0
8.001626208E0,-3.909437418E0,-4.602532864E0,1.746635318E0
8.011648208E0,-4.292453289E0,-4.445132732E0,2.063896894E0
8.021670208E0,-4.236775875E0,-3.639167547E0,2.178963423E0
8.031692208E0,-3.360881567E0,-1.704038382E0,2.544087172E0
8.041714208E0,-2.568896532E0,-3.425862193E-1,3.193997622E0
8.051736208E0,-2.251778126E0,-1.301853895E0,3.809619427E0
8.061759208E0,-2.623777866E0,-3.962333679E0,4.129175663E0
8.071781208E0,-3.151399136E0,-8.287875175E0,4.912842751E0
8.081803208E0,-3.779260159E0,-1.190188217E1,5.864153862E0
8.091825208E0,-3.935153484E0,-1.381828785E1,6.263879299E0
8.101847208E0,-2.707883358E0,-1.457240200E1,5.742759228E0
8.111869208E0,-1.163615510E-1,-1.327947903E1,4.255377769E0
8.121891208E0,2.878187418E0,-9.245100975E0,2.900374889E0
8.131914208E0,3.008018970E0,-5.150635242E0,3.078117371E0
8.141936208E0,2.530527115E0,-3.196252584E-1,5.068530560E0
8.151958208E0,1.847332239E0,3.856765032E0,6.949358463E0
8.161980208E0,1.178259134E0,7.143401623E0,7.650645256E0
8.172002208E0,5.980724096E-1,8.813435555E0,7.581940174E0
8.182024208E0,-6.081356853E-2,9.303235054E0,6.973773956E0
8.192046208E0,-8.074713349E-1,9.112097740E0,5.983106613E0
8.202069208E0,-8.355956674E-1,8.235689163E0,4.886041641E0
8.212091208E0,-4.061658680E-1,6.895895004E0,3.729336262E0
8.222113208E0,-1.829719245E-1,4.134636879E0,2.484440565E0
8.232135208E0,3.648727238E-1,3.015600443E0,1.910972834E0
8.242157208E0,-9.283544868E-2,3.893076897E0,4.489146471E-1
8.252179208E0,2.079511285E-1,3.355902135E-1,-5.943782926E-1
8.262201208E0,3.830036223E-1,-3.960997164E-1,-1.194995880E0
8.272224208E0,4.699610770E-1,-5.339139104E-1,-1.283666849E0
8.282246208E0,2.158331871E-1,-1.484188080E0,-1.194535375E0
8.292268208E0,-2.754087150E-1,-2.511813641E0,-7.992139459E-1
8.302290208E0,-1.522553414E-1,-3.111801863E0,-2.453019619E-1
8.312312208E0,6.641099602E-2,-3.061089516E0,1.503164768E-1
8.322334208E0,-1.659897566E-1,-2.295695782E0,3.166327477E-1
8.332356208E0,-3.794758618E-1,-9.881619215E-1,2.164281011E-1
8.342378208E0,-3.920412064E-1,4.249416888E-1,-5.951054394E-2
8.352401208E0,-2.646375597E-1,1.549523354E0,-3.299483955E-1
8.362423208E0,6.349736825E-3,1.966075778E0,-4.065859318E-1
8.372445208E0,2.638609409E-1,1.766339779E0,-3.259154558E-1
8.382467208E0,2.930558324E-1,1.348429084E0,-2.284405380E-1
8.392489208E0,1.079161018E-1,9.478615522E-1,-1.850298196E-1
8.402511208E0,-6.125786901E-1,7.914346457E-2,-1.645711511E-1
8.412534208E0,-7.853966355E-1,-1.694640398E0,-7.579486072E-2
8.422556208E0,-5.567259192E-1,-2.699883223E0,3.428338468E-1
8.432578208E0,-3.089547455E-1,-1.497627735E0,9.231596589E-1
8.442600208E0,-3.424471915E-1,1.087807655E0,1.091485381E0
8.452622208E0,-3.858367205E-1,2.878636122E0,6.533873677E-1
8.462644208E0,-2.576193511E-1,2.842571974E0,5.584437773E-2
8.472666208E0,-1.403746903E-1,1.656829834E0,-3.144508600E-1
8.482688208E0,-8.988700807E-2,8.263049126E-1,-3.470503390E-1
8.492711208E0,-4.197230190E-2,4.895855784E-1,-1.802772582E-1
8.502733208E0,9.032049030E-2,8.803511038E-3,-6.560340524E-2
8.512755208E0,2.550735772E-1,-3.900045455E-1,-1.603158265E-1
8.522777208E0,2.944697142E-1,-5.287812948E-1,-4.182474911E-1
8.532799208E0,2.892786860E-1,-5.829617381E-1,-6.391460896E-1
8.542821083E0,3.289427161E-1,-5.601570606E-1,-7.367224693E-1
8.552843083E0,3.392581642E-1,-6.151015162E-1,-7.100218534E-1
8.562866083E0,3.585825861E-1,-7.383720875E-1,-6.396685839E-1
8.572888083E0,3.591029644E-1,-6.490312815E-1,-6.079701185E-1
8.582910083E0,3.076749444E-1,-5.659156442E-1,-6.281142831E-1
8.592932083E0,2.486032993E-1,-6.392276883E-1,-6.296176314E-1
8.602954083E0,1.238299534E-1,-6.772109866E-1,-6.040757895E-1
8.612976083E0,-3.466142714E-2,-7.305936217E-1,-5.378016829E-1
8.622998083E0,-2.706412077E-1,-7.656874657E-1,-4.340818822E-1
8.633021083E0,-5.623751879E-1,-6.023460627E-1,-3.922108412E-1
8.643043083E0,-7.903617620E-1,-3.833820522E-1,-4.473167062E-1
8.653065083E0,-9.046465158E-1,-2.011757493E-1,-5.058324933E-1
8.663087083E0,-9.894359708E-1,3.853457421E-2,-5.293911099E-1
8.673109083E0,-1.040679812E0,2.844502330E-1,-5.141700506E-1
8.683131083E0,-1.049049258E0,5.207168460E-1,-4.691823125E-1
8.693153083E0,-1.060495019E0,7.421697974E-1,-4.332292974E-1
8.703176083E0,-9.151043296E-1,9.323176146E-1,-4.074653387E-1
8.713198083E0,-5.838468075E-1,1.074099541E0,-3.890696764E-1
8.723220083E0,-2.045551389E-1,1.099635839E0,-3.858874738E-1
8.733242083E0,8.567247540E-2,8.924229145E-1,-3.341538310E-1
8.743264083E0,2.522364259E-1,4.813767970E-1,-2.476096451E-1
8.753286083E0,3.414715827E-1,-2.997776866E-2,-2.299595624E-1
8.763308083E0,4.667698443E-1,-5.154571533E-1,-3.162270784E-1
8.773331083E0,6.621281505E-1,-9.957536459E-1,-4.592638314E-1
8.783353083E0,7.927128077E-1,-1.590942144E0,-4.874019921E-1
8.793375083E0,8.863224387E-1,-1.996592641E0,-3.649592698E-1
8.803397083E0,1.014510512E0,-1.918719053E0,-2.298360765E-1
8.813419083E0,1.245046258E0,-1.397569776E0,-3.565450609E-1
8.823441083E0,1.506332994E0,-8.742575645E-1,-6.100993156E-1
8.833463083E0,1.684864759E0,-5.551508665E-1,-6.912761331E-1
8.843486083E0,1.710979700E0,-4.321242869E-1,-6.374035478E-1
8.853508083E0,1.598252535E0,-4.532296658E-1,-5.340352058E-1
8.863530083E0,1.512891054E0,-4.987673461E-1,-5.008569956E-1
8.873552083E0,1.419756532E0,-4.971945286E-1,-5.540783405E-1
8.883574083E0,1.328585386E0,-3.342221081E-1,-5.235103369E-1
8.893596083E0,1.320874333E0,-1.078832448E-1,-3.853647709E-1
8.903618083E0,1.300464153E0,4.419736937E-2,-2.973254621E-1
8.913641083E0,1.205050826E0,1.431147754E-1,-2.208801061E-1
8.923663083E0,1.042791843E0,2.295434177E-1,-1.015502512E-1
8.933685083E0,9.379854202E-1,4.357877672E-1,-1.462963596E-2
8.943707083E0,9.612963796E-1,6.220119596E-1,-7.333795726E-2
8.953729083E0,9.304702282E-1,5.638839006E-1,-2.770219147E-1
8.963751083E0,8.054702282E-1,4.977839887E-1,-3.655240834E-1
8.973773083E0,6.920225620E-1,6.574635506E-1,-2.810708582E-1
8.983796083E0,6.916760802E-1,9.124926329E-1,-1.640891135E-1
8.993818083E0,7.559720874E-1,9.165761471E-1,-6.430432945E-2
9.003840083E0,7.755644321E-1,5.317389965E-1,4.318484291E-2
9.013862083E0,6.542862654E-1,1.164436713E-1,1.222601235E-1
9.023884083E0,4.813997447E-1,-7.671753317E-2,1.200377122E-1
9.033906083E0,3.469326496E-1,-1.389001608E-1,-1.727053523E-2
9.043928083E0,5.049797893E-1,1.142846942E-1,-1.164605021E-1
9.053951083E0,9.034888744E-1,8.847175241E-1,-1.515382528E-1
9.063973083E0,1.164353013E0,1.413764358E0,-2.552388310E-1
9.073995083E0,1.102608681E0,1.224689364E0,-2.981137335E-1
9.084017083E0,7.870044112E-1,4.535215497E-1,-1.845158041E-1
9.094039083E0,3.791037798E-1,-5.318905711E-1,1.999445818E-2
9.104061083E0,1.294678599E-1,-9.289553761E-1,2.388948500E-1
9.114083083E0,3.436552733E-2,-6.305726171E-1,3.382583857E-1
9.124106083E0,-7.222989202E-2,-4.369663820E-2,3.640617728E-1
9.134128083E0,-7.827590406E-2,4.781531990E-1,3.637695014E-1
9.144150083E0,-6.715054810E-2,7.219099998E-1,2.330660820E-1
9.154172083E0,-1.073751599E-1,9.000242352E-1,1.217069253E-1
9.164194083E0,-1.395938247E-1,1.000996113E0,-2.035460435E-2
9.174216083E0,-1.450293362E-1,7.796480060E-1,-1.670782566E-1
9.184238083E0,-1.228137687E-1,2.800895870E-1,-1.707438380E-1
9.194261083E0,-8.947771788E-2,-2.030221820E-1,-1.526880916E-2
9.204283083E0,-1.073190346E-1,-4.374749064E-1,1.357015371E-1
9.214305083E0,-3.744209930E-2,-3.630787134E-1,5.679935589E-2
9.224327083E0,1.339256614E-1,-1.602195762E-2,-2.542272210E-1
9.234349083E0,2.030225694E-1,4.269912243E-1,-4.024981558E-1
9.244371083E0,2.253326774E-1,4.128415883E-1,-2.632135153E-1
9.254393083E0,2.277136445E-1,-8.739618957E-2,-6.985858083E-2
9.264415083E0,2.498146892E-1,-3.285411894E-1,-1.328824274E-2
9.274438083E0,2.788051367E-1,-2.604696453E-1,-5.635930598E-2
9.284460083E0,3.073670268E-1,-3.697499167E-3,-1.871055961E-1
9.294482083E0,3.514543772E-1,2.716306746E-1,-3.383034468E-1
9.304504083E0,3.881860077E-1,3.801129460E-1,-3.198397756E-1
9.314526083E0,4.306622148E-1,3.034425080E-1,-1.096534654E-1
9.324548083E0,5.329074264E-1,1.389291883E-1,3.125492111E-2
9.334570083E0,5.473805070E-1,-3.005851991E-2,1.921092905E-2
9.344593083E0,4.759505093E-1,-1.770050973E-1,-1.083187982E-1
9.354615083E0,4.214046299E-1,-3.103323877E-1,-3.424230814E-1
9.364637083E0,3.558141887E-1,-4.499757886E-1,-5.371874571E-1
9.374659083E0,2.752316892E-1,-5.307231545E-1,-4.556382596E-1
9.384681083E0,2.583355308E-1,-2.586133182E-1,-1.757911295E-1
9.394703083E0,2.448510677E-1,3.167884648E-1,6.443127990E-2
9.404725083E0,2.947112918E-1,8.497197628E-1,1.372349113E-1
9.414748083E0,3.191144168E-1,9.628393650E-1,1.255943924E-1
9.424770083E0,2.102310956E-1,5.885837078E-1,5.750801414E-2
9.434792083E0,4.159552604E-2,-1.462151408E-1,-4.712140560E-2
9.444814083E0,-4.992746562E-2,-7.689410448E-1,-1.157968715E-1
9.454836083E0,-8.015181124E-2,-7.389360666E-1,-5.403872579E-2
9.464858083E0,-4.115328193E-2,-3.756638467E-1,-5.186558887E-2
9.474880083E0,1.690680720E-2,-7.643701881E-2,-1.817364395E-1
9.484903083E0,1.230995581E-1,3.008146584E-1,-1.721471846E-1
9.494925083E0,1.977034509E-1,5.615339875E-1,-6.106286868E-2
9.504947083E0,1.642067432E-1,3.937015235E-1,-1.875456236E-2
9.514969083E0,1.087490618E-1,8.922224492E-2,5.762762949E-2
9.524991083E0,9.889163822E-2,-1.399156004E-1,1.027415842E-1
9.535013083E0,1.146852821E-1,-2.535808682E-1,7.983552665E-2
9.545035125E0,1.847077757E-1,-1.068934277E-1,8.003180474E-2
9.555058125E0,2.842208147E-1,1.560063958E-1,7.322546840E-2
9.565080125E0,3.069546223E-1,2.038791180E-1,2.922685444E-2
9.575102125E0,2.463030815E-1,-1.928638816E-1,9.175368585E-3
9.585124125E0,1.101881117E-1,-7.581773400E-1,1.340810955E-1
9.595146125E0,-8.593574166E-2,-1.159942031E0,2.238919735E-1
9.605168125E0,-2.484836429E-1,-1.108932376E0,2.321701497E-1
9.615190125E0,-3.233633339E-1,-3.940984309E-1,2.174979448E-1
9.625213125E0,-2.932235301E-1,4.046877027E-1,1.135233417E-1
9.635235125E0,-2.573848665E-1,7.274357677E-1,-3.900931776E-2
9.645257125E0,-3.094763160E-1,6.510887742E-1,-8.216930926E-2
9.655279125E0,-4.328783453E-1,3.401198387E-1,-5.020419508E-2
9.665301125E0,-5.700694323E-1,-1.180812940E-1,-3.402869031E-2
9.675323125E0,-7.292492390E-1,-4.722591639E-1,2.491384931E-2
9.685345125E0,-9.266736507E-1,-6.267797947E-1,1.220379993E-1
9.695368125E0,-1.107790232E0,-7.487530708E-1,2.149462700E-1
9.705390125E0,-1.290078044E0,-8.826344609E-1,3.153735399E-1
9.715412125E0,-1.431730270E0,-9.840927720E-1,4.181061983E-1
9.725434125E0,-1.423406005E0,-9.961409569E-1,5.434443951E-1
9.735456125E0,-1.310404658E0,-8.386515975E-1,7.085797787E-1
9.745478125E0,-1.231916189E0,-5.810408592E-1,9.370779395E-1
9.755500125E0,-1.127356172E0,-3.878944814E-1,1.229382396E0
9.765523125E0,-8.980060816E-1,-2.535396218E-1,1.507097960E0
9.775545125E0,-5.906494856E-1,-2.022912353E-1,1.750208974E0
9.785567125E0,-3.321612179E-1,-3.807962537E-1,2.024994373E0
9.795589125E0,-1.699961722E-1,-9.168652296E-1,2.331327438E0
9.805611125E0,-1.402332187E-1,-1.754509091E0,2.648700953E0
9.815633125E0,-4.452838097E-3,-2.486225128E0,2.940826416E0
9.825655125E0,3.883586228E-1,-2.789086103E0,3.186132431E0
9.835678125E0,9.378140569E-1,-2.609861851E0,3.421092987E0
9.845700125E0,1.324158788E0,-2.052668095E0,3.677922249E0
9.855722125E0,1.425392747E0,-1.297500968E0,3.992351770E0
9.865744125E0,1.391585231E0,-6.364543438E-1,4.319656372E0
9.875766125E0,1.501015663E0,-2.603364289E-1,4.594210148E0
9.885788125E0,1.713812113E0,7.143670321E-2,4.780658245E0
9.895810125E0,1.861779213E0,7.951643467E-1,4.898789883E0
9.905833125E0,1.781143546E0,1.868784428E0,4.973753929E0
9.915855125E0,1.705120802E0,2.857904911E0,5.004990101E0
9.925877125E0,1.696461201E0,3.539566517E0,4.965915680E0
9.935899125E0,1.684652925E0,3.968986511E0,4.850718498E0
9.945921125E0,1.712949753E0,4.269837379E0,4.655720711E0
9.955943125E0,1.706969619E0,4.639126301E0,4.381348133E0
9.965965125E0,1.520599246E0,5.064878941E0,4.056150913E0
9.975988125E0,1.098601460E0,5.469961643E0,3.760587692E0
9.986010125E0,7.466990948E-1,5.819918633E0,3.557054520E0
9.996032125E0,4.775418043E-1,5.890427113E0,3.474729776E0
1.000605412E1,1.658432782E-1,5.205549240E0,3.478172302E0
1.001607612E1,-8.011409640E-2,3.469557524E0,3.547405481E0
1.002609812E1,-1.154499874E-1,1.018560171E0,3.581584930E0
1.003612012E1,1.239327267E-1,-1.145854115E0,3.464853287E0
1.004614212E1,4.661332369E-1,-2.556039333E0,3.188845634E0
1.005616512E1,5.310281515E-1,-3.245488405E0,2.771936655E0
1.006618712E1,4.494173825E-1,-3.450215101E0,2.358820200E0
1.007620912E1,4.810671806E-1,-3.538826466E0,2.051646233E0
1.008623112E1,3.905082345E-1,-3.579582930E0,1.848138928E0
1.009625312E1,4.850459993E-1,-3.310017109E0,1.762898088E0
1.010627512E1,4.190147817E-1,-2.874021530E0,1.600554466E0
1.011629713E1,3.129325807E-1,-2.294454813E0,1.335800529E0
1.012632012E1,3.182037771E-1,-1.574287772E0,1.064357877E0
1.013634212E1,2.794460654E-1,-9.635243416E-1,7.913577557E-1
1.014636412E1,2.510714233E-1,-4.762566984E-1,5.342630744E-1
1.015638612E1,1.123951152E-1,-1.402666569E-1,3.019082248E-1
1.016640812E1,8.067020774E-2,1.076073125E-1,1.993770748E-1
1.017643012E1,1.758669615E-1,9.036795050E-2,1.854339093E-1
1.018645212E1,2.599272430E-1,-8.626940101E-2,1.136206985E-1
1.019647512E1,4.270924032E-1,-1.484322250E-1,-1.670458727E-2
1.020649712E1,4.676480889E-1,-1.335965544E-1,-1.813425273E-1
1.021651912E1,4.513719380E-1,-5.324799567E-2,-2.937265038E-1
1.022654112E1,4.892553985E-1,9.561552107E-2,-3.654566109E-1
1.023656312E1,7.291527987E-1,1.860402822E-1,-4.713498652E-1
1.024658512E1,9.090551734E-1,4.532150552E-2,-5.661618710E-1
1.025660712E1,6.416991353E-1,-1.392084360E-1,-5.014835596E-1
1.026663012E1,3.728878796E-1,-3.705673218E-1,-3.122736812E-1
1.027665212E1,3.737777770E-1,-9.609366059E-1,-2.062781155E-1
1.028667413E1,3.857295215E-1,-1.953653574E0,-2.535659969E-1
1.029669612E1,2.237539142E-1,-2.612784863E0,-2.608056664E-1
1.030671813E1,-1.322388053E-1,-2.232403755E0,-1.309501976E-1
1.031674012E1,-4.996871352E-1,-1.021933436E0,-2.155589610E-1
1.032676212E1,-8.086342812E-1,8.998636156E-3,-6.558724046E-1
1.033678512E1,-9.804455638E-1,4.745282829E-1,-1.078590870E0
1.034680712E1,-8.545174599E-1,5.548372269E-1,-1.206220984E0
1.035682912E1,-5.574060082E-1,2.684454322E-1,-1.063846111E0
1.036685112E1,-1.633058190E-1,-3.994700685E-2,-7.299152613E-1
1.037687312E1,1.748082340E-1,-3.536282480E-1,-2.410237044E-1
1.038689512E1,3.524501324E-1,-6.652726531E-1,1.819150299E-1
1.039691712E1,3.217263520E-1,-1.083740950E0,3.783545792E-1
1.040694012E1,2.786654532E-1,-1.519580364E0,2.905078232E-1
1.041696212E1,3.486635089E-1,-1.923631310E0,1.178435422E-2
1.042698412E1,3.781833053E-1,-2.566038370E0,-3.138057292E-1
1.043700612E1,3.257248700E-1,-3.167550087E0,-5.059924126E-1
1.044702812E1,2.038311660E-1,-3.098380566E0,-5.363130569E-1
1.045705012E1,1.431818679E-2,-2.171874046E0,-6.105894446E-1
1.046707212E1,-1.917540282E-1,-8.356307745E-1,-7.728081942E-1
1.047709413E1,-3.203326464E-1,2.617975175E-1,-8.746162653E-1
1.048711712E1,-2.901553214E-1,8.501095176E-1,-8.737589717E-1
1.049713912E1,-1.576378047E-1,8.716722131E-1,-8.469518423E-1
1.050716112E1,-4.926232621E-2,3.584019542E-1,-8.409038186E-1
1.051718312E1,8.487931639E-2,-4.774666131E-1,-8.850210309E-1
1.052720512E1,2.309678197E-1,-1.334322453E0,-9.650626183E-1
1.053722712E1,3.058472872E-1,-1.755439401E0,-1.003681421E0
1.054724846E1,2.407463044E-1,-1.664635301E0,-1.026069403E0
1.055727146E1,1.171642616E-1,-1.295892358E0,-1.083794475E0
1.056729346E1,2.061188780E-2,-7.911478877E-1,-1.142253041E0
1.057731546E1,-5.515535176E-2,-2.495986819E-1,-1.184825063E0
1.058733746E1,-1.002791524E-1,2.100607902E-1,-1.203028321E0
1.059735946E1,-1.055556238E-1,3.740713298E-1,-1.179967880E0
1.060738146E1,-4.481344670E-2,2.652580142E-1,-1.130091429E0
1.061740346E1,2.378916368E-2,3.542612493E-2,-1.069752932E0
1.062742646E1,9.341324866E-2,-2.452161908E-1,-1.030370951E0
1.063744846E1,1.858668923E-1,-5.840311050E-1,-1.044159412E0
1.064747046E1,2.785171866E-1,-9.455650449E-1,-1.090526938E0
1.065749246E1,3.339741826E-1,-1.252212405E0,-1.132741928E0
1.066751446E1,3.375090063E-1,-1.386671066E0,-1.122049332E0
1.067753646E1,3.072370887E-1,-1.229062915E0,-1.071181178E0
1.068755846E1,2.527447939E-1,-8.230674267E-1,-1.018970728E0
1.069758146E1,1.904707253E-1,-4.130766988E-1,-9.608020782E-1
1.070760346E1,1.283839196E-1,-1.237173453E-1,-9.105562568E-1
1.071762546E1,7.641404867E-2,3.232443333E-2,-8.887597322E-1
1.072764746E1,3.875933960E-2,1.524637826E-2,-8.763094544E-1
1.073766946E1,4.345991090E-2,-1.160735115E-1,-8.711633086E-1
1.074769146E1,1.040968895E-1,-1.868353039E-1,-9.195018411E-1
1.075771346E1,1.730821878E-1,-1.975488067E-1,-9.755308032E-1
1.076773646E1,1.907240301E-1,-2.888331711E-1,-9.688590765E-1
1.077775846E1,2.082039714E-1,-4.524017870E-1,-9.005440474E-1
1.078778046E1,2.196441144E-1,-5.907641649E-1,-7.865918875E-1
1.079780246E1,1.997350156E-1,-6.473904252E-1,-6.981487274E-1
1.080782446E1,1.557851434E-1,-5.686988235E-1,-6.827995777E-1
1.081784646E1,1.116205007E-1,-4.230473638E-1,-7.266626954E-1
1.082786846E1,9.534113109E-2,-3.319720328E-1,-7.550544143E-1
1.083789146E1,1.294010282E-1,-2.928007543E-1,-7.184263468E-1
1.084791346E1,1.431599706E-1,-9.212944657E-2,-6.560012698E-1
1.085793546E1,9.617766738E-2,2.411759496E-1,-6.169079542E-1
1.086795746E1,6.602056324E-2,4.847691655E-1,-5.974231958E-1
1.087797946E1,8.131601661E-2,5.646633506E-1,-6.116198897E-1
1.088800146E1,1.179390103E-1,5.675792098E-1,-6.056554914E-1
1.089802346E1,1.233437508E-1,4.691692293E-1,-5.669373274E-1
1.090804646E1,1.168320552E-1,3.550828695E-1,-5.214289427E-1
1.091806846E1,1.154142544E-1,3.121919334E-1,-4.655180275E-1
1.092809046E1,1.383440793E-1,3.479046524E-1,-4.243218601E-1
1.093811246E1,1.798398048E-1,3.388428390E-1,-4.166323543E-1
1.094813446E1,2.407297790E-1,1.696034968E-1,-4.232465923E-1
1.095815646E1,3.220205903E-1,-1.197317690E-1,-4.426892400E-1
1.096817846E1,3.701167405E-1,-4.611572921E-1,-4.655626118E-1
1.097820046E1,4.206967056E-1,-7.756019235E-1,-4.884689748E-1
1.098822346E1,4.742121398E-1,-9.716175199E-1,-5.035022497E-1
1.099824546E1,5.130952001E-1,-1.052081585E0,-4.914564490E-1
1.100826746E1,5.578416586E-1,-1.108689427E0,-4.273714721E-1
1.101828946E1,5.899491310E-1,-1.156836390E0,-3.246862888E-1
1.102831146E1,5.741507411E-1,-1.103172421E0,-2.201857120E-1
1.103833346E1,5.220763087E-1,-8.510732651E-1,-1.488738358E-1
1.104835546E1,4.611210823E-1,-4.472307265E-1,-1.180759892E-1
1.105837846E1,4.102414548E-1,-8.301021904E-2,-1.187130958E-1
1.106840046E1,3.851275742E-1,1.313268542E-1,-9.617129713E-2
1.107842246E1,3.828272223E-1,2.101407051E-1,-5.990218371E-2
1.108844446E1,3.583458364E-1,2.016066164E-1,-3.267509118E-2
1.109846646E1,3.226862252E-1,1.278910935E-1,-3.721248358E-2
1.110848846E1,3.242646754E-1,3.082126752E-2,-6.650619209E-2
1.111851046E1,3.370383978E-1,-5.176618323E-2,-9.270073473E-2
1.112853346E1,3.408840001E-1,-8.880703151E-2,-1.095247194E-1
1.113855546E1,3.591528237E-1,-9.566345066E-2,-9.422150254E-2
1.114857746E1,3.820064962E-1,-7.238022983E-2,-4.787370563E-2
1.115859946E1,3.943144977E-1,2.485127933E-2,-1.639408758E-3
1.116862146E1,3.734017611E-1,1.380215138E-1,1.131500676E-2
1.117864346E1,3.884421885E-1,1.373405904E-1,-1.582327671E-2
1.118866546E1,4.389828444E-1,-3.713204991E-3,-4.459047690E-2
1.119868846E1,4.801211059E-1,-1.797940731E-1,-1.147508062E-2
1.120871046E1,5.084370971E-1,-3.508009911E-1,8.146578074E-2
1.121873246E1,5.304808617E-1,-5.048142076E-1,1.999994367E-1
1.122875446E1,5.510058403E-1,-5.928103328E-1,2.910156250E-1
1.123877646E1,5.384613872E-1,-5.684900880E-1,3.078298271E-1
1.124879846E1,5.030980110E-1,-4.716112614E-1,2.759656310E-1
1.125882046E1,5.060085654E-1,-2.974445522E-1,2.635749876E-1
1.126884346E1,4.742956758E-1,-6.602329761E-2,2.921544313E-1
1.127886546E1,4.101746082E-1,1.403901279E-1,3.459107876E-1
1.128888746E1,3.279998600E-1,2.535417080E-1,4.313564301E-1
1.129890946E1,2.595745623E-1,3.826013803E-1,5.428351164E-1
1.130893146E1,2.299365252E-1,5.630665421E-1,6.185466647E-1
1.131895346E1,2.444705665E-1,6.919789910E-1,5.583620071E-1
1.132897546E1,2.681447268E-1,7.137090564E-1,3.496420681E-1
1.133899846E1,2.628848553E-1,6.278930902E-1,1.086645722E-1
1.134902046E1,2.612419426E-1,4.376088977E-1,7.963530719E-3
1.135904246E1,3.210479915E-1,1.823243499E-1,1.086092666E-1
1.136906446E1,4.296889901E-1,-6.633073837E-2,3.286031485E-1
1.137908646E1,5.146721601E-1,-1.939753592E-1,5.115661621E-1
1.138910846E1,5.205084682E-1,-1.951535493E-1,5.305459499E-1
1.139913046E1,4.595609903E-1,-1.667055637E-1,4.221997857E-1
1.140915346E1,3.899382353E-1,-1.304223835E-1,2.609807849E-1
1.141917546E1,3.271091878E-1,-6.134573743E-2,1.106050238E-1
1.142919746E1,2.909881771E-1,1.057335362E-1,2.530876733E-2
1.143921946E1,2.477537096E-1,3.153874874E-1,4.814907536E-2
1.144924146E1,2.183494717E-1,5.177968144E-1,1.501486748E-1
1.145926346E1,2.013377398E-1,6.513836980E-1,2.571938336E-1
1.146928546E1,1.785450727E-1,6.681563258E-1,2.918407619E-1
1.147930746E1,1.886468083E-1,5.954039693E-1,2.435218692E-1
1.148933046E1,2.192848921E-1,4.322171807E-1,1.521775872E-1
1.149935246E1,2.549541295E-1,1.677363962E-1,7.757285237E-2
1.150937446E1,2.864846289E-1,-1.474212855E-1,7.562794536E-2
1.151939646E1,3.106352091E-1,-4.307526052E-1,1.294846237E-1
1.152941846E1,3.225621879E-1,-6.378578544E-1,1.797190309E-1
1.153944046E1,3.273090422E-1,-7.715782523E-1,1.806872040E-1
1.154946296E1,3.254376352E-1,-8.984826803E-1,1.543346941E-1
1.155948596E1,3.263436556E-1,-1.021226525E0,1.165286526E-1
1.156950796E1,3.099018335E-1,-1.041078568E0,6.931400299E-2
1.157952996E1,2.809680700E-1,-8.859367967E-1,6.001020595E-2
1.158955196E1,2.344474494E-1,-5.963409543E-1,1.100792289E-1
1.159957396E1,2.011055946E-1,-2.368491292E-1,1.804007739E-1
1.160959596E1,1.374581754E-1,4.747367650E-2,2.376480848E-1
1.161961796E1,7.963211834E-2,1.753019094E-1,2.591647804E-1
1.162964096E1,6.994140893E-2,1.273383796E-1,2.421221137E-1
1.163966296E1,9.203431010E-2,-3.448277339E-2,2.141880691E-1
1.164968496E1,1.170872003E-1,-2.325764149E-1,1.959696412E-1
1.165970696E1,7.345387340E-2,-3.886905313E-1,1.724124700E-1
1.166972896E1,4.453540221E-2,-4.943232238E-1,1.442444921E-1
1.167975096E1,8.677510917E-2,-5.914120674E-1,1.087472737E-1
1.168977296E1,1.621018201E-1,-7.106122375E-1,9.123752266E-2
1.169979596E1,2.099180222E-1,-9.324616194E-1,1.038220301E-1
1.170981796E1,2.127297819E-1,-1.074216485E0,1.139790639E-1
1.171983996E1,1.893475056E-1,-9.743527770E-1,1.274380684E-1
1.172986196E1,7.338389009E-2,-7.661085129E-1,1.310093701E-1
1.173988396E1,-5.185155198E-2,-5.460011363E-1,1.024412438E-1
1.174990596E1,-1.006803438E-1,-3.414741158E-1,4.065111279E-2
1.175992796E1,-1.525863558E-1,-1.213581562E-1,-5.440324545E-2
1.176995096E1,-2.289199978E-1,1.382321417E-1,-1.359684169E-1
1.177997296E1,-2.805929482E-1,3.483476043E-1,-1.353640109E-1
1.178999496E1,-2.773521543E-1,4.286088943E-1,-5.402388424E-2
1.180001696E1,-2.342247069E-1,4.066193700E-1,4.469569772E-2
1.181003896E1,-2.087696791E-1,3.342253268E-1,1.058735698E-1
1.182006096E1,-2.174047828E-1,1.840120554E-1,1.379801184E-1
1.183008296E1,-2.109873593E-1,-4.990483820E-2,1.372687817E-1
1.184010596E1,-1.779965013E-1,-2.722915411E-1,9.471989423E-2
1.185012796E1,-1.615538746E-1,-3.403142691E-1,4.085293785E-2
1.186014996E1,-1.770091653E-1,-1.725660115E-1,-2.353010699E-3
1.187017196E1,-2.372477353E-1,7.865743339E-2,-2.485807054E-4
1.188019396E1,-3.193989992E-1,2.753960192E-1,6.090217084E-2
1.189021596E1,-3.761571050E-1,3.799871504E-1,1.174386814E-1
1.190023796E1,-3.696590960E-1,4.024887979E-1,1.087384298E-1
1.191026096E1,-3.504092395E-1,3.427818120E-1,3.265324980E-2
1.192028296E1,-3.096948266E-1,2.099029720E-1,-5.736191943E-2
1.193030496E1,-2.706310451E-1,1.835804246E-2,-9.979912639E-2
1.194032696E1,-2.377427518E-1,-1.392787844E-1,-8.384575695E-2
1.195034896E1,-2.258045971E-1,-2.325634658E-1,-3.337112814E-2
1.196037096E1,-2.517177463E-1,-2.491481304E-1,-2.221672982E-2
1.197039296E1,-2.794284821E-1,-2.232124060E-1,-5.518453196E-2
1.198041496E1,-3.006352186E-1,-1.640827805E-1,-8.496133983E-2
1.199043796E1,-3.138754070E-1,-8.940058760E-3,-9.718684107E-2
1.200045996E1,-3.131028414E-1,1.805306226E-1,-7.554293424E-2
1.201048196E1,-3.012512624E-1,3.200253844E-1,-5.829093978E-3
1.202050396E1,-3.198352456E-1,3.461579978E-1,5.381876230E-2
1.203052596E1,-3.415565193E-1,2.702783942E-1,5.355910584E-2
1.204054796E1,-3.243412077E-1,1.202713475E-1,-4.595699254E-3
1.205056996E1,-2.863720059E-1,-4.778769240E-2,-5.791058391E-2
1.206059296E1,-2.568218410E-1,-2.198242694E-1,-6.856476516E-2
1.207061496E1,-2.607180476E-1,-3.165276349E-1,-4.568421096E-2
1.208063696E1,-2.901086807E-1,-2.924014330E-1,-5.460161250E-3
1.209065896E1,-3.436121047E-1,-1.543966979E-1,1.558839716E-2
1.210068096E1,-3.740377724E-1,3.864788264E-2,6.532915868E-4
1.211070296E1,-3.863426447E-1,1.448251754E-1,-4.164276645E-2
1.212072496E1,-3.646553755E-1,1.419381052E-1,-7.209230959E-2
1.213074796E1,-3.411572278E-1,9.601056576E-2,-8.620653301E-2
1.214076996E1,-3.431888521E-1,6.641949713E-2,-7.384064049E-2
1.215079196E1,-3.520902097E-1,2.810646221E-2,-3.476167470E-2
1.216081396E1,-3.618336320E-1,-5.093536153E-2,4.117279779E-3
1.217083596E1,-3.613223135E-1,-1.132940799E-1,2.207311243E-2
1.218085796E1,-3.619210124E-1,-1.257228702E-1,5.152786616E-3
1.219087996E1,-3.757542670E-1,-8.885326982E-2,-4.892922938E-3
1.220090296E1,-3.823038638E-1,-3.287151083E-2,3.627038002E-2
1.221092496E1,-4.034323394E-1,3.607799485E-2,9.533715993E-2
1.222094696E1,-4.211618602E-1,8.757047355E-2,1.488022059E-1
1.223096896E1,-4.102583528E-1,7.480834424E-2,1.941502392E-1
1.224099096E1,-3.665790856E-1,7.003453095E-3,2.099405974E-1
1.225101296E1,-3.220150769E-1,-4.689687863E-3,1.990519911E-1
1.226103496E1,-3.073002994E-1,-1.894599572E-2,1.621136367E-1
1.227105796E1,-3.036760092E-1,-1.455039382E-1,1.017344370E-1
1.228107996E1,-2.683443427E-1,-2.698422670E-1,6.774143130E-2
1.229110196E1,-2.343027592E-1,-3.161767423E-1,7.068768889E-2
1.230112396E1,-2.635359466E-1,-3.527544141E-1,9.247399867E-2
1.231114596E1,-2.978699505E-1,-3.834465742E-1,1.102079898E-1
1.232116796E1,-3.053268492E-1,-3.371197581E-1,8.131283522E-2
1.233118996E1,-3.067420423E-1,-1.794214547E-1,3.910625726E-2
1.234121296E1,-3.023284972E-1,-2.380857803E-2,4.791954905E-2
1.235123496E1,-2.910385728E-1,1.200553775E-1,6.493528932E-2
1.236125696E1,-2.997218668E-1,2.665445209E-1,4.655982554E-2
1.237127896E1,-2.984222472E-1,3.356460929E-1,4.042363539E-2
1.238130096E1,-2.727346122E-1,2.438085526E-1,7.195023447E-2
1.239132296E1,-2.141562551E-1,5.147496704E-3,1.109122783E-1
1.240134496E1,-1.068916991E-1,-2.730702460E-1,1.618043929E-1
1.241136796E1,-4.122000933E-2,-4.453906119E-1,1.921788156E-1
1.242138996E1,-8.596561104E-2,-4.344650805E-1,1.713633984E-1
1.243141196E1,-1.464569271E-1,-3.123554289E-1,1.487710178E-1
1.244143396E1,-1.601500809E-1,-1.967999339E-1,1.521507651E-1
1.245145596E1,-1.590336859E-1,-7.669430971E-2,1.482313871E-1
1.246147796E1,-1.653096974E-1,3.103971481E-2,1.375716031E-1
1.247149996E1,-1.688085496E-1,7.884478569E-2,1.287727803E-1
1.248152296E1,-1.652962863E-1,7.039968669E-2,1.008422151E-1
1.249154496E1,-1.211317405E-1,-4.006903153E-3,7.035993785E-2
1.250156696E1,-6.577332318E-2,-1.600701213E-1,6.829375774E-2
1.251158896E1,-2.051822841E-2,-3.686179817E-1,9.630648047E-2
1.252161096E1,3.834471339E-3,-5.266799331E-1,1.208692417E-1
1.253163296E1,1.058531832E-2,-5.246620774E-1,1.417137980E-1
1.254165496E1,-3.185954317E-2,-3.474110067E-1,1.540104002E-1
1.255167787E1,-8.084252477E-2,-1.368828267E-1,1.849107891E-1
1.256169987E1,-9.431981295E-2,-4.747283459E-2,2.213251442E-1
1.257172187E1,-7.644094527E-2,-5.199088529E-2,1.909083724E-1
1.258174387E1,-5.278372765E-2,-3.431532905E-2,1.088315174E-1
1.259176587E1,-2.068224922E-2,2.840770781E-2,7.448792458E-2
1.260178787E1,-5.302902777E-3,1.377093792E-2,1.095793098E-1
1.261180988E1,-1.380104944E-2,-6.719448417E-2,1.580073088E-1
1.262183187E1,-6.469355430E-3,-1.458847970E-1,2.146276832E-1
1.263185487E1,-2.598983236E-3,-1.971775442E-1,2.625502050E-1
1.264187687E1,-5.726878066E-3,-1.706015766E-1,2.645798028E-1
1.265189887E1,-1.168303750E-2,-6.494598091E-2,2.522232831E-1
1.266192087E1,-3.415068239E-2,1.284434348E-1,2.567784488E-1
1.267194287E1,-6.685962528E-2,3.615736365E-1,2.925031483E-1
1.268196487E1,-7.332213223E-2,5.093643665E-1,3.755453229E-1
1.269198687E1,-4.743593931E-2,5.422616005E-1,4.912256002E-1
1.270200987E1,-2.012487873E-2,4.415366352E-1,5.789988041E-1
1.271203187E1,9.387473576E-3,2.123242170E-1,6.179491878E-1
1.272205387E1,5.273398012E-2,-6.239772961E-2,6.240026951E-1
1.273207587E1,6.772757322E-2,-2.903310359E-1,6.105468273E-1
1.274209787E1,6.177691370E-2,-4.075190425E-1,6.108353138E-1
1.275211987E1,6.500785798E-2,-3.878968656E-1,6.530043483E-1
1.276214187E1,7.058012486E-2,-2.089160234E-1,6.990700364E-1
1.277216487E1,2.858154289E-2,7.888646424E-2,7.109892964E-1
1.278218688E1,-1.571959071E-2,3.016005754E-1,7.686781287E-1
1.279220887E1,-1.443861052E-2,3.291334212E-1,8.754187226E-1
1.280223088E1,9.194259532E-3,3.026680350E-1,9.499327540E-1
1.281225287E1,-3.565477673E-3,3.096324503E-1,9.437518120E-1
1.282227487E1,-7.873008400E-2,3.490602374E-1,8.748111129E-1
1.283229687E1,-1.375872791E-1,4.514191151E-1,8.125528097E-1
1.284231987E1,-1.279263943E-1,6.339976788E-1,7.788552642E-1
1.285234187E1,-1.379412115E-1,8.739492893E-1,7.413433194E-1
1.286236387E1,-2.018495351E-1,1.111190319E0,7.119847536E-1
1.287238587E1,-2.676421404E-1,1.338385463E0,7.546158433E-1
1.288240787E1,-3.258259296E-1,1.558868647E0,8.761516213E-1
1.289242987E1,-3.568490744E-1,1.828709960E0,1.024513364E0
1.290245187E1,-3.453062475E-1,2.196992159E0,1.160894156E0
1.291247487E1,-3.785105348E-1,2.531283855E0,1.234373450E0
1.292249687E1,-4.780909419E-1,2.580355644E0,1.169450164E0
1.293251887E1,-5.589008331E-1,2.275321007E0,1.048432708E0
1.294254087E1,-5.067175031E-1,1.858621478E0,9.624071717E-1
1.295256287E1,-3.410677910E-1,1.505991459E0,9.562669396E-1
1.296258487E1,-2.114188671E-1,1.276516676E0,9.941844940E-1
1.297260688E1,-2.532454133E-1,1.215611458E0,9.734861851E-1
1.298262987E1,-3.188360035E-1,1.192169905E0,8.249533176E-1
1.299265187E1,-2.879603803E-1,8.851681948E-1,6.863741279E-1
1.300267387E1,-2.545487583E-1,4.630570710E-1,6.758647561E-1
1.301269587E1,-2.685071826E-1,4.021734893E-1,7.311367989E-1
1.302271787E1,-3.181041479E-1,8.189530373E-1,7.869207859E-1
1.303273987E1,-3.653725982E-1,1.310463905E0,7.890436053E-1
1.304276187E1,-3.377067447E-1,1.392718792E0,7.136955857E-1
1.305278487E1,-1.808587909E-1,1.038958311E0,5.967984796E-1
1.306280687E1,-4.618603736E-2,4.033562243E-1,4.247799814E-1
1.307282887E1,-3.500768542E-2,-2.771506608E-1,2.606725097E-1
1.308285087E1,-1.064847484E-1,-8.096567988E-1,2.266133577E-1
1.309287287E1,-8.370060474E-2,-9.287610650E-1,3.109609783E-1
1.310289487E1,2.098651370E-3,-5.832774043E-1,3.551850021E-1
1.311291687E1,-7.134262007E-3,1.630966663E-1,2.986676693E-1
1.312293988E1,-1.295360178E-1,1.085862398E0,2.358362079E-1
1.313296187E1,-2.634533346E-1,1.796795607E0,2.947663665E-1
1.314298388E1,-3.325817287E-1,2.174629450E0,4.265305996E-1
1.315300587E1,-4.105902612E-1,2.440620661E0,4.527712464E-1
1.316302788E1,-5.292356014E-1,2.741804600E0,3.244477510E-1
1.317304987E1,-5.021762848E-1,3.150531530E0,1.328013539E-1
1.318307187E1,-4.410708249E-1,3.306016922E0,4.676644504E-2
1.319309487E1,-4.621947408E-1,2.973768950E0,2.456074022E-2
1.320311687E1,-4.255298972E-1,2.338458061E0,-2.452132851E-2
1.321313887E1,-3.519504964E-1,1.732618093E0,-1.202316135E-1
1.322316087E1,-3.679367900E-1,1.467916965E0,-2.177072614E-1
1.323318287E1,-5.045614839E-1,1.442158341E0,-2.678702772E-1
1.324320487E1,-5.717045665E-1,1.570012808E0,-2.536626160E-1
1.325322687E1,-6.093909144E-1,1.865775943E0,-1.978542060E-1
1.326324987E1,-4.872220159E-1,2.578743935E0,-1.155451164E-1
1.327327187E1,-5.466325879E-1,2.686009884E0,1.475829072E-2
1.328329387E1,-6.211193204E-1,2.156260490E0,-6.293573231E-2
1.329331587E1,-4.652279317E-1,1.474269867E0,-1.731953919E-1
1.330333787E1,-4.324099720E-1,6.924939752E-1,-2.388906628E-1
1.331335987E1,-3.869066834E-1,-5.710175633E-2,-1.614502072E-1
1.332338187E1,-2.082841843E-1,-3.711381257E-1,-2.612093836E-2
1.333340487E1,-2.490097731E-1,-7.031037658E-2,-5.527615920E-2
1.334342687E1,-4.315532148E-1,6.321139932E-1,-1.642106473E-1
1.335344887E1,-5.618811846E-1,1.173225760E0,-1.474732012E-1
1.336347087E1,-6.554403305E-1,1.483281732E0,-6.565278769E-2
1.337349287E1,-6.227447391E-1,1.684504628E0,-1.953243092E-2
1.338351487E1,-5.283002853E-1,1.716750145E0,-3.367266804E-2
1.339353687E1,-4.211194813E-1,1.341266513E0,-6.910975277E-2
1.340355887E1,-3.638372421E-1,5.843903422E-1,-1.072316542E-1
1.341358187E1,-2.807000279E-1,2.054617181E-2,-5.353141204E-2
1.342360387E1,-1.765017807E-1,-5.806156248E-2,9.038975090E-2
1.343362587E1,-2.690458298E-1,1.049760953E-1,1.358203590E-1
1.344364787E1,-2.643078268E-1,3.694266081E-1,1.813556999E-1
1.345366987E1,-1.270855218E-1,3.061578870E-1,2.349001467E-1
1.346369187E1,-1.017930657E-1,-5.168421566E-2,1.701959521E-1
1.347371387E1,-1.506967098E-1,-4.184179902E-1,1.027846858E-1
1.348373688E1,-1.246200576E-1,-6.908183098E-1,9.608995914E-2
1.349375887E1,-1.635411084E-1,-8.201209307E-1,4.243524745E-2
1.350378088E1,-1.689016819E-1,-7.179676890E-1,1.245915331E-2
1.351380287E1,-6.794178486E-2,-8.867154121E-1,1.379145533E-1
1.352382487E1,-1.350036636E-2,-1.363592863E0,2.282465547E-1
1.353384687E1,-5.095826089E-2,-1.465708852E0,1.754283458E-1
1.354386987E1,-1.454258263E-1,-1.251604557E0,7.888282090E-2
1.355389183E1,-1.789166629E-1,-1.049979925E0,2.604485489E-4
1.356391383E1,-2.008334696E-1,-7.721289992E-1,-7.426343858E-2
1.357393583E1,-1.438601911E-1,-2.106462121E-1,-1.551993042E-1
1.358395783E1,-8.071987331E-2,2.321941704E-1,-1.826560795E-1
1.359397983E1,-1.633660197E-1,4.628215134E-1,-2.524383664E-1
1.360400183E1,-2.558213174E-1,7.685535550E-1,-3.566414714E-1
1.361402383E1,-2.606813014E-1,1.019745588E0,-3.859184086E-1
1.362404683E1,-3.100934923E-1,1.156174421E0,-4.025613368E-1
1.363406883E1,-3.523224294E-1,1.490767598E0,-3.962847888E-1
1.364409083E1,-3.734380603E-1,1.938870430E0,-2.951398790E-1
1.365411283E1,-5.057036877E-1,2.372499943E0,-2.225285172E-1
1.366413483E1,-6.640686989E-1,2.778275728E0,-2.349999994E-1
1.367415683E1,-6.621747017E-1,2.973163366E0,-2.762691379E-1
1.368417883E1,-5.964494348E-1,2.823421478E0,-3.879239261E-1
1.369420183E1,-5.802672505E-1,2.547762394E0,-5.150864124E-1
1.370422383E1,-4.476449788E-1,2.294553757E0,-5.081133842E-1
1.371424583E1,-2.617142498E-1,1.976548433E0,-2.949638367E-1
1.372426783E1,-2.898406684E-1,1.781705499E0,-1.587480307E-2
1.373428983E1,-4.616758227E-1,1.721464038E0,3.451766074E-1
1.374431183E1,-4.766995609E-1,1.447631478E0,8.849292397E-1
1.375433383E1,-2.087900937E-1,8.337534070E-1,1.321704984E0
1.376435683E1,1.697357744E-1,-2.592701018E-1,1.293698907E0
1.377437883E1,7.620875239E-1,-1.829971552E0,8.041740060E-1
1.378440083E1,1.257463694E0,-3.628260136E0,2.563660741E-1
1.379442283E1,1.460907459E0,-5.383324623E0,-4.473251104E-2
1.380444483E1,1.634938598E0,-6.851553917E0,-3.570568189E-2
1.381446683E1,1.871948004E0,-7.871580601E0,2.092041969E-1
1.382448883E1,2.087993145E0,-8.238628387E0,4.996834695E-1
1.383451183E1,2.235989332E0,-7.879094124E0,5.808528662E-1
1.384453383E1,2.258280516E0,-6.925208092E0,4.032408893E-1
1.385455583E1,2.221555471E0,-5.330195904E0,6.271847337E-2
1.386457783E1,2.390109777E0,-3.144258976E0,-3.097171485E-1
1.387459983E1,2.371606112E0,-1.263841867E0,-6.056667566E-1
1.388462183E1,1.961958528E0,-9.455618262E-2,-9.241603017E-1
1.389464483E1,1.784309506E0,7.775664926E-1,-1.355714202E0
1.390466683E1,1.911790729E0,1.335733414E0,-1.740424275E0
1.391468883E1,2.205796480E0,1.590824604E0,-1.863577127E0
1.392471083E1,2.616995096E0,1.701865077E0,-1.693898797E0
1.393473283E1,2.949227333E0,1.601909161E0,-1.376616478E0
1.394475483E1,3.031524658E0,1.114241481E0,-1.096050024E0
1.395477683E1,2.937149763E0,2.423920780E-1,-9.208750129E-1
1.396479983E1,1.991597772E0,-8.715382814E-1,-9.078437686E-1
1.397482183E1,2.078323364E0,-1.894713879E0,-1.080357671E0
1.398484383E1,2.267393351E0,-2.454410315E0,-9.829395413E-1
1.399486583E1,2.523275614E0,-2.140455484E0,-5.306058526E-1
1.400488783E1,2.678579569E0,-1.480424643E0,-8.507307619E-2
1.401490983E1,2.682272911E0,-5.926407576E-1,8.837034553E-2
1.402493183E1,2.569677830E0,6.885436773E-1,-4.312269762E-2
1.403495483E1,2.492594719E0,2.347794533E0,-4.952044189E-1
1.404497683E1,2.487848997E0,3.618285418E0,-1.141145706E0
1.405499883E1,2.622345209E0,4.305369377E0,-1.718099236E0
1.406502083E1,2.739407539E0,5.037288189E0,-1.996667147E0
1.407504283E1,2.780282259E0,6.058375359E0,-1.886483312E0
1.408506483E1,2.842137814E0,6.920549393E0,-1.651461959E0
1.409508683E1,3.036806822E0,6.940832615E0,-1.637082815E0
1.410510983E1,3.554846525E0,5.343319416E0,-1.614067793E0
1.411513183E1,4.448596001E0,2.945465326E0,-1.654659510E0
1.412515383E1,5.597190380E0,1.250282645E0,-2.034160137E0
1.413517583E1,6.724018097E0,9.381838441E-1,-2.824292660E0
1.414519783E1,7.649084091E0,1.428049445E0,-3.669151068E0
1.415521983E1,8.259737015E0,1.833763838E0,-4.069547653E0
1.416524183E1,8.947912216E0,2.156894207E0,-4.197827816E0
1.417526483E1,1.008137512E1,2.188683510E0,-4.416589260E0
1.418528683E1,1.095534992E1,1.681532383E0,-4.536508560E0
1.419530883E1,1.081027985E1,1.425074458E0,-4.408306599E0
1.420533083E1,1.037635231E1,1.015030265E0,-4.201623917E0
1.421535283E1,1.042447758E1,8.250675201E-1,-3.876685619E0
1.422537483E1,1.015260220E1,1.087265730E0,-3.200494766E0
1.423539783E1,1.089386654E1,1.332203031E0,-1.647993565E0
1.424541983E1,1.064406681E1,2.957823873E-1,-5.196437836E-1
1.425544183E1,8.976060867E0,6.062347889E-1,-8.732644320E-1
1.426546383E1,7.663030624E0,4.362357259E-1,-2.172584534E0
1.427548583E1,6.420397758E0,-2.114584446E0,-3.478779793E0
1.428550783E1,5.104825974E0,-5.139328003E0,-4.239340782E0
1.429552983E1,4.533704281E0,-4.387611389E0,-5.052618980E0
1.430555283E1,3.376288891E0,-1.678557277E0,-5.637452602E0
1.431557483E1,2.457923889E0,1.362331152E0,-5.853082657E0
1.432559683E1,2.301518440E0,3.816389322E0,-5.573755741E0
1.433561883E1,2.059624910E0,4.676550865E0,-4.864266872E0
1.434564083E1,2.024096012E0,4.470601559E0,-3.740304470E0
1.435566283E1,1.939639807E0,4.183139801E0,-2.457648516E0
1.436568483E1,1.808804393E0,4.116343021E0,-1.605439186E0
1.437570783E1,1.716882706E0,4.013955116E0,-1.064507723E0
1.438572983E1,1.661866784E0,3.664403915E0,-5.409271121E-1
1.439575183E1,1.683359861E0,3.081912041E0,-8.776414208E-3
1.440577383E1,1.591270208E0,2.672841072E0,2.832880318E-1
1.441579583E1,1.324634790E0,2.607047558E0,1.092067882E-1
1.442581783E1,7.812704444E-1,2.321672916E0,-3.938313723E-1
1.443584083E1,-5.117868539E-3,1.422304153E0,-8.464201689E-1
1.444586283E1,-7.472377419E-1,5.287288427E-1,-1.086407423E0
1.445588483E1,-1.239957690E0,1.196145490E-1,-1.165583253E0
1.446590683E1,-1.449840903E0,-1.353370100E-1,-1.075379729E0
1.447592883E1,-1.546524525E0,-3.294194043E-1,-8.903906345E-1
1.448595083E1,-1.693297148E0,-3.018869460E-1,-7.249284387E-1
1.449597283E1,-1.859985709E0,6.033347920E-3,-6.412225962E-1
1.450599583E1,-1.969897866E0,5.202738643E-1,-6.169810295E-1
1.451601783E1,-1.950623274E0,1.146503806E0,-6.046673656E-1
1.452603983E1,-1.805050850E0,1.742211699E0,-5.795561075E-1
1.453606183E1,-1.615814805E0,2.194897413E0,-5.232523680E-1
1.454608350E1,-1.452876687E0,2.509292126E0,-4.470558167E-1
1.455610550E1,-1.360554934E0,2.708310604E0,-3.399328291E-1
1.456612750E1,-1.319354653E0,2.804458618E0,-2.291352451E-1
1.457615050E1,-1.327009916E0,2.768369675E0,-1.419510692E-1
1.458617250E1,-1.398613095E0,2.611293077E0,-1.116224825E-1
1.459619450E1,-1.506954193E0,2.366128922E0,-1.315993816E-1
1.460621650E1,-1.599544644E0,2.099679708E0,-1.885309964E-1
1.461623850E1,-1.626181126E0,1.849628925E0,-2.742123306E-1
1.462626050E1,-1.584496737E0,1.643791080E0,-3.791770935E-1
1.463628250E1,-1.485095620E0,1.447621822E0,-4.777955413E-1
1.464630550E1,-1.369949341E0,1.291263938E0,-5.778552294E-1
1.465632750E1,-1.278461218E0,1.156555653E0,-6.640747786E-1
1.466634950E1,-1.197205782E0,1.037494063E0,-7.323089838E-1
1.467637150E1,-1.142399192E0,9.598852992E-1,-7.557480335E-1
1.468639350E1,-1.132140875E0,9.725274444E-1,-7.056080699E-1
1.469641550E1,-1.121123314E0,1.091939926E0,-5.609629750E-1
1.470643850E1,-1.095081329E0,1.292043924E0,-3.506368697E-1
1.471646050E1,-1.035284519E0,1.536801696E0,-9.689141065E-2
1.472648250E1,-9.989261627E-1,1.779154778E0,1.913159937E-1
1.473650450E1,-9.489700794E-1,1.960209727E0,5.027951002E-1
1.474652650E1,-8.870031238E-1,2.072339058E0,8.079757094E-1
1.475654850E1,-8.550713062E-1,2.071354628E0,1.090558052E0
1.476657050E1,-7.994810343E-1,1.921916246E0,1.338024378E0
1.477659350E1,-7.338335514E-1,1.714516878E0,1.555934072E0
1.478661550E1,-6.981913447E-1,1.524514556E0,1.783833861E0
1.479663750E1,-7.190670967E-1,1.424402356E0,2.018014908E0
1.480665950E1,-7.461299896E-1,1.395858765E0,2.269801140E0
1.481668150E1,-8.695885539E-1,1.371486902E0,2.481330872E0
1.482670350E1,-1.072969675E0,1.419326186E0,2.601895571E0
1.483672550E1,-1.197136879E0,1.499295592E0,2.609532356E0
1.484674850E1,-1.152542114E0,1.499583006E0,2.504948139E0
1.485677050E1,-8.813353777E-1,1.371008277E0,2.291465521E0
1.486679250E1,-4.038987458E-1,1.185967088E0,2.036863565E0
1.487681450E1,9.921126813E-2,9.631335139E-1,1.815767288E0
1.488683650E1,4.648067355E-1,7.158116698E-1,1.645770311E0
1.489685850E1,5.391451716E-1,7.230905890E-1,1.410595775E0
1.490688050E1,3.516204059E-1,1.318971157E0,1.121134877E0
1.491690350E1,-7.288827002E-2,2.461551189E0,9.285634160E-1
1.492692550E1,-4.847674370E-1,3.703666210E0,1.012174487E0
1.493694750E1,-5.734075904E-1,4.558034420E0,1.216508627E0
1.494696950E1,-3.175864518E-1,4.896784306E0,1.400381923E0
1.495699150E1,2.301052958E-2,4.878980160E0,1.526120901E0
1.496701350E1,2.279864103E-1,4.596085072E0,1.573409677E0
1.497703650E1,2.722547948E-1,4.139951706E0,1.551420331E0
1.498705850E1,1.660124213E-1,3.716419220E0,1.499434710E0
1.499708050E1,4.162522778E-2,3.467770815E0,1.460181832E0
1.500710250E1,-9.744750708E-2,3.433579206E0,1.426334620E0
1.501712450E1,-2.451221794E-1,3.531416416E0,1.356042385E0
1.502714650E1,-3.558158875E-1,3.635980606E0,1.245386958E0
1.503716850E1,-3.616655469E-1,3.682693720E0,1.160103202E0
1.504719150E1,-2.984157801E-1,3.676892996E0,1.139204979E0
1.505721350E1,-2.335361093E-1,3.649669647E0,1.184465408E0
1.506723550E1,-1.700125337E-1,3.645471573E0,1.272775054E0
1.507725750E1,-1.102794409E-1,3.668968439E0,1.370461702E0
1.508727950E1,-4.708946869E-2,3.693670511E0,1.419335723E0
1.509730150E1,1.868901215E-2,3.732220173E0,1.401406765E0
1.510732350E1,5.710222200E-2,3.791556358E0,1.330398440E0
1.511734650E1,3.768324852E-2,3.865593672E0,1.234858036E0
1.512736850E1,1.087110862E-2,3.950860977E0,1.143733621E0
1.513739050E1,-2.431111224E-2,4.056394100E0,1.073677540E0
1.514741250E1,-4.220198095E-2,4.138628960E0,1.040209651E0
1.515743450E1,-2.437531203E-2,4.169895649E0,1.059296250E0
1.516745650E1,3.802619502E-2,4.082910061E0,1.137107849E0
1.517747950E1,1.181079820E-1,3.886711597E0,1.245422363E0
1.518750150E1,1.661447585E-1,3.663640022E0,1.315574646E0
1.519752350E1,1.600405276E-1,3.507666588E0,1.315712333E0
1.520754550E1,1.077160686E-1,3.433239937E0,1.245339751E0
1.521756750E1,2.580922283E-2,3.390444994E0,1.136875033E0
1.522758950E1,-7.330089062E-2,3.310386896E0,1.025346994E0
1.523761150E1,-1.968100518E-1,3.182834148E0,9.301342368E-1
1.524763450E1,-2.680074871E-1,2.982432127E0,8.845133185E-1
1.525765650E1,-2.849014997E-1,2.742926598E0,8.999702930E-1
1.526767850E1,-2.477442771E-1,2.493566275E0,9.780495763E-1
1.527770050E1,-1.908090860E-1,2.247473955E0,1.087896466E0
1.528772250E1,-1.601188481E-1,2.031774521E0,1.190616369E0
1.529774450E1,-1.620027721E-1,1.880862594E0,1.262645245E0
1.530776650E1,-1.649899483E-1,1.789254308E0,1.315160871E0
1.531778950E1,-1.673774719E-1,1.750425696E0,1.347836018E0
1.532781150E1,-1.498077065E-1,1.767899275E0,1.364005446E0
1.533783350E1,-1.421529800E-1,1.843863010E0,1.361653328E0
1.534785550E1,-1.245189458E-1,1.986275434E0,1.342679977E0
1.535787750E1,-1.245855242E-1,2.234064341E0,1.268606782E0
1.536789950E1,-1.834162474E-1,2.624393940E0,1.085640907E0
1.537792150E1,-3.044745028E-1,3.071148872E0,8.011754155E-1
1.538794450E1,-3.895747960E-1,3.384840250E0,5.149041414E-1
1.539796650E1,-3.798982203E-1,3.457530022E0,3.112783432E-1
1.540798850E1,-2.750458419E-1,3.256905317E0,2.123472542E-1
1.541801050E1,-1.376610845E-1,2.777724504E0,2.092880905E-1
1.542803250E1,-2.816337626E-3,2.116328001E0,2.943218052E-1
1.543805450E1,1.076617017E-1,1.431784272E0,4.111965001E-1
1.544807750E1,1.818875074E-1,8.802106977E-1,4.788241982E-1
1.545809950E1,1.701253802E-1,5.355627537E-1,4.624217749E-1
1.546812150E1,8.345004171E-2,4.411239922E-1,3.636513650E-1
1.547814350E1,-1.833730936E-2,5.588772297E-1,2.194510400E-1
1.548816550E1,-8.578425646E-2,8.203961849E-1,9.635388851E-2
1.549818750E1,-1.058072373E-1,1.104653716E0,2.350577712E-2
1.550820950E1,-9.397809952E-2,1.246198297E0,1.044205017E-2
1.551823250E1,-4.502040520E-2,1.160984278E0,4.881554097E-2
1.552825450E1,2.595984936E-2,8.616967797E-1,1.423482746E-1
1.553827650E1,9.542521089E-2,4.553828239E-1,2.645088136E-1
1.554829883E1,1.272999346E-1,1.087081060E-1,3.565151095E-1
1.555832083E1,1.047160625E-1,-5.491650477E-2,3.817940950E-1
1.556834283E1,2.503759786E-2,-6.553662941E-3,3.367182910E-1
1.557836483E1,-6.578711420E-2,2.074507624E-1,2.391624302E-1
1.558838783E1,-9.813858569E-2,5.043408275E-1,1.272518635E-1
1.559840983E1,-6.529035419E-2,7.972677946E-1,2.291905694E-2
1.560843183E1,8.811952546E-3,1.014019608E0,-5.923515931E-2
1.561845383E1,7.601682097E-2,1.115487576E0,-1.138627231E-1
1.562847583E1,9.287554026E-2,1.111427903E0,-1.250092834E-1
1.563849783E1,2.672422118E-2,1.022816181E0,-9.396854043E-2
1.564852083E1,-4.689214006E-2,8.813804388E-1,-3.560990840E-2
1.565854283E1,-9.598325193E-2,7.335669994E-1,2.203927375E-2
1.566856483E1,-1.151978746E-1,6.255419254E-1,4.305898771E-2
1.567858683E1,-1.149856225E-1,5.844981074E-1,1.578448899E-2
1.568860883E1,-8.673567325E-2,6.256257296E-1,-5.398152769E-2
1.569863083E1,-2.543476969E-2,7.519519925E-1,-1.413451880E-1
1.570865283E1,-1.019689254E-3,8.610974550E-1,-2.254809141E-1
1.571867583E1,1.278618583E-3,8.878526092E-1,-2.779313326E-1
1.572869783E1,-4.448742140E-3,8.071760535E-1,-2.595085502E-1
1.573871983E1,-3.299223632E-2,6.410166621E-1,-2.040151656E-1
1.574874183E1,-5.026600882E-2,4.583637118E-1,-1.474239379E-1
1.575876383E1,5.459169671E-2,3.102333546E-1,1.524336189E-1
1.576878583E1,1.315410435E-1,4.068043232E-1,7.366360426E-1
1.577880783E1,1.151223779E-1,1.260459900E0,8.312813044E-1
1.578883083E1,1.350099780E-2,1.644947290E0,4.964388907E-1
1.579885283E1,-5.369907618E-2,1.679670930E0,8.216211200E-2
1.580887483E1,1.026721764E-2,1.286203146E0,-1.686212122E-1
1.581889683E1,7.189196348E-2,8.685188890E-1,-3.538472354E-1
1.582891883E1,4.397832975E-2,6.419574618E-1,-4.936726093E-1
1.583894083E1,7.641456276E-2,3.407377005E-1,-3.416234255E-1
1.584896283E1,1.742724329E-1,1.227296740E-1,4.018929303E-1
1.585898583E1,1.665018648E-1,4.088983238E-1,4.342386425E-1
1.586900783E1,1.639397591E-1,1.425409168E-1,-1.050148979E-1
1.587902983E1,1.413212568E-1,3.356150389E-1,-4.626611769E-1
1.588905183E1,1.051638722E-1,4.410877228E-1,-5.152461529E-1
1.589907383E1,-6.800216157E-3,1.524945498E-1,-4.237620234E-1
1.590909583E1,-9.866514057E-2,-6.964734942E-2,-3.791711926E-1
1.591911883E1,-7.678434253E-2,-4.188629612E-2,-3.301429152E-1
1.592914083E1,4.348757863E-2,1.295995712E-1,-1.923466474E-1
1.593916283E1,1.824108511E-1,2.534802258E-1,1.531474758E-3
1.594918483E1,2.557233274E-1,2.410110086E-1,1.334835291E-1
1.595920683E1,2.310736328E-1,1.744530201E-1,1.588725001E-1
1.596922883E1,1.524161100E-1,1.064631790E-1,9.660135210E-2
1.597925083E1,8.970052749E-2,6.239185110E-2,3.078877926E-2
1.598927383E1,8.392671496E-2,2.110894211E-2,-7.764120121E-3
1.599929583E1,9.690856189E-2,9.233906865E-3,-5.372388661E-2
1.600931783E1,1.240340695E-1,2.599772811E-2,-9.003991634E-2
1.601933983E1,1.422588825E-1,5.944356695E-2,-8.921699971E-2
1.602936183E1,1.607463658E-1,8.859547973E-2,-8.249820769E-2
1.603938383E1,1.637893021E-1,9.041734785E-2,-1.001815945E-1
1.604940683E1,1.524428576E-1,6.852575392E-2,-1.132698134E-1
1.605942883E1,1.155527532E-1,6.419997662E-2,-9.189794958E-2
1.606945083E1,8.618282527E-2,4.872075841E-2,-4.134422541E-2
1.607947283E1,6.253368407E-2,3.935601935E-2,5.447248463E-3
1.608949483E1,1.899479888E-2,4.451652244E-2,6.141515821E-2
1.609951683E1,-2.267648093E-2,6.180257350E-2,1.225387082E-1
1.610953883E1,-7.491583377E-2,1.153409183E-1,1.569591612E-1
1.611956183E1,-1.039549410E-1,2.255606353E-1,1.523087472E-1
1.612958383E1,-1.270162463E-1,4.145234525E-1,1.278151125E-1
1.613960583E1,-1.328887790E-1,5.775565505E-1,1.134942248E-1
1.614962783E1,-1.242530495E-1,7.109317780E-1,1.174363345E-1
1.615964983E1,-5.836129189E-1,9.120414257E-1,2.182524204E-1
1.616967183E1,-3.444839716E-1,5.002805591E-1,3.619250357E-1
1.617969383E1,-2.780876458E-1,5.822244287E-1,2.718190849E-1
1.618971683E1,-2.522456944E-1,5.134797692E-1,1.285659522E-1
1.619973883E1,-2.450154722E-1,5.333592296E-1,4.468915239E-2
1.620976083E1,-2.216421962E-1,5.632283688E-1,-1.296449751E-1
1.621978283E1,-1.784971207E-1,5.487202406E-1,-2.567592561E-1
1.622980483E1,-1.467417777E-1,4.786902368E-1,-2.751782835E-1
1.623982683E1,-8.531915396E-2,3.220785260E-1,-2.060040087E-1
1.624984983E1,-1.785514131E-2,1.365863681E-1,-1.081079394E-1
1.625987183E1,4.604687914E-2,-2.811415307E-2,-1.194758248E-2
1.626989383E1,1.232609302E-1,-1.342619359E-1,3.225469962E-2
1.627991583E1,1.971244961E-1,-1.995581239E-1,1.371350326E-2
1.628993783E1,1.417751461E-1,-2.099218667E-1,-2.481684787E-3
1.629995983E1,3.518345580E-2,-1.883017868E-1,-8.013868704E-3
1.630998183E1,-9.060841799E-2,-1.361641288E-1,-1.871129498E-2